image_id,filename,width,height,format,file_size,sha1,raw_id,source_title,source_url,author,license,genus,group,orig_width,orig_height
1,tree_0001.jpg,512,512,JPEG,119400,8fd8a166beb846cd7cbc9f161eb7be8b488fe316,3,File:20110714Populus alba1.jpg,https://commons.wikimedia.org/wiki/File:20110714Populus_alba1.jpg,AnRo0002,CC0,Populus,broadleaf,1500,1125
2,tree_0002.jpg,512,512,JPEG,98333,fa8d0c735ddd4fe1fdc24a8b3a2f4b798de15f26,4,File:20110716Populus alba.jpg,https://commons.wikimedia.org/wiki/File:20110716Populus_alba.jpg,AnRo0002,CC0,Populus,broadleaf,1500,1125
3,tree_0003.jpg,512,512,JPEG,116055,b448c1b301dd953fa6f509a557aaf137ec3fddad,5,File:20110802Walnussbaum Plankstadt1.jpg,https://commons.wikimedia.org/wiki/File:20110802Walnussbaum_Plankstadt1.jpg,AnRo0002,CC0,Juglans,broadleaf,1500,1125
4,tree_0004.jpg,512,512,JPEG,159107,58361010f9da5b2faaeeb40935a983df2d61a131,6,File:20110802Walnussbaum Plankstadt2.jpg,https://commons.wikimedia.org/wiki/File:20110802Walnussbaum_Plankstadt2.jpg,AnRo0002,CC0,Juglans,broadleaf,1750,1313
5,tree_0005.jpg,512,512,JPEG,101987,c018acbf020ca11de495f375e1b79d51c79f8258,7,File:20110802Walnussbaum Plankstadt4.jpg,https://commons.wikimedia.org/wiki/File:20110802Walnussbaum_Plankstadt4.jpg,AnRo0002,CC0,Juglans,broadleaf,1500,1125
6,tree_0006.jpg,512,512,JPEG,111636,69608e644814c39e355783131808c20b05755e35,8,File:20111028Populus alba1.jpg,https://commons.wikimedia.org/wiki/File:20111028Populus_alba1.jpg,AnRo0002,CC0,Populus,broadleaf,2500,1875
7,tree_0007.jpg,512,512,JPEG,112291,8ce82aac2f80def4231feffed20cd2192acb30ec,9,File:20111028Populus alba2.jpg,https://commons.wikimedia.org/wiki/File:20111028Populus_alba2.jpg,AnRo0002,CC0,Populus,broadleaf,2500,1875
8,tree_0008.jpg,512,512,JPEG,126503,caedaf7f419d07a41eb4d486dde67dde9aac1138,10,File:20111028Populus alba3.jpg,https://commons.wikimedia.org/wiki/File:20111028Populus_alba3.jpg,AnRo0002,CC0,Populus,broadleaf,2500,1875
9,tree_0009.jpg,512,512,JPEG,123217,519ab5fa05c59c597236f831e7012e49183c0a8e,11,File:20111028Populus × canadensis.jpg,https://commons.wikimedia.org/wiki/File:20111028Populus_%C3%97_canadensis.jpg,AnRo0002,CC0,Populus,broadleaf,2500,1875
10,tree_0010.jpg,512,512,JPEG,111450,da1e62b9597db5879fdaa3eff4de0690f05a1cb8,13,"File:2012-04-22 19-34-32 Switzerland Kanton Schaffhausen Dörflingen, Hinterdorf.jpg","https://commons.wikimedia.org/wiki/File:2012-04-22_19-34-32_Switzerland_Kanton_Schaffhausen_D%C3%B6rflingen,_Hinterdorf.jpg",Hansueli Krapf  This   file was uploaded  with Commonist.,CC BY-SA 3.0,Juglans,broadleaf,2125,3200
11,tree_0011.jpg,512,512,JPEG,84948,c6c5eb255a65059fa2cee4a3190dc59b9762d1fb,14,File:20120212Kriegbach08.jpg,https://commons.wikimedia.org/wiki/File:20120212Kriegbach08.jpg,AnRo0002,CC0,Populus,broadleaf,1750,1313
12,tree_0012.jpg,512,512,JPEG,77585,b7806dd87ec7c5724127b267f23fd43b382f33b8,15,File:20120212Kriegbach09.jpg,https://commons.wikimedia.org/wiki/File:20120212Kriegbach09.jpg,AnRo0002,CC0,Populus,broadleaf,1313,1750
13,tree_0013.jpg,512,512,JPEG,93599,9ecb9d521d6cdf2bb5e4e0656da0edc5d96f9710,16,File:20120212Kriegbach10.jpg,https://commons.wikimedia.org/wiki/File:20120212Kriegbach10.jpg,AnRo0002,CC0,Populus,broadleaf,1750,1313
14,tree_0014.jpg,512,512,JPEG,107727,07b9ad5d03be5c9f3179ff57d067c42b1d8e51eb,17,File:20120212Kriegbach11.jpg,https://commons.wikimedia.org/wiki/File:20120212Kriegbach11.jpg,AnRo0002,CC0,Populus,broadleaf,1750,1313
15,tree_0015.jpg,512,512,JPEG,91867,fd10679cc86a3271fe0863cb13c0a8546fab1f17,18,File:20120212Kriegbach12.jpg,https://commons.wikimedia.org/wiki/File:20120212Kriegbach12.jpg,AnRo0002,CC0,Populus,broadleaf,1750,1313
16,tree_0016.jpg,512,512,JPEG,83190,19a8065b3f24bbe3cc23cfbb2abfe3d0c242a9d7,20,File:20120902Populus x canadensis1.jpg,https://commons.wikimedia.org/wiki/File:20120902Populus_x_canadensis1.jpg,AnRo0002,CC0,Populus,broadleaf,2500,1875
17,tree_0017.jpg,512,512,JPEG,110886,9ea4bf423655d24c7d4bd614a855f0b8bbc1bd53,21,File:20120903Populus x canadensis03.jpg,https://commons.wikimedia.org/wiki/File:20120903Populus_x_canadensis03.jpg,AnRo0002,CC0,Populus,broadleaf,2500,1875
18,tree_0018.jpg,512,512,JPEG,130890,cdedb2663c4cc100722cb17904620f00ed5d0b53,22,File:20120903Populus x canadensis04.jpg,https://commons.wikimedia.org/wiki/File:20120903Populus_x_canadensis04.jpg,AnRo0002,CC0,Populus,broadleaf,2750,2063
19,tree_0019.jpg,512,512,JPEG,115742,fb186f6a07c23ea124782c31ea835211e028ae71,23,File:20120903Populus x canadensis06.jpg,https://commons.wikimedia.org/wiki/File:20120903Populus_x_canadensis06.jpg,AnRo0002,CC0,Populus,broadleaf,2500,1875
20,tree_0020.jpg,512,512,JPEG,115286,07dc996246b021ac4c1c39cde9a4fa85b92c1810,24,File:20120903Populus x canadensis07.jpg,https://commons.wikimedia.org/wiki/File:20120903Populus_x_canadensis07.jpg,AnRo0002,CC0,Populus,broadleaf,2750,2063
21,tree_0021.jpg,512,512,JPEG,101994,bfe42917efa15541b3e38851370d68e2021834c8,25,File:20120904Alnus glutinosa01.jpg,https://commons.wikimedia.org/wiki/File:20120904Alnus_glutinosa01.jpg,AnRo0002,CC0,Alnus,broadleaf,1500,2000
22,tree_0022.jpg,512,512,JPEG,131073,c16db25c0807f7db4267dd7ab4b4277874b04336,26,File:20120904Alnus glutinosa02.jpg,https://commons.wikimedia.org/wiki/File:20120904Alnus_glutinosa02.jpg,AnRo0002,CC0,Alnus,broadleaf,2750,2063
23,tree_0023.jpg,512,512,JPEG,137674,717ce9079bd2ec93645f24ebebae0ebe4efe13ec,27,File:20120904Alnus glutinosa08.jpg,https://commons.wikimedia.org/wiki/File:20120904Alnus_glutinosa08.jpg,AnRo0002,CC0,Alnus,broadleaf,2250,3000
24,tree_0024.jpg,512,512,JPEG,101044,d0fec300c6eb8d625868a639f73d0fdd46600245,30,File:20120920Populus x canadensis01.jpg,https://commons.wikimedia.org/wiki/File:20120920Populus_x_canadensis01.jpg,AnRo0002,CC0,Populus,broadleaf,2716,2000
25,tree_0025.jpg,512,512,JPEG,92421,eaa2428b17c57366fb4baf06495cf658b66e9318,32,File:20120920Populus x canadensis03.jpg,https://commons.wikimedia.org/wiki/File:20120920Populus_x_canadensis03.jpg,AnRo0002,CC0,Populus,broadleaf,2500,1875
26,tree_0026.jpg,512,512,JPEG,96055,055f6a519a2f04d71fbb532186143c3b5e843c3c,33,File:20120920Populus x canadensis06.jpg,https://commons.wikimedia.org/wiki/File:20120920Populus_x_canadensis06.jpg,AnRo0002,CC0,Populus,broadleaf,2500,1875
27,tree_0027.jpg,512,512,JPEG,113306,1753cf9afca435e38b74d9df4ac89e7565e90b65,34,File:20120920Populus x canadensis07.jpg,https://commons.wikimedia.org/wiki/File:20120920Populus_x_canadensis07.jpg,AnRo0002,CC0,Populus,broadleaf,2500,1875
28,tree_0028.jpg,512,512,JPEG,155037,95119ad59f9dc988b422684d4dc3c6db4236d245,35,File:20120920Populus x canadensis08.jpg,https://commons.wikimedia.org/wiki/File:20120920Populus_x_canadensis08.jpg,AnRo0002,CC0,Populus,broadleaf,2500,1875
29,tree_0029.jpg,512,512,JPEG,105545,27a61189829c5e34ebb5d5e113019d6570ee50af,36,File:20120920Populus x canadensis2.jpg,https://commons.wikimedia.org/wiki/File:20120920Populus_x_canadensis2.jpg,AnRo0002,CC0,Populus,broadleaf,2063,2750
30,tree_0030.jpg,512,512,JPEG,118506,67b8a9063c44fe39d112bc18db2f6c808af8ad7a,39,File:20121021Populus x canadensis3.jpg,https://commons.wikimedia.org/wiki/File:20121021Populus_x_canadensis3.jpg,AnRo0002,CC0,Populus,broadleaf,1875,2500
31,tree_0031.jpg,512,512,JPEG,111198,f1e949bb67f4f8c1e2c6eba1813e4e4eae8ce87b,40,File:20121021Populus x canadensis4.jpg,https://commons.wikimedia.org/wiki/File:20121021Populus_x_canadensis4.jpg,AnRo0002,CC0,Populus,broadleaf,1875,2500
32,tree_0032.jpg,512,512,JPEG,116215,cd9473e3895ec1cd112f14d8ffa19c893ee195a4,41,File:20121022Populus x canadensis.jpg,https://commons.wikimedia.org/wiki/File:20121022Populus_x_canadensis.jpg,AnRo0002,CC0,Populus,broadleaf,2750,2063
33,tree_0033.jpg,512,512,JPEG,62959,86588b0df118ba8f95035414f6cb272ef3c01049,43,File:20130107Populus x canadensis2.jpg,https://commons.wikimedia.org/wiki/File:20130107Populus_x_canadensis2.jpg,AnRo0002,CC0,Populus,broadleaf,2000,1500
34,tree_0034.jpg,512,512,JPEG,93834,1921bb1f40bbf29a7f99adb5203e206e0586eeb0,45,File:20130116Alnus glutinosa10.jpg,https://commons.wikimedia.org/wiki/File:20130116Alnus_glutinosa10.jpg,AnRo0002,CC0,Alnus,broadleaf,1500,2000
35,tree_0035.jpg,512,512,JPEG,137848,af940fe549ca8a7ad18b9776f3d89fc356b085bf,46,File:20130314Alnus glutinosa1.jpg,https://commons.wikimedia.org/wiki/File:20130314Alnus_glutinosa1.jpg,AnRo0002,CC0,Alnus,broadleaf,1500,2000
36,tree_0036.jpg,512,512,JPEG,103538,626f515178a013bba26073e99d565ba865e223f3,47,File:20130314Birke Hockenheim.jpg,https://commons.wikimedia.org/wiki/File:20130314Birke_Hockenheim.jpg,AnRo0002,CC0,Betula,broadleaf,1500,2000
37,tree_0037.jpg,512,512,JPEG,89532,d7ba97e816ae091d269843cacaf11924e44734e1,48,File:20130407Betula pendula5.jpg,https://commons.wikimedia.org/wiki/File:20130407Betula_pendula5.jpg,AnRo0002,CC0,Betula,broadleaf,1500,2000
38,tree_0038.jpg,512,512,JPEG,126471,503a2b976a1ab731224e3be2ce0a92c0f8200212,49,File:20130425Quercus robur01.jpg,https://commons.wikimedia.org/wiki/File:20130425Quercus_robur01.jpg,AnRo0002,CC0,Quercus,broadleaf,2000,1500
39,tree_0039.jpg,512,512,JPEG,134185,9b3fa97b3e6ffb6e52b708f5b828e8c66c46e408,50,File:20130425Quercus robur06.jpg,https://commons.wikimedia.org/wiki/File:20130425Quercus_robur06.jpg,AnRo0002,CC0,Quercus,broadleaf,2250,1688
40,tree_0040.jpg,512,512,JPEG,111632,08df040dff3d2d7ffe9f9d0bd17477c51bc5703c,53,File:20130820Walnuss Hockenheim4.jpg,https://commons.wikimedia.org/wiki/File:20130820Walnuss_Hockenheim4.jpg,AnRo0002,CC0,Juglans,broadleaf,3648,2736
41,tree_0041.jpg,512,512,JPEG,120007,37e68bc181c3c2bea671577ad44e90505439f7ac,54,File:20130820Walnuss Hockenheim5.jpg,https://commons.wikimedia.org/wiki/File:20130820Walnuss_Hockenheim5.jpg,AnRo0002,CC0,Juglans,broadleaf,3648,2736
42,tree_0042.jpg,512,512,JPEG,130564,8ccc98d2f3789ac4286da833ec08b46d0557c5ce,55,File:20130820Walnuss Reilingen1.jpg,https://commons.wikimedia.org/wiki/File:20130820Walnuss_Reilingen1.jpg,AnRo0002,CC0,Juglans,broadleaf,3648,2736
43,tree_0043.jpg,512,512,JPEG,115989,37f196292120f6b5a7b7788342002dc4a0d6ecb5,56,File:20130820Walnuss Reilingen2.jpg,https://commons.wikimedia.org/wiki/File:20130820Walnuss_Reilingen2.jpg,AnRo0002,CC0,Juglans,broadleaf,3648,2736
44,tree_0044.jpg,512,512,JPEG,135774,cb79044228840edceb4b3ba7308d71d33c4a8599,57,File:20130909Juglans regia1.jpg,https://commons.wikimedia.org/wiki/File:20130909Juglans_regia1.jpg,AnRo0002,CC0,Juglans,broadleaf,3000,2250
45,tree_0045.jpg,512,512,JPEG,127007,fdfd6118507e4eebf27b2a0a08719edb5b97d4b7,58,File:20130909Juglans regia2.jpg,https://commons.wikimedia.org/wiki/File:20130909Juglans_regia2.jpg,AnRo0002,CC0,Juglans,broadleaf,3000,2250
46,tree_0046.jpg,512,512,JPEG,121402,f2011695f57d2c17803a391ff31ee65e1c1031b2,59,File:20130909Juglans regia3.jpg,https://commons.wikimedia.org/wiki/File:20130909Juglans_regia3.jpg,AnRo0002,CC0,Juglans,broadleaf,3000,2250
47,tree_0047.jpg,512,512,JPEG,119223,c9c698cced1f7b24f9ee0a065736088371b55c4e,60,File:20130921Walnuss Hockenheim2.jpg,https://commons.wikimedia.org/wiki/File:20130921Walnuss_Hockenheim2.jpg,AnRo0002,CC0,Juglans,broadleaf,2736,3648
48,tree_0048.jpg,512,512,JPEG,156362,bf2387f0d2158eeb49f10bfa436d1c26f221eca0,61,File:20131019Walnuss Reilingen.jpg,https://commons.wikimedia.org/wiki/File:20131019Walnuss_Reilingen.jpg,AnRo0002,CC0,Juglans,broadleaf,3648,2736
49,tree_0049.jpg,512,512,JPEG,111707,e4060366eb4c1a1829c373b2f8a981b85d70c6c4,62,File:20131022Populus x canadensis.jpg,https://commons.wikimedia.org/wiki/File:20131022Populus_x_canadensis.jpg,AnRo0002,CC0,Populus,broadleaf,3648,2736
50,tree_0050.jpg,512,512,JPEG,114298,13095d685fe6d0369cceaefd0bf84d339f374638,64,File:2013KorteDuinen05.jpg,https://commons.wikimedia.org/wiki/File:2013KorteDuinen05.jpg,user:Dick Bos,CC BY-SA 3.0 nl,Pinus,conifer,3648,2736
51,tree_0051.jpg,512,512,JPEG,114417,f0982cd1f14c9682e4147d161e9ec6a2c3cf3662,65,File:2013KorteDuinen06.jpg,https://commons.wikimedia.org/wiki/File:2013KorteDuinen06.jpg,user:Dick Bos,CC BY-SA 3.0 nl,Pinus,conifer,2154,1384
52,tree_0052.jpg,512,512,JPEG,87001,a3d635b52c365c080b315f8b6a7ea81d1031ca3a,66,File:2013LangeDuinen01.jpg,https://commons.wikimedia.org/wiki/File:2013LangeDuinen01.jpg,user:Dick Bos,CC BY-SA 3.0 nl,Pinus,conifer,3644,2290
53,tree_0053.jpg,512,512,JPEG,120343,f2a9e6c2f31fd3f0f12166099289a95fc95691fb,69,File:20140118Juglans regia1.jpg,https://commons.wikimedia.org/wiki/File:20140118Juglans_regia1.jpg,AnRo0002,CC0,Juglans,broadleaf,3648,2736
54,tree_0054.jpg,512,512,JPEG,115702,69a905230f8c0b6f20c6b7dc013579958ff8adde,70,File:20140118Juglans regia2.jpg,https://commons.wikimedia.org/wiki/File:20140118Juglans_regia2.jpg,AnRo0002,CC0,Juglans,broadleaf,3648,2736
55,tree_0055.jpg,512,512,JPEG,116379,1ecf2f001f876e4bb699b9b323a20d650a50c068,71,File:20140212Juglans regia Walldorf1.jpg,https://commons.wikimedia.org/wiki/File:20140212Juglans_regia_Walldorf1.jpg,AnRo0002,CC0,Juglans,broadleaf,3648,2736
56,tree_0056.jpg,512,512,JPEG,147179,60b38a595e9a5c782f97e0878b0d9f64d8633d11,72,File:20140212Juglans regia Walldorf2.jpg,https://commons.wikimedia.org/wiki/File:20140212Juglans_regia_Walldorf2.jpg,AnRo0002,CC0,Juglans,broadleaf,2736,3648
57,tree_0057.jpg,512,512,JPEG,123473,3e1c57816c984280d3f770c97659d4d8050b48c3,73,File:20140517Juglans regia.jpg,https://commons.wikimedia.org/wiki/File:20140517Juglans_regia.jpg,AnRo0002,CC0,Juglans,broadleaf,3648,2736
58,tree_0058.jpg,512,512,JPEG,132775,b09412adb38669967a83c99b4e308c8a470baccc,74,File:20140612Juglans regia.jpg,https://commons.wikimedia.org/wiki/File:20140612Juglans_regia.jpg,AnRo0002,CC0,Juglans,broadleaf,3648,2736
59,tree_0059.jpg,512,512,JPEG,140835,075de9e71aa1477c5f1cbca7de4aa87f7e90452d,76,File:20141019Juglans regia.jpg,https://commons.wikimedia.org/wiki/File:20141019Juglans_regia.jpg,AnRo0002,CC0,Juglans,broadleaf,2000,1500
60,tree_0060.jpg,512,512,JPEG,104241,274b42d1952a973107c756d6c717873ab2a795af,77,File:20141101Juglans regia3.jpg,https://commons.wikimedia.org/wiki/File:20141101Juglans_regia3.jpg,AnRo0002,CC0,Juglans,broadleaf,1500,2000
61,tree_0061.jpg,512,512,JPEG,109809,c6511a6f8f93405a3b3f525e701e817e7e4812c9,78,File:20150316Alnus glutinosa.jpg,https://commons.wikimedia.org/wiki/File:20150316Alnus_glutinosa.jpg,AnRo0002,CC0,Alnus,broadleaf,3000,2250
62,tree_0062.jpg,512,512,JPEG,99983,c8b603a63d2ce694473449a425a1d98b8e527dae,79,File:20150316Populus x canadensis.jpg,https://commons.wikimedia.org/wiki/File:20150316Populus_x_canadensis.jpg,AnRo0002,CC0,Populus,broadleaf,3000,2250
63,tree_0063.jpg,512,512,JPEG,126346,fda515c9be30a00b2ab4ea942ef250074688196d,80,File:20150519Populus alba1.jpg,https://commons.wikimedia.org/wiki/File:20150519Populus_alba1.jpg,AnRo0002,CC0,Populus,broadleaf,3000,2250
64,tree_0064.jpg,512,512,JPEG,97757,c756161b2f0bf3d1c6ee46c06757e094d1214a21,81,File:20150519Populus alba2.jpg,https://commons.wikimedia.org/wiki/File:20150519Populus_alba2.jpg,AnRo0002,CC0,Populus,broadleaf,3000,2250
65,tree_0065.jpg,512,512,JPEG,109214,e25ca4fec1c9ff07c48d430bd3fe7c6272d3814b,83,File:20150627Gewann Frankreich-Wiesental2.jpg,https://commons.wikimedia.org/wiki/File:20150627Gewann_Frankreich-Wiesental2.jpg,AnRo0002,CC0,Pinus,conifer,3000,2250
66,tree_0066.jpg,512,512,JPEG,119558,d5f262c003df39ef3dd4509a48d3b3c866250bde,86,File:20150722Juglans regia1.jpg,https://commons.wikimedia.org/wiki/File:20150722Juglans_regia1.jpg,AnRo0002,CC0,Juglans,broadleaf,3000,2250
67,tree_0067.jpg,512,512,JPEG,95653,577203fc7dea8585c3c010253a9b9fdeca13e846,87,File:20150723Juglans regia1.jpg,https://commons.wikimedia.org/wiki/File:20150723Juglans_regia1.jpg,AnRo0002,CC0,Juglans,broadleaf,3000,2250
68,tree_0068.jpg,512,512,JPEG,117871,09e1f123b79c4db266cccfdae2c761f0966b504b,91,File:20150830Juglans regia.jpg,https://commons.wikimedia.org/wiki/File:20150830Juglans_regia.jpg,AnRo0002,CC0,Juglans,broadleaf,2500,1875
69,tree_0069.jpg,512,512,JPEG,127016,2e481d6b6e94862c0966ab8e45099002c4bdb73a,95,File:20151225Juglans regia1.jpg,https://commons.wikimedia.org/wiki/File:20151225Juglans_regia1.jpg,AnRo0002,CC0,Juglans,broadleaf,2500,1875
70,tree_0070.jpg,512,512,JPEG,153559,a887db41da8327a5368ed773ab4c40f423f19955,96,File:20151225Juglans regia2.jpg,https://commons.wikimedia.org/wiki/File:20151225Juglans_regia2.jpg,AnRo0002,CC0,Juglans,broadleaf,2500,1875
71,tree_0071.jpg,512,512,JPEG,146963,676a9377d7287fb96e3da89a889dc07321fdf7f7,98,File:20160503Quercus robur.jpg,https://commons.wikimedia.org/wiki/File:20160503Quercus_robur.jpg,AnRo0002,CC0,Quercus,broadleaf,2500,1875
72,tree_0072.jpg,512,512,JPEG,141539,f94877f39fe800288733df5e4e5842a9d1fff99b,99,File:20160516Populus alba.jpg,https://commons.wikimedia.org/wiki/File:20160516Populus_alba.jpg,AnRo0002,CC0,Populus,broadleaf,2500,1875
73,tree_0073.jpg,512,512,JPEG,94316,e8c187acfba9d94af376fe81ecec93cd115ced8a,100,File:20160813Juglans regia3.jpg,https://commons.wikimedia.org/wiki/File:20160813Juglans_regia3.jpg,AnRo0002,CC0,Juglans,broadleaf,3000,2250
74,tree_0074.jpg,512,512,JPEG,109624,5c591f50281e7a3d96367422d32ce88614f1ce41,101,File:20160816Alnus glutinosa1.jpg,https://commons.wikimedia.org/wiki/File:20160816Alnus_glutinosa1.jpg,AnRo0002,CC0,Alnus,broadleaf,2500,1875
75,tree_0075.jpg,512,512,JPEG,107082,0fe5c135126d8f2a5a6be279ac74ac700fa4e6ef,102,File:20160816Alnus glutinosa2.jpg,https://commons.wikimedia.org/wiki/File:20160816Alnus_glutinosa2.jpg,AnRo0002,CC0,Alnus,broadleaf,2500,1875
76,tree_0076.jpg,512,512,JPEG,121802,c2a4d0e4ff035f9a7ee31a99e3a6bb6cab22aad4,103,File:20160816Betula pendula1.jpg,https://commons.wikimedia.org/wiki/File:20160816Betula_pendula1.jpg,AnRo0002,CC0,Betula,broadleaf,1875,2500
77,tree_0077.jpg,512,512,JPEG,94941,cdd39462a6ea1b3fa084c6e7325c4df592c10a1d,104,File:20160816Betula pendula2.jpg,https://commons.wikimedia.org/wiki/File:20160816Betula_pendula2.jpg,AnRo0002,CC0,Betula,broadleaf,1875,2500
78,tree_0078.jpg,512,512,JPEG,90183,bc9931b32c604832368b0d2571f4745f3940812c,107,File:20160917Populus alba1.jpg,https://commons.wikimedia.org/wiki/File:20160917Populus_alba1.jpg,AnRo0002,CC0,Populus,broadleaf,2500,1875
79,tree_0079.jpg,512,512,JPEG,129617,7a2e2ff603a3cc5e397ccd57778e796944ded983,108,File:20160917Populus alba2.jpg,https://commons.wikimedia.org/wiki/File:20160917Populus_alba2.jpg,AnRo0002,CC0,Populus,broadleaf,2500,1875
80,tree_0080.jpg,512,512,JPEG,122200,eca7cd432084b91dd9699191bc809cf83b5bd4a1,109,File:20160917Populus alba3.jpg,https://commons.wikimedia.org/wiki/File:20160917Populus_alba3.jpg,AnRo0002,CC0,Populus,broadleaf,1875,2500
81,tree_0081.jpg,512,512,JPEG,104657,114c524f867da7736873b81ed07ecc482e5f1411,111,File:20161005Pinus sylvestris2.jpg,https://commons.wikimedia.org/wiki/File:20161005Pinus_sylvestris2.jpg,AnRo0002,CC0,Pinus,conifer,2500,1875
82,tree_0082.jpg,512,512,JPEG,107789,1f6122d21f6946dbbfbf91fb3ae65c907a261502,112,File:20161005Pinus sylvestris3.jpg,https://commons.wikimedia.org/wiki/File:20161005Pinus_sylvestris3.jpg,AnRo0002,CC0,Pinus,conifer,2500,1875
83,tree_0083.jpg,512,512,JPEG,107031,0d4cf380874f632bed4b8ac83d47dad52edb8596,113,File:20161005Pinus sylvestris4.jpg,https://commons.wikimedia.org/wiki/File:20161005Pinus_sylvestris4.jpg,AnRo0002,CC0,Pinus,conifer,2500,1875
84,tree_0084.jpg,512,512,JPEG,124313,eb8f0ddfe1826e336244f2d1ac87883b19e52190,121,File:20161005Quercus robur1.jpg,https://commons.wikimedia.org/wiki/File:20161005Quercus_robur1.jpg,AnRo0002,CC0,Quercus,broadleaf,2500,1875
85,tree_0085.jpg,512,512,JPEG,110836,60fde409552064f85003d77e584f8cbdb4f0e83b,122,File:20161005Quercus robur2.jpg,https://commons.wikimedia.org/wiki/File:20161005Quercus_robur2.jpg,AnRo0002,CC0,Quercus,broadleaf,2500,1875
86,tree_0086.jpg,512,512,JPEG,94733,5e851001df7b23f1eaefea3cd09fb2d00344995a,123,File:20161214Juglans regia1.jpg,https://commons.wikimedia.org/wiki/File:20161214Juglans_regia1.jpg,AnRo0002,CC0,Juglans,broadleaf,2500,1875
87,tree_0087.jpg,512,512,JPEG,101614,f011230b75b1e8dbe35155aa10bd3a67f3959773,124,File:20161214Juglans regia2.jpg,https://commons.wikimedia.org/wiki/File:20161214Juglans_regia2.jpg,AnRo0002,CC0,Juglans,broadleaf,1875,2500
88,tree_0088.jpg,512,512,JPEG,89017,7760d6957ec92b852c8e6516b76186f2c265ce18,127,File:20180501Populus alba1.jpg,https://commons.wikimedia.org/wiki/File:20180501Populus_alba1.jpg,AnRo0002,CC0,Populus,broadleaf,2000,1500
89,tree_0089.jpg,512,512,JPEG,91261,ea96469575109c765c40dfea9c65c612ae7e9ed6,128,File:20180501Populus alba2.jpg,https://commons.wikimedia.org/wiki/File:20180501Populus_alba2.jpg,AnRo0002,CC0,Populus,broadleaf,2000,1500
90,tree_0090.jpg,512,512,JPEG,118828,4b2c52fef38bb81f42b34963633479daf901997e,129,File:20180501Populus alba3.jpg,https://commons.wikimedia.org/wiki/File:20180501Populus_alba3.jpg,AnRo0002,CC0,Populus,broadleaf,2500,1875
91,tree_0091.jpg,512,512,JPEG,110108,215273157a47c53812c691c24ee29cb5a0e95a0e,134,File:20190319 Populus alba 1.jpg,https://commons.wikimedia.org/wiki/File:20190319_Populus_alba_1.jpg,AnRo0002,CC0,Populus,broadleaf,4608,3456
92,tree_0092.jpg,512,512,JPEG,119169,caf2f5ec4ad63fad71ca76e4fcbd9fa8c17b62d7,135,File:20190319 Populus alba 2.jpg,https://commons.wikimedia.org/wiki/File:20190319_Populus_alba_2.jpg,AnRo0002,CC0,Populus,broadleaf,4608,3456
93,tree_0093.jpg,512,512,JPEG,112548,f91129577bb4f9a62afc121e1ddbd1570c200e46,136,File:20190507Pinus sylvestris1.jpg,https://commons.wikimedia.org/wiki/File:20190507Pinus_sylvestris1.jpg,AnRo0002,CC0,Pinus,conifer,2500,1875
94,tree_0094.jpg,512,512,JPEG,99795,63feb28b9636e0d6e22bb12f69320e269bd92ae3,137,File:20201210Pinus sylvestris1.jpg,https://commons.wikimedia.org/wiki/File:20201210Pinus_sylvestris1.jpg,AnRo0002,CC0,Pinus,conifer,2750,2063
95,tree_0095.jpg,512,512,JPEG,91636,373abf0dadcf168559b9a9049f1032278590bc97,138,File:20250806Pinus sylvestris1.jpg,https://commons.wikimedia.org/wiki/File:20250806Pinus_sylvestris1.jpg,AnRo0002,CC0,Pinus,conifer,3000,2250
96,tree_0096.jpg,512,512,JPEG,96587,b95a28e9bc0d8d2bd62bf8ffc52f7296c04aaaf6,140,File:20250806Pinus sylvestris3.jpg,https://commons.wikimedia.org/wiki/File:20250806Pinus_sylvestris3.jpg,AnRo0002,CC0,Pinus,conifer,3000,2250
97,tree_0097.jpg,512,512,JPEG,111013,76a10a36f230adac32a0e583e1b5d29f9f70755f,141,File:20250806Quercus robur.jpg,https://commons.wikimedia.org/wiki/File:20250806Quercus_robur.jpg,AnRo0002,CC0,Quercus,broadleaf,3000,2250
98,tree_0098.jpg,512,512,JPEG,89068,17870107c89c226a59ff77ade42320b6ca8c0929,142,File:Aizkraukle 08 (32533514864).jpg,https://commons.wikimedia.org/wiki/File:Aizkraukle_08_(32533514864).jpg,"Егор Журавлёв from Smarde, Latvia",CC BY-SA 2.0,Pinus,conifer,2816,2112
99,tree_0099.jpg,512,512,JPEG,96345,2826a369d8ae84610dc96fc068da283332d4ae86,143,"File:B. pendula, Koivu Birch end of Sept.jpg","https://commons.wikimedia.org/wiki/File:B._pendula,_Koivu_Birch_end_of_Sept.jpg",Abc10,CC BY-SA 4.0,Betula,broadleaf,2200,3301
100,tree_0100.jpg,512,512,JPEG,97560,a4e8d0238aa999b80c9904ca447ffa4961518bbd,146,File:Baum Boberger Niederung.JPG,https://commons.wikimedia.org/wiki/File:Baum_Boberger_Niederung.JPG,AnneChrist Simon,CC BY-SA 3.0,Pinus,conifer,3264,2448
101,tree_0101.jpg,512,512,JPEG,88239,0531678f288564d13f0a50590e8cc548db372436,147,File:Betula pendula winter.jpg,https://commons.wikimedia.org/wiki/File:Betula_pendula_winter.jpg,Maplan,CC BY-SA 3.0,Betula,broadleaf,750,1000
102,tree_0102.jpg,512,512,JPEG,138656,4e08229275a3cd1cb2de1f618520d54d43f50be0,151,"File:Björk vid Bergsjön, den 23 oktober 2005..JPG","https://commons.wikimedia.org/wiki/File:Bj%C3%B6rk_vid_Bergsj%C3%B6n,_den_23_oktober_2005..JPG",User Västgöten on sv.wikipedia,CC BY-SA 3.0,Betula,broadleaf,1536,2048
103,tree_0103.jpg,512,512,JPEG,111307,34974259fbe6248c98f8a2a28043fc7957d344fa,152,File:Blown by the Wind (9633600990).jpg,https://commons.wikimedia.org/wiki/File:Blown_by_the_Wind_(9633600990).jpg,Šarūnas Burdulis from USA,CC BY-SA 2.0,Pinus,conifer,1600,1200
104,tree_0104.jpg,512,512,JPEG,109397,68953c90607162c82f6715659886469262f27942,153,File:Borovice u Salaspilsu.jpg,https://commons.wikimedia.org/wiki/File:Borovice_u_Salaspilsu.jpg,Dezidor,CC BY 3.0,Pinus,conifer,2112,2816
105,tree_0105.jpg,512,512,JPEG,122109,77b27af951c01701acbce4b462b9902fe981e1c7,156,File:Celakovicky dub-2017-11-sedlcanky.jpg,https://commons.wikimedia.org/wiki/File:Celakovicky_dub-2017-11-sedlcanky.jpg,The photonaut,CC BY-SA 4.0,Quercus,broadleaf,6000,4000
106,tree_0106.jpg,512,512,JPEG,154786,7b2fbbbc031e706bac286e5897f12ea5a637098e,157,File:Chmielno brzoza.jpg,https://commons.wikimedia.org/wiki/File:Chmielno_brzoza.jpg,Andrzej Otrębski,CC BY-SA 3.0,Betula,broadleaf,2112,2816
107,tree_0107.jpg,512,512,JPEG,123265,8e1718c893cef7d74f5c5c4cf073033e83e3098e,158,File:Common alder in Holma.jpg,https://commons.wikimedia.org/wiki/File:Common_alder_in_Holma.jpg,W.carter,CC0,Alnus,broadleaf,3283,4201
108,tree_0108.jpg,512,512,JPEG,136871,cb53c32b0b9eecbc81cf3b987bc3bcf97ed0cc50,159,File:DarbėnaiOlše01.JPG,https://commons.wikimedia.org/wiki/File:Darb%C4%97naiOl%C5%A1e01.JPG,Kusurija,CC BY-SA 4.0,Alnus,broadleaf,2112,2816
109,tree_0109.jpg,512,512,JPEG,95950,6b20353d7bfb191ec10942071f52276f6fb80817,160,File:De Alde Feanen Jan Durkspolder.JPG,https://commons.wikimedia.org/wiki/File:De_Alde_Feanen_Jan_Durkspolder.JPG,Dominicus Johannes Bergsma,CC BY-SA 3.0 nl,Betula,broadleaf,2435,3044
110,tree_0110.jpg,512,512,JPEG,103550,2d42a739eae68319cbbfe8dd0790d71eaf942b9d,162,File:Duvelskuul Afferden Lb.jpg,https://commons.wikimedia.org/wiki/File:Duvelskuul_Afferden_Lb.jpg,Lieblingsgouda,CC BY-SA 3.0 nl,Quercus,broadleaf,5184,3456
111,tree_0111.jpg,512,512,JPEG,110506,c758e1d1e11842520ad20bb8739429d6d67e86d8,163,File:Dwingelderveld-2.jpg,https://commons.wikimedia.org/wiki/File:Dwingelderveld-2.jpg,Herman-Jonkman,CC BY-SA 3.0 nl,Quercus,broadleaf,2896,1944
112,tree_0112.jpg,512,512,JPEG,142563,e1144c5ff04edf9b0c93b8f163778a707cabc7a2,164,File:Ei hengebjørk.JPG,https://commons.wikimedia.org/wiki/File:Ei_hengebj%C3%B8rk.JPG,Øyvind Holmstad,CC BY-SA 4.0,Betula,broadleaf,3456,5184
113,tree_0113.jpg,512,512,JPEG,117772,5bfbfc0b568cdb42c83c9c0792ebb0ce5b228397,165,"File:Eiche bei Graditz, a.jpg","https://commons.wikimedia.org/wiki/File:Eiche_bei_Graditz,_a.jpg",Rainer Lippert,CC BY-SA 4.0,Quercus,broadleaf,4704,3136
114,tree_0114.jpg,512,512,JPEG,115321,07b782749f9e42da82e64c72785efc013b2f4aef,166,File:Eiche mit Rauhreif 2.jpg,https://commons.wikimedia.org/wiki/File:Eiche_mit_Rauhreif_2.jpg,Pagenkopf&amp;foto,CC BY-SA 4.0,Quercus,broadleaf,4912,3264
115,tree_0115.jpg,512,512,JPEG,84772,82ba45e1f4c044109a540cf33b976cf477a3e8ff,167,File:Galve de Sorbe 1975 01.jpg,https://commons.wikimedia.org/wiki/File:Galve_de_Sorbe_1975_01.jpg,LBM1948,CC BY-SA 4.0,Pinus,conifer,1064,669
116,tree_0116.jpg,512,512,JPEG,124165,4a1ab6f8dc26360eee0efef0185e02a1facceec8,169,File:Gamla eken vid Torrevalla 3917.jpg,https://commons.wikimedia.org/wiki/File:Gamla_eken_vid_Torrevalla_3917.jpg,Gunnar Creutz,CC BY-SA 4.0,Quercus,broadleaf,3456,4608
117,tree_0117.jpg,512,512,JPEG,128814,7d471bc3bd50b36311e62c950adc486fc34aa501,170,File:Gamla eken vid Torrevalla 4007.jpg,https://commons.wikimedia.org/wiki/File:Gamla_eken_vid_Torrevalla_4007.jpg,Gunnar Creutz,CC BY-SA 4.0,Quercus,broadleaf,3456,4093
118,tree_0118.jpg,512,512,JPEG,111111,3944ee2f03b5faa2e34674b2c210ae2e411d2312,172,File:Gullkrona 01.jpg,https://commons.wikimedia.org/wiki/File:Gullkrona_01.jpg,Asea,CC BY 2.5,Pinus,conifer,1600,1067
119,tree_0119.jpg,512,512,JPEG,119182,723a799c408825712ac6f2793942f3f40ce681e0,173,"File:Gutenbergstraße, Schwerin - Stieleiche (2026-07-15).jpg","https://commons.wikimedia.org/wiki/File:Gutenbergstra%C3%9Fe,_Schwerin_-_Stieleiche_(2026-07-15).jpg",Tmv23,CC BY 4.0,Quercus,broadleaf,2630,2430
120,tree_0120.jpg,512,512,JPEG,96182,b6550e7c0fed50e748214108aad0b52c3596419e,174,File:Götlunda Fårtallen.JPG,https://commons.wikimedia.org/wiki/File:G%C3%B6tlunda_F%C3%A5rtallen.JPG,Phlanx,CC BY 3.0,Pinus,conifer,2592,1944
121,tree_0121.jpg,512,512,JPEG,84593,4a271ed4e2aa49652bf9f09ce7ab4e6904891071,175,File:Hulshorsterzand-Hulshorsterheide.jpg,https://commons.wikimedia.org/wiki/File:Hulshorsterzand-Hulshorsterheide.jpg,Agnes Monkelbaan,CC BY-SA 4.0,Pinus,conifer,3057,3417
122,tree_0122.jpg,512,512,JPEG,110007,d183e81e8d2cb08ee3bb693fa251621c3fda4f81,178,File:Ivenacker Tiergarten 07.jpg,https://commons.wikimedia.org/wiki/File:Ivenacker_Tiergarten_07.jpg,J.-H. Janßen,CC BY-SA 4.0,Quercus,broadleaf,4171,3543
123,tree_0123.jpg,512,512,JPEG,105409,6b1f881066af5af527c4b66186660a44299a8379,179,File:Ivenacker Tiergarten 08.jpg,https://commons.wikimedia.org/wiki/File:Ivenacker_Tiergarten_08.jpg,J.-H. Janßen,CC BY-SA 4.0,Quercus,broadleaf,5472,3648
124,tree_0124.jpg,512,512,JPEG,63207,8164cc76f6cabdc1428558fcfa7e6be40fb8a6ef,180,File:Kolomenskoe in white - Dec12 - 02 snow.jpg,https://commons.wikimedia.org/wiki/File:Kolomenskoe_in_white_-_Dec12_-_02_snow.jpg,A.Savin,CC BY-SA 3.0,Betula,broadleaf,4289,3200
125,tree_0125.jpg,512,512,JPEG,39643,60c1f2d5b463d03d7efabb1967e9613eeada3f83,181,File:Lone tree in fog in Brastad 1.jpg,https://commons.wikimedia.org/wiki/File:Lone_tree_in_fog_in_Brastad_1.jpg,W.carter,CC BY-SA 4.0,Alnus,broadleaf,3648,5472
126,tree_0126.jpg,512,512,JPEG,44086,28196bf9a9f360a33bb5da17578a95e11e63e092,182,File:Lone tree in fog in Brastad 2.jpg,https://commons.wikimedia.org/wiki/File:Lone_tree_in_fog_in_Brastad_2.jpg,W.carter,CC BY-SA 4.0,Alnus,broadleaf,5472,3648
127,tree_0127.jpg,512,512,JPEG,114831,213693061045b1113b99e1cd488b793893934558,183,File:Lonely birch (14616433241).jpg,https://commons.wikimedia.org/wiki/File:Lonely_birch_(14616433241).jpg,"YuJeen from Riga, Latvia",CC BY 2.0,Betula,broadleaf,5184,3888
128,tree_0128.jpg,512,512,JPEG,46307,556046c145a8040445eb4d961e6e8c48680722c5,184,File:Lonely tree of birch.jpg,https://commons.wikimedia.org/wiki/File:Lonely_tree_of_birch.jpg,Øyvind Holmstad,CC BY-SA 4.0,Betula,broadleaf,4000,6000
129,tree_0129.jpg,512,512,JPEG,149835,e447b56597ee1a8aca3ab8b19c1099bf42f84774,185,File:Mehlinger Heide 1 (Hans Buch).jpg,https://commons.wikimedia.org/wiki/File:Mehlinger_Heide_1_(Hans_Buch).jpg,"--Immanuel Giel 08:02, 4 May 2007 (UTC)",Public domain,Quercus,broadleaf,2163,1761
130,tree_0130.jpg,512,512,JPEG,121570,790e8cd626952190e825b9f37d96678cfade0de9,186,File:Millstätter Berg Birke Lammersdorf.JPG,https://commons.wikimedia.org/wiki/File:Millst%C3%A4tter_Berg_Birke_Lammersdorf.JPG,Joadl,CC BY-SA 4.0,Betula,broadleaf,1944,2592
131,tree_0131.jpg,512,512,JPEG,117977,ed324fee7be615a6f1561374a3f944ac18864cca,188,File:Nationaal Park Weerribben-Wieden. Vlonderpad in de Wieden.JPG,https://commons.wikimedia.org/wiki/File:Nationaal_Park_Weerribben-Wieden._Vlonderpad_in_de_Wieden.JPG,Dominicus Johannes Bergsma,CC BY-SA 3.0 nl,Alnus,broadleaf,2574,3334
132,tree_0132.jpg,512,512,JPEG,124976,5e8da9b39b8b0c0b26825af1f40fe690446275b2,189,File:Oak in Durbuy.jpg,https://commons.wikimedia.org/wiki/File:Oak_in_Durbuy.jpg,Pierre-Jacques DESPA,CC BY-SA 4.0,Quercus,broadleaf,2848,4288
133,tree_0133.jpg,512,512,JPEG,137455,da3daebd01a696c14fbe330ab3f8b1a952183c13,190,File:Old Oak in Mont.jpg,https://commons.wikimedia.org/wiki/File:Old_Oak_in_Mont.jpg,Pierre-Jacques DESPA,CC BY-SA 4.0,Quercus,broadleaf,2848,4288
134,tree_0134.jpg,512,512,JPEG,95646,53732230369ad4964dad18b776879c854ac963e6,192,File:Pinus sylvestris (458528427).jpg,https://commons.wikimedia.org/wiki/File:Pinus_sylvestris_(458528427).jpg,"Randi Hausken from Bærum, Norway",CC BY-SA 2.0,Pinus,conifer,3872,2592
135,tree_0135.jpg,512,512,JPEG,103625,7d30428b62bd7ce197f8e26bc691ee6e7befecc9,193,File:Pinus sylvestris (462928103).jpg,https://commons.wikimedia.org/wiki/File:Pinus_sylvestris_(462928103).jpg,"Randi Hausken from Bærum, Norway",CC BY-SA 2.0,Pinus,conifer,3872,2592
136,tree_0136.jpg,512,512,JPEG,98661,646cbd32e71f5e5ac9871f3d86d6e7fa5524af1f,196,File:Pinus sylvestris growing solitary in Semey Ormany.jpg,https://commons.wikimedia.org/wiki/File:Pinus_sylvestris_growing_solitary_in_Semey_Ormany.jpg,Ruslan Kastani,CC BY-SA 4.0,Pinus,conifer,2048,1536
137,tree_0137.jpg,512,512,JPEG,96087,f3245cc797872e871ff9cedc647057181a014d6e,197,File:Pinus sylvestris in Bua Hed.jpg,https://commons.wikimedia.org/wiki/File:Pinus_sylvestris_in_Bua_Hed.jpg,Averater,CC BY 3.0,Pinus,conifer,5496,3670
138,tree_0138.jpg,512,512,JPEG,119443,10c8dc9546152749dc26069ccdf6b5cc92e6bfdc,198,File:Pinus sylvestris in Semey Ormany 1.jpg,https://commons.wikimedia.org/wiki/File:Pinus_sylvestris_in_Semey_Ormany_1.jpg,Ruslan Kastani,CC BY-SA 4.0,Pinus,conifer,2048,1536
139,tree_0139.jpg,512,512,JPEG,118846,aa9f720fde9eb4240b709a6caa2b3df51fb4bf9b,199,File:Pinus sylvestris in Semey Ormany 4.jpg,https://commons.wikimedia.org/wiki/File:Pinus_sylvestris_in_Semey_Ormany_4.jpg,Ruslan Kastani,CC BY-SA 4.0,Pinus,conifer,2048,1536
140,tree_0140.jpg,512,512,JPEG,104675,cec55adcb132605918545d509f386b44249adda7,200,File:Pinus sylvestris in Semey Ormany 6.jpg,https://commons.wikimedia.org/wiki/File:Pinus_sylvestris_in_Semey_Ormany_6.jpg,Ruslan Kastani,CC BY-SA 4.0,Pinus,conifer,2048,1536
141,tree_0141.jpg,512,512,JPEG,106279,ed26b3aff0d01c31fe59d852a3fed9b028630c38,201,File:Pinus sylvestris in Semey Ormany 8.jpg,https://commons.wikimedia.org/wiki/File:Pinus_sylvestris_in_Semey_Ormany_8.jpg,Ruslan Kastani,CC BY-SA 4.0,Pinus,conifer,2048,1536
142,tree_0142.jpg,512,512,JPEG,108192,fe58a82a64f71e9b890297cf172f82c3350078e6,202,File:Pinus sylvestris solitary tree in Semey Ormany.jpg,https://commons.wikimedia.org/wiki/File:Pinus_sylvestris_solitary_tree_in_Semey_Ormany.jpg,Ruslan Kastani,CC BY-SA 4.0,Pinus,conifer,2048,1536
143,tree_0143.jpg,512,512,JPEG,127496,4e278a8f5bdef30ab8a4db1247405787e61a3c45,203,File:Pinus sylvestris subsp. sylvestris sl4.jpg,https://commons.wikimedia.org/wiki/File:Pinus_sylvestris_subsp._sylvestris_sl4.jpg,Stefan.lefnaer,CC BY-SA 4.0,Pinus,conifer,3936,4720
144,tree_0144.jpg,512,512,JPEG,109161,8227450a00591b8cc5703d062349752055965f29,205,"File:Pinus sylvestris, Luulamminsuo, Urho Kekkonen National Park, Lapland, Finland, 2017-06-09 202206.jpg","https://commons.wikimedia.org/wiki/File:Pinus_sylvestris,_Luulamminsuo,_Urho_Kekkonen_National_Park,_Lapland,_Finland,_2017-06-09_202206.jpg",Tero Laakso,CC BY 2.0,Pinus,conifer,3264,4928
145,tree_0145.jpg,512,512,JPEG,97988,487ab3864b89466024c44992d1cfc07ac2c5f12d,206,"File:Pinus sylvestris, Luulamminsuo, Urho Kekkonen National Park, Lapland, Finland, 2017-06-09 202408.jpg","https://commons.wikimedia.org/wiki/File:Pinus_sylvestris,_Luulamminsuo,_Urho_Kekkonen_National_Park,_Lapland,_Finland,_2017-06-09_202408.jpg",Tero Laakso,CC BY 2.0,Pinus,conifer,3264,4928
146,tree_0146.jpg,512,512,JPEG,107239,3c10fc748f91c9a0dfeb632c1edf1dda46d5ec05,207,File:Populus alba Topola biała 2020-10-25 01.jpg,https://commons.wikimedia.org/wiki/File:Populus_alba_Topola_bia%C5%82a_2020-10-25_01.jpg,"Agnieszka Kwiecień, Nova",CC BY-SA 4.0,Populus,broadleaf,4415,3310
147,tree_0147.jpg,512,512,JPEG,149969,069b7da61e51250fbedf975e0abab04c53727c82,208,File:Populus alba Topola biała 2020-10-25 02.jpg,https://commons.wikimedia.org/wiki/File:Populus_alba_Topola_bia%C5%82a_2020-10-25_02.jpg,"Agnieszka Kwiecień, Nova",CC BY-SA 4.0,Populus,broadleaf,3308,4411
148,tree_0148.jpg,512,512,JPEG,114874,24d38ac47a136170bc3d41bbe97ce3ea937a793c,209,File:Populus alba Topola biała 2023-05-03 Sołtysowice 01.jpg,https://commons.wikimedia.org/wiki/File:Populus_alba_Topola_bia%C5%82a_2023-05-03_So%C5%82tysowice_01.jpg,"Agnieszka Kwiecień, Nova",CC BY-SA 4.0,Populus,broadleaf,4189,3142
149,tree_0149.jpg,512,512,JPEG,126638,9f61067d82b9c3a7feaa23c2148d7c4323224a3c,210,File:Populus alba Topola biała 2023-05-03 Sołtysowice 02.jpg,https://commons.wikimedia.org/wiki/File:Populus_alba_Topola_bia%C5%82a_2023-05-03_So%C5%82tysowice_02.jpg,"Agnieszka Kwiecień, Nova",CC BY-SA 4.0,Populus,broadleaf,4608,3456
150,tree_0150.jpg,512,512,JPEG,123203,02f423b0c55b030cb32f1086f77b0d66f72f1018,211,File:Populus alba Topola biała 2023-05-03 Sołtysowice 03.jpg,https://commons.wikimedia.org/wiki/File:Populus_alba_Topola_bia%C5%82a_2023-05-03_So%C5%82tysowice_03.jpg,"Agnieszka Kwiecień, Nova",CC BY-SA 4.0,Populus,broadleaf,3456,4608
151,tree_0151.jpg,512,512,JPEG,141261,92abec3db8020bb605b86b9f91dcc6e29d99bf7c,212,File:Populus alba Topola biała 2023-05-03 Sołtysowice 04.jpg,https://commons.wikimedia.org/wiki/File:Populus_alba_Topola_bia%C5%82a_2023-05-03_So%C5%82tysowice_04.jpg,"Agnieszka Kwiecień, Nova",CC BY-SA 4.0,Populus,broadleaf,3117,4156
152,tree_0152.jpg,512,512,JPEG,152531,931b3c884b37cc052bfe060c01b4ae3e1bd868f9,213,File:Populus alba Topola biała 2023-05-03 Sołtysowice 05.jpg,https://commons.wikimedia.org/wiki/File:Populus_alba_Topola_bia%C5%82a_2023-05-03_So%C5%82tysowice_05.jpg,"Agnieszka Kwiecień, Nova",CC BY-SA 4.0,Populus,broadleaf,3347,4463
153,tree_0153.jpg,512,512,JPEG,110777,d76e4e6e7f06ce3711d1cead66d8fb40a99740e7,214,File:Quercus pedunculiflora.jpg,https://commons.wikimedia.org/wiki/File:Quercus_pedunculiflora.jpg,Димитър Найденов / Dimìtar Nàydenov,CC BY-SA 4.0,Quercus,broadleaf,4000,3000
154,tree_0154.jpg,512,512,JPEG,137881,058d33b4ba37d0c08107d3c13385640e66bee4fa,215,File:Quercus robur - alone tree.jpg,https://commons.wikimedia.org/wiki/File:Quercus_robur_-_alone_tree.jpg,Bartosz Cuber,CC BY-SA 3.0,Quercus,broadleaf,964,1178
155,tree_0155.jpg,512,512,JPEG,106629,fc992416373b00cd9c11953d2b2e467dd6b2e538,217,"File:Ruhland, Friedrich-Engels-Straße 2+3+4, Kiefer auf dem Wohnhof 01.jpg","https://commons.wikimedia.org/wiki/File:Ruhland,_Friedrich-Engels-Stra%C3%9Fe_2%2B3%2B4,_Kiefer_auf_dem_Wohnhof_01.jpg",Wilhelm Zimmerling PAR,CC BY-SA 4.0,Pinus,conifer,1200,1600
156,tree_0156.jpg,512,512,JPEG,150328,52cbad61d3d387aad66f20b622c5655cfb0ead88,218,"File:Silver Birch (Betula pendula) - Oslo, Norway 2020-08-04.jpg","https://commons.wikimedia.org/wiki/File:Silver_Birch_(Betula_pendula)_-_Oslo,_Norway_2020-08-04.jpg",Ryan Hodnett,CC BY-SA 4.0,Betula,broadleaf,3185,4778
157,tree_0157.jpg,512,512,JPEG,133102,0e96621a3414d742d7648c5b30cfeffb14bf794f,219,"File:Snow on birch at Sågvägen, Brastad 2.jpg","https://commons.wikimedia.org/wiki/File:Snow_on_birch_at_S%C3%A5gv%C3%A4gen,_Brastad_2.jpg",W.carter,CC BY-SA 4.0,Betula,broadleaf,3500,4674
158,tree_0158.jpg,512,512,JPEG,97908,3f07e78ce24455074553813130e8cd3459994285,220,File:Solitary Quercus robur.jpg,https://commons.wikimedia.org/wiki/File:Solitary_Quercus_robur.jpg,Krzysztof Golik,CC BY-SA 4.0,Quercus,broadleaf,4000,6000
159,tree_0159.jpg,512,512,JPEG,110484,5e7f3507d7a40018353b8ade99729852043e9e01,221,File:Stileiche Naturdenkmal Bindsachsen.jpg,https://commons.wikimedia.org/wiki/File:Stileiche_Naturdenkmal_Bindsachsen.jpg,Heidrun Lutz,CC BY-SA 4.0,Quercus,broadleaf,2560,1920
160,tree_0160.jpg,512,512,JPEG,111923,66a88ab8eccce21ee329fc632938bfd4f1d85a19,223,File:Tall på vintern vid Sigsarve strand norra Gotland.jpg,https://commons.wikimedia.org/wiki/File:Tall_p%C3%A5_vintern_vid_Sigsarve_strand_norra_Gotland.jpg,En-cas-de-soleil,CC BY-SA 4.0,Pinus,conifer,1024,1544
161,tree_0161.jpg,512,512,JPEG,123239,ada103e0c4e146c7ba264466c98287e9c6316343,224,File:Tall.jpg,https://commons.wikimedia.org/wiki/File:Tall.jpg,,CC BY-SA 3.0,Pinus,conifer,1280,1280
162,tree_0162.jpg,512,512,JPEG,117394,43b43c70c9c8416cf4c536fca239756e6db3adb6,225,File:Tallkrona i naturreservatet Flaten.jpg,https://commons.wikimedia.org/wiki/File:Tallkrona_i_naturreservatet_Flaten.jpg,VulpesVulpes42,CC BY-SA 4.0,Pinus,conifer,4032,3024
163,tree_0163.jpg,512,512,JPEG,89964,a12e76689cf8f09adf6c3a8628b93565a761f417,226,File:The winter tree (Explore 2016-01-29) - Flickr - nillamaria.jpg,https://commons.wikimedia.org/wiki/File:The_winter_tree_(Explore_2016-01-29)_-_Flickr_-_nillamaria.jpg,"Gunilla G from Örnsköldsvik, Sweden",CC BY-SA 2.0,Pinus,conifer,3456,4649
164,tree_0164.jpg,512,512,JPEG,87517,45690f09d3c1e1e0e17327d0be8881e58096c3a8,227,"File:Tree-1280705, Dingle Peninsula, Co. Kerry, Ireland.jpg","https://commons.wikimedia.org/wiki/File:Tree-1280705,_Dingle_Peninsula,_Co._Kerry,_Ireland.jpg",Maoileann,CC BY-SA 4.0,Pinus,conifer,3672,4896
165,tree_0165.jpg,512,512,JPEG,111110,fcf6522bfc6add3104b5a875615d21d49e8bff00,229,"File:Tussen Uddel en Elspeet, boom in het veld IMG 4672 2020-04-16 14.42.jpg","https://commons.wikimedia.org/wiki/File:Tussen_Uddel_en_Elspeet,_boom_in_het_veld_IMG_4672_2020-04-16_14.42.jpg",Michielverbeek,CC BY-SA 4.0,Betula,broadleaf,3350,5112
166,tree_0166.jpg,512,512,JPEG,129262,29e5048a09a34fdfa4667466c62e08c3fd6e329f,230,File:Valnöt (Juglans regia) - Ystad-2025.jpg,https://commons.wikimedia.org/wiki/File:Valn%C3%B6t_(Juglans_regia)_-_Ystad-2025.jpg,Foto: Jonn Leffmann,CC BY 4.0,Juglans,broadleaf,1340,1600
167,tree_0167.jpg,512,512,JPEG,124800,e66c1181a437097c088159fd339da318518bbce8,231,"File:Villandiego, nogal.jpg","https://commons.wikimedia.org/wiki/File:Villandiego,_nogal.jpg",Óscar Esquivias,CC BY-SA 4.0,Juglans,broadleaf,3968,2976
168,tree_0168.jpg,512,512,JPEG,122805,bbfb898ad15f7261e236646a6aa762414c208104,232,File:Walnussbaum im Landschaftsschutzgebiet in Merzhausen am Schönberg.jpg,https://commons.wikimedia.org/wiki/File:Walnussbaum_im_Landschaftsschutzgebiet_in_Merzhausen_am_Sch%C3%B6nberg.jpg,Andreas Schwarzkopf,CC BY-SA 4.0,Juglans,broadleaf,4000,3000
169,tree_0169.jpg,512,512,JPEG,86807,0b158072adeba24d1e17e9fbdd01090ea3a28d9d,238,"File:White poplar (Populus alba) and Chinese hibiscus (Hibiscus rosa-sinensis) in courtyard, Our Lady of Tinos, Tinos, Greece julesvernex2-2.jpg","https://commons.wikimedia.org/wiki/File:White_poplar_(Populus_alba)_and_Chinese_hibiscus_(Hibiscus_rosa-sinensis)_in_courtyard,_Our_Lady_of_Tinos,_Tinos,_Greece_julesvernex2-2.jpg",Jules Verne Times Two,CC BY-SA 4.0,Populus,broadleaf,6198,4113
170,tree_0170.jpg,512,512,JPEG,119423,eeb879219a660bc6a0adcc7c2a5b31c659f6bd64,240,"File:Wuppertal, Frielinghausen 55, Stieleiche, von SW.jpg","https://commons.wikimedia.org/wiki/File:Wuppertal,_Frielinghausen_55,_Stieleiche,_von_SW.jpg",Im Fokus,CC BY-SA 4.0,Quercus,broadleaf,2631,3080
171,tree_0171.jpg,512,512,JPEG,132780,46fc330ad1c93682824f107b440709b20a93a4fa,241,File:Бяла топола 3.jpg,https://commons.wikimedia.org/wiki/File:%D0%91%D1%8F%D0%BB%D0%B0_%D1%82%D0%BE%D0%BF%D0%BE%D0%BB%D0%B0_3.jpg,Димитър Найденов / Dimìtar Nàydenov,CC BY-SA 3.0,Populus,broadleaf,4000,3000
172,tree_0172.jpg,512,512,JPEG,106204,ac8bc7ce55627ad4f4c24b19313190ec66e8c737,242,File:Бяла топола 7.jpg,https://commons.wikimedia.org/wiki/File:%D0%91%D1%8F%D0%BB%D0%B0_%D1%82%D0%BE%D0%BF%D0%BE%D0%BB%D0%B0_7.jpg,Димитър Найденов / Dimìtar Nàydenov,CC BY-SA 4.0,Populus,broadleaf,4000,3000
173,tree_0173.jpg,512,512,JPEG,143402,9297db1b628d33dbf78b4bcdcf6f51d5e36df107,243,File:Бяла топола 9.jpg,https://commons.wikimedia.org/wiki/File:%D0%91%D1%8F%D0%BB%D0%B0_%D1%82%D0%BE%D0%BF%D0%BE%D0%BB%D0%B0_9.jpg,Димитър Найденов / Dimìtar Nàydenov,CC BY-SA 4.0,Populus,broadleaf,4000,3000
174,tree_0174.jpg,512,512,JPEG,149761,ab06549b777df518a07453882e5191392bb2cd6f,244,"File:Вековен дъб, р. Синаповска.jpg","https://commons.wikimedia.org/wiki/File:%D0%92%D0%B5%D0%BA%D0%BE%D0%B2%D0%B5%D0%BD_%D0%B4%D1%8A%D0%B1,_%D1%80._%D0%A1%D0%B8%D0%BD%D0%B0%D0%BF%D0%BE%D0%B2%D1%81%D0%BA%D0%B0.jpg",Димитър Найденов / Dimìtar Nàydenov,CC BY-SA 4.0,Quercus,broadleaf,2997,2248
175,tree_0175.jpg,512,512,JPEG,145846,45f3c3363988e74e844498105016899664f00f0d,245,File:Вершина горы Болектау.jpg,https://commons.wikimedia.org/wiki/File:%D0%92%D0%B5%D1%80%D1%88%D0%B8%D0%BD%D0%B0_%D0%B3%D0%BE%D1%80%D1%8B_%D0%91%D0%BE%D0%BB%D0%B5%D0%BA%D1%82%D0%B0%D1%83.jpg,Intero Tillen,CC BY-SA 4.0,Pinus,conifer,3959,2825
176,tree_0176.jpg,512,512,JPEG,97806,8e74f4887acf8e7a11c6f685830a52d7416b4e9a,246,File:Всё та же одинокая сосна - panoramio.jpg,https://commons.wikimedia.org/wiki/File:%D0%92%D1%81%D1%91_%D1%82%D0%B0_%D0%B6%D0%B5_%D0%BE%D0%B4%D0%B8%D0%BD%D0%BE%D0%BA%D0%B0%D1%8F_%D1%81%D0%BE%D1%81%D0%BD%D0%B0_-_panoramio.jpg,Vadik_01,CC BY 3.0,Pinus,conifer,3264,4928
177,tree_0177.jpg,512,512,JPEG,117292,1a4161e4a18c566dc82f64dce884ced7d123ed5d,248,File:Дръжкоцветен дъб 12.jpg,https://commons.wikimedia.org/wiki/File:%D0%94%D1%80%D1%8A%D0%B6%D0%BA%D0%BE%D1%86%D0%B2%D0%B5%D1%82%D0%B5%D0%BD_%D0%B4%D1%8A%D0%B1_12.jpg,Димитър Найденов / Dimìtar Nàydenov,CC BY-SA 4.0,Quercus,broadleaf,4000,3000
178,tree_0178.jpg,512,512,JPEG,106459,4c02d2e1f4df57c4ceb4a9a444725a72fd432bcb,249,File:Дръжкоцветен дъб 2.jpg,https://commons.wikimedia.org/wiki/File:%D0%94%D1%80%D1%8A%D0%B6%D0%BA%D0%BE%D1%86%D0%B2%D0%B5%D1%82%D0%B5%D0%BD_%D0%B4%D1%8A%D0%B1_2.jpg,Димитър Найденов / Dimìtar Nàydenov,CC BY-SA 4.0,Quercus,broadleaf,3000,4000
179,tree_0179.jpg,512,512,JPEG,118314,978048e6815ee33f906d779669cbf42f328b6047,250,File:Зуринская сосна 02.jpg,https://commons.wikimedia.org/wiki/File:%D0%97%D1%83%D1%80%D0%B8%D0%BD%D1%81%D0%BA%D0%B0%D1%8F_%D1%81%D0%BE%D1%81%D0%BD%D0%B0_02.jpg,Yan.gorev,CC BY-SA 4.0,Pinus,conifer,3000,4000
180,tree_0180.jpg,512,512,JPEG,103835,8341f076bd897fee1ffa5161d32ab0abb7f8c516,251,File:Летен дъб.jpg,https://commons.wikimedia.org/wiki/File:%D0%9B%D0%B5%D1%82%D0%B5%D0%BD_%D0%B4%D1%8A%D0%B1.jpg,Utar Sigmal,CC BY-SA 4.0,Quercus,broadleaf,4000,3000
181,tree_0181.jpg,512,512,JPEG,107374,02f6e22c9b52d4657b4ffd6fcdb84de68888d530,253,File:Стар дъб 2.jpg,https://commons.wikimedia.org/wiki/File:%D0%A1%D1%82%D0%B0%D1%80_%D0%B4%D1%8A%D0%B1_2.jpg,Димитър Найденов / Dimìtar Nàydenov,CC BY-SA 4.0,Quercus,broadleaf,4000,3000
182,tree_0182.jpg,512,512,JPEG,97906,9709fb11def492205a7c79c37de443affa73af7f,254,File:Стар дъб 3.jpg,https://commons.wikimedia.org/wiki/File:%D0%A1%D1%82%D0%B0%D1%80_%D0%B4%D1%8A%D0%B1_3.jpg,Димитър Найденов / Dimìtar Nàydenov,CC BY-SA 4.0,Quercus,broadleaf,4000,3000
183,tree_0183.jpg,512,512,JPEG,41929,04d5000e901f0019f3157afd8443344af30d9899,255,File:2007-04-27 15-01-09 Germany Baden-Württemberg Lausheim.jpg,https://commons.wikimedia.org/wiki/File:2007-04-27_15-01-09_Germany_Baden-W%C3%BCrttemberg_Lausheim.jpg,Hansueli Krapf  This   file was uploaded  with Commonist.,CC BY-SA 3.0,,unknown,2048,1536
184,tree_0184.jpg,512,512,JPEG,95658,8bc5e2ddfec386c0acf0162ff236d5a16fb57965,256,"File:A tree South of Doel, Belgium (DSCF3807).jpg","https://commons.wikimedia.org/wiki/File:A_tree_South_of_Doel,_Belgium_(DSCF3807).jpg",Trougnouf,CC BY 4.0,,unknown,4721,3253
185,tree_0185.jpg,512,512,JPEG,113913,a60e28a66a19b4d20f4cd675cd4421cb9c75fb2a,257,"File:A tree South of Doel, Belgium (DSCF3811).jpg","https://commons.wikimedia.org/wiki/File:A_tree_South_of_Doel,_Belgium_(DSCF3811).jpg",Trougnouf,CC BY 4.0,,unknown,4936,3296
186,tree_0186.jpg,512,512,JPEG,140164,f7ccb8dbf143225bf7899835252511c305e6cb38,258,File:Adansonia digitata MS 10040.jpg,https://commons.wikimedia.org/wiki/File:Adansonia_digitata_MS_10040.jpg,Marco Schmidt[1],CC BY-SA 3.0,Adansonia,broadleaf,3456,2304
187,tree_0187.jpg,512,512,JPEG,125064,88e8191556d5778bd2ededa5890cee02a3fc018e,259,File:Adansonia digitata.jpg,https://commons.wikimedia.org/wiki/File:Adansonia_digitata.jpg,Hans Hillewaert,CC BY-SA 3.0,Adansonia,broadleaf,3208,2406
188,tree_0188.jpg,512,512,JPEG,113560,603a51c654d4880e0a06e6b8992b3ed977016d3f,260,"File:Balloërveld, natuurgebied in Drenthe 32.jpg","https://commons.wikimedia.org/wiki/File:Ballo%C3%ABrveld,_natuurgebied_in_Drenthe_32.jpg",Dominicus Johannes Bergsma,CC BY-SA 4.0,Betula,broadleaf,5101,3401
189,tree_0189.jpg,512,512,JPEG,71855,cb8b4b6a96465cd730738432e320815cc1b365b1,261,File:Baum in Kärnten 037.jpg,https://commons.wikimedia.org/wiki/File:Baum_in_K%C3%A4rnten_037.jpg,zause01,Public domain,,unknown,4000,2649
190,tree_0190.jpg,512,512,JPEG,123394,62bb46aca38f9a4ec134fd0f6d6efb46edf5e675,263,File:Breda Galderse Heide 2024-10-05-1.jpg,https://commons.wikimedia.org/wiki/File:Breda_Galderse_Heide_2024-10-05-1.jpg,Renée Kools,CC BY 4.0,,unknown,3900,2500
191,tree_0191.jpg,512,512,JPEG,99159,4b98acdaef3015a8c0251ceae9dc8a30abdcc0cc,264,File:Breda Galderse Heide 2024-10-05-2 (cropped).jpg,https://commons.wikimedia.org/wiki/File:Breda_Galderse_Heide_2024-10-05-2_(cropped).jpg,Renée Kools,CC BY 4.0,Quercus,broadleaf,4200,4200
192,tree_0192.jpg,512,512,JPEG,91574,5d657b435f4b5049ba7944bad9d3087854e1c6f3,265,File:Breda Galderse Heide 2025-01-18.jpg,https://commons.wikimedia.org/wiki/File:Breda_Galderse_Heide_2025-01-18.jpg,Renée Kools,CC BY 4.0,Quercus,broadleaf,3600,3600
193,tree_0193.jpg,512,512,JPEG,115945,34ab744d4a7d4c37414eaf41a918d755d1479a92,266,"File:Cook (AU), Trans Access Road -- 2019 -- 0650.jpg","https://commons.wikimedia.org/wiki/File:Cook_(AU),_Trans_Access_Road_--_2019_--_0650.jpg",Dietmar Rabich,CC BY-SA 4.0,,unknown,4480,6720
194,tree_0194.jpg,512,512,JPEG,151021,67f00be3bab7c31d4404adcef6687d3efdab5939,267,File:Deidesheim Marlachwiesen 005 2021 04 24.jpg,https://commons.wikimedia.org/wiki/File:Deidesheim_Marlachwiesen_005_2021_04_24.jpg,Friedrich Haag,CC BY-SA 4.0,,unknown,2092,2867
195,tree_0195.jpg,512,512,JPEG,97363,b6aa1b112b334e285577419a94331879a77d7130,268,"File:Dülmen, Börnste, Sonnenaufgang -- 2020 -- 6080-4.jpg","https://commons.wikimedia.org/wiki/File:D%C3%BClmen,_B%C3%B6rnste,_Sonnenaufgang_--_2020_--_6080-4.jpg",Dietmar Rabich,CC BY-SA 4.0,,unknown,6633,4422
196,tree_0196.jpg,512,512,JPEG,125482,d1c01d8547ddb7406f8f31743a717dfea9372f05,269,"File:Dülmen, Börnste, Zaun an einer Weide -- 2021 -- 6870.jpg","https://commons.wikimedia.org/wiki/File:D%C3%BClmen,_B%C3%B6rnste,_Zaun_an_einer_Weide_--_2021_--_6870.jpg",Dietmar Rabich,CC BY-SA 4.0,,unknown,5973,4480
197,tree_0197.jpg,512,512,JPEG,102652,06f0377bfb02fb791d566f7a55afb7a3c39fcf95,270,"File:Dülmen, Hausdülmen, Baum -- 2022 -- 9677.jpg","https://commons.wikimedia.org/wiki/File:D%C3%BClmen,_Hausd%C3%BClmen,_Baum_--_2022_--_9677.jpg",Dietmar Rabich,CC BY-SA 4.0,Populus,broadleaf,6720,4480
198,tree_0198.jpg,512,512,JPEG,145583,00582f7ae659d63ba3890a004fc7786020355bcd,271,"File:Dülmen, Hausdülmen, Baum am Heubach -- 2016 -- 3692.jpg","https://commons.wikimedia.org/wiki/File:D%C3%BClmen,_Hausd%C3%BClmen,_Baum_am_Heubach_--_2016_--_3692.jpg",Dietmar Rabich,CC BY-SA 4.0,Populus,broadleaf,3648,5472
199,tree_0199.jpg,512,512,JPEG,82907,1d618ad14b4fd940fa2487c50d5d39c9110251a7,272,"File:Dülmen, Hausdülmen, Baum am Heubach -- 2021 -- 4762.jpg","https://commons.wikimedia.org/wiki/File:D%C3%BClmen,_Hausd%C3%BClmen,_Baum_am_Heubach_--_2021_--_4762.jpg",Dietmar Rabich,CC BY-SA 4.0,Populus,broadleaf,6680,4453
200,tree_0200.jpg,512,512,JPEG,105217,cc5b8e2bc61c59e3f40714b517ff43d1a847984b,273,"File:Dülmen, Hausdülmen, Baum am Heubach -- 2021 -- 4767.jpg","https://commons.wikimedia.org/wiki/File:D%C3%BClmen,_Hausd%C3%BClmen,_Baum_am_Heubach_--_2021_--_4767.jpg",Dietmar Rabich,CC BY-SA 4.0,Populus,broadleaf,6720,4480
201,tree_0201.jpg,512,512,JPEG,76728,b3ae6ea531e532df82b2a66fb7030260d794e641,274,"File:Dülmen, Hausdülmen, Baum am Heubach -- 2021 -- 4769 (bw).jpg","https://commons.wikimedia.org/wiki/File:D%C3%BClmen,_Hausd%C3%BClmen,_Baum_am_Heubach_--_2021_--_4769_(bw).jpg",Dietmar Rabich,CC BY-SA 4.0,Populus,broadleaf,6720,4480
202,tree_0202.jpg,512,512,JPEG,99603,3f7344fb913281f1c72bab47a156c757e6ac0777,276,"File:Dülmen, Hausdülmen, Baum am Heubach -- 2021 -- 4771.jpg","https://commons.wikimedia.org/wiki/File:D%C3%BClmen,_Hausd%C3%BClmen,_Baum_am_Heubach_--_2021_--_4771.jpg",Dietmar Rabich,CC BY-SA 4.0,Populus,broadleaf,4480,6720
203,tree_0203.jpg,512,512,JPEG,117857,076819d71f0c5e162bfd3395ee117a0dd93a82a9,280,"File:Dülmen, Hausdülmen, Brücke am Strandbadweg -- 2021 -- 4869.jpg","https://commons.wikimedia.org/wiki/File:D%C3%BClmen,_Hausd%C3%BClmen,_Br%C3%BCcke_am_Strandbadweg_--_2021_--_4869.jpg",Dietmar Rabich,CC BY-SA 4.0,,unknown,6720,4480
204,tree_0204.jpg,512,512,JPEG,99373,fb9687a37194873a127441bcd0a9e0aab1804a66,281,"File:Dülmen, Hausdülmen, Heubach -- 2019 -- 3269.jpg","https://commons.wikimedia.org/wiki/File:D%C3%BClmen,_Hausd%C3%BClmen,_Heubach_--_2019_--_3269.jpg",Dietmar Rabich,CC BY-SA 4.0,Populus,broadleaf,4478,6717
205,tree_0205.jpg,512,512,JPEG,117798,9674ce8d9b97dc59e7e58f1f756dd34f06256641,282,"File:Dülmen, Hausdülmen, Heubach -- 2020 -- 6351.jpg","https://commons.wikimedia.org/wiki/File:D%C3%BClmen,_Hausd%C3%BClmen,_Heubach_--_2020_--_6351.jpg",Dietmar Rabich,CC BY-SA 4.0,Populus,broadleaf,4480,6720
206,tree_0206.jpg,512,512,JPEG,122670,2d15da8b987874f649d74e021a49aae0f39b1517,283,"File:Dülmen, Hausdülmen, Heubach -- 2020 -- 6353.jpg","https://commons.wikimedia.org/wiki/File:D%C3%BClmen,_Hausd%C3%BClmen,_Heubach_--_2020_--_6353.jpg",Dietmar Rabich,CC BY-SA 4.0,Populus,broadleaf,4480,6720
207,tree_0207.jpg,512,512,JPEG,132331,5a6b42a798233849684f393aa0e433bf0c3ebfb6,284,"File:Dülmen, Hausdülmen, Heubach -- 2020 -- 6357.jpg","https://commons.wikimedia.org/wiki/File:D%C3%BClmen,_Hausd%C3%BClmen,_Heubach_--_2020_--_6357.jpg",Dietmar Rabich,CC BY-SA 4.0,Populus,broadleaf,6720,4480
208,tree_0208.jpg,512,512,JPEG,139507,0b2909450c8007497c8a0a86baeb56dd794bf590,285,"File:Dülmen, Hausdülmen, Heubach -- 2020 -- 6359.jpg","https://commons.wikimedia.org/wiki/File:D%C3%BClmen,_Hausd%C3%BClmen,_Heubach_--_2020_--_6359.jpg",Dietmar Rabich,CC BY-SA 4.0,Populus,broadleaf,4480,6720
209,tree_0209.jpg,512,512,JPEG,130407,2aa38577e53b02c85b775b9098b5dca19fd56287,287,"File:Dülmen, Hausdülmen, Heubach -- 2022 -- 9673.jpg","https://commons.wikimedia.org/wiki/File:D%C3%BClmen,_Hausd%C3%BClmen,_Heubach_--_2022_--_9673.jpg",Dietmar Rabich,CC BY-SA 4.0,Populus,broadleaf,5973,4480
210,tree_0210.jpg,512,512,JPEG,135544,388ac80ee3625432df1489460d29dc94a61da3f4,290,"File:Dülmen, Kirchspiel, Börnste, Baum im Feld -- 2022 -- 4590.jpg","https://commons.wikimedia.org/wiki/File:D%C3%BClmen,_Kirchspiel,_B%C3%B6rnste,_Baum_im_Feld_--_2022_--_4590.jpg",Dietmar Rabich,CC BY-SA 4.0,,unknown,6591,4394
211,tree_0211.jpg,512,512,JPEG,136070,db6f899e1e223d70e49a70fc08c368e268d663e8,291,"File:Dülmen, Kirchspiel, Dernekamp, Baum -- 2021 -- 9402.jpg","https://commons.wikimedia.org/wiki/File:D%C3%BClmen,_Kirchspiel,_Dernekamp,_Baum_--_2021_--_9402.jpg",Dietmar Rabich,CC BY-SA 4.0,,unknown,6720,4480
212,tree_0212.jpg,512,512,JPEG,139699,56d1e11fe1e228a26818d23100a7c63ce6c3fd4d,292,"File:Dülmen, Kirchspiel, Dernekamp, Baum -- 2021 -- 9412.jpg","https://commons.wikimedia.org/wiki/File:D%C3%BClmen,_Kirchspiel,_Dernekamp,_Baum_--_2021_--_9412.jpg",Dietmar Rabich,CC BY-SA 4.0,,unknown,6720,4480
213,tree_0213.jpg,512,512,JPEG,144814,92e6f878c6592359780fba7d104035d45b6b32e7,293,"File:Dülmen, Kirchspiel, Dernekamp, Baum -- 2021 -- 9413 (bw).jpg","https://commons.wikimedia.org/wiki/File:D%C3%BClmen,_Kirchspiel,_Dernekamp,_Baum_--_2021_--_9413_(bw).jpg",Dietmar Rabich,CC BY-SA 4.0,,unknown,6367,4480
214,tree_0214.jpg,512,512,JPEG,139657,532048fee6597be782fc00c3473880e00bc8a3c6,295,"File:Dülmen, Kirchspiel, Dernekamp, Bäume im Sonnenaufgang -- 2023 -- 6318-22.jpg","https://commons.wikimedia.org/wiki/File:D%C3%BClmen,_Kirchspiel,_Dernekamp,_B%C3%A4ume_im_Sonnenaufgang_--_2023_--_6318-22.jpg",Dietmar Rabich,CC BY-SA 4.0,,unknown,6719,4479
215,tree_0215.jpg,512,512,JPEG,155924,2043b191b12a71868150abc563d5aeaa2b2bc2dd,296,"File:Dülmen, Kirchspiel, Dernekamp, Bäume im Sonnenaufgang -- 2023 -- 6333-7.jpg","https://commons.wikimedia.org/wiki/File:D%C3%BClmen,_Kirchspiel,_Dernekamp,_B%C3%A4ume_im_Sonnenaufgang_--_2023_--_6333-7.jpg",Dietmar Rabich,CC BY-SA 4.0,,unknown,4454,5568
216,tree_0216.jpg,512,512,JPEG,108002,bc23ae78b497f277793f1ab706d5c50858dacd29,298,"File:Dülmen, Kirchspiel, Feld am Oedlerteich -- 2017 -- 5998.jpg","https://commons.wikimedia.org/wiki/File:D%C3%BClmen,_Kirchspiel,_Feld_am_Oedlerteich_--_2017_--_5998.jpg",Dietmar Rabich,CC BY-SA 4.0,,unknown,5472,3648
217,tree_0217.jpg,512,512,JPEG,103421,0c421133b53d1fc7450e1c0668fa15cd09e65cea,299,"File:Dülmen, Kirchspiel, Feld am Oedlerteich -- 2017 -- 6001.jpg","https://commons.wikimedia.org/wiki/File:D%C3%BClmen,_Kirchspiel,_Feld_am_Oedlerteich_--_2017_--_6001.jpg",Dietmar Rabich,CC BY-SA 4.0,,unknown,5472,3648
218,tree_0218.jpg,512,512,JPEG,124650,8ded85e5839bf26d624d3fdde6cab5aa3c8eb891,303,"File:Dülmen, Kirchspiel, Naturschutzgebiet -Karthäuser Mühlenbach- -- 2015 -- 4478.jpg","https://commons.wikimedia.org/wiki/File:D%C3%BClmen,_Kirchspiel,_Naturschutzgebiet_-Karth%C3%A4user_M%C3%BChlenbach-_--_2015_--_4478.jpg",Dietmar Rabich,CC BY-SA 4.0,,unknown,3456,5184
219,tree_0219.jpg,512,512,JPEG,114127,7ea43a98d805f52b015f5a5b954f5a8f96fa8038,304,"File:Dülmen, Kirchspiel, Naturschutzgebiet -Karthäuser Mühlenbach- -- 2015 -- 4479.jpg","https://commons.wikimedia.org/wiki/File:D%C3%BClmen,_Kirchspiel,_Naturschutzgebiet_-Karth%C3%A4user_M%C3%BChlenbach-_--_2015_--_4479.jpg",Dietmar Rabich,CC BY-SA 4.0,,unknown,4143,3233
220,tree_0220.jpg,512,512,JPEG,133321,a7bf948f587709cfeef0175d13c081ef1ccd80bb,305,"File:Dülmen, Wildpark -- 2013 -- 9928.jpg","https://commons.wikimedia.org/wiki/File:D%C3%BClmen,_Wildpark_--_2013_--_9928.jpg",Dietmar Rabich,CC BY-SA 4.0,,unknown,3456,5184
221,tree_0221.jpg,512,512,JPEG,122538,8dc136046eab23ef1362e3e82886a3805e0cb315,306,"File:Dülmen, Wildpark -- 2014 -- 3832.jpg","https://commons.wikimedia.org/wiki/File:D%C3%BClmen,_Wildpark_--_2014_--_3832.jpg",Dietmar Rabich,CC BY-SA 4.0,,unknown,5472,3648
222,tree_0222.jpg,512,512,JPEG,125926,e5933a1d5be97d75a8c237b99ffca9c71e78d55d,307,"File:Dülmen, Wildpark -- 2014 -- 3841.jpg","https://commons.wikimedia.org/wiki/File:D%C3%BClmen,_Wildpark_--_2014_--_3841.jpg",Dietmar Rabich,CC BY-SA 4.0,,unknown,5472,3648
223,tree_0223.jpg,512,512,JPEG,126798,b877ea741b89bed544168c8f29f021000b4cea5a,308,"File:Dülmen, Wildpark -- 2014 -- 3849.jpg","https://commons.wikimedia.org/wiki/File:D%C3%BClmen,_Wildpark_--_2014_--_3849.jpg",Dietmar Rabich,CC BY-SA 4.0,,unknown,3419,4847
224,tree_0224.jpg,512,512,JPEG,111817,6c2e8a3460dbf66179e2e69a3df4ffdbd684c49b,309,"File:Dülmen, Wildpark -- 2014 -- 3852.jpg","https://commons.wikimedia.org/wiki/File:D%C3%BClmen,_Wildpark_--_2014_--_3852.jpg",Dietmar Rabich,CC BY-SA 4.0,,unknown,5472,3648
225,tree_0225.jpg,512,512,JPEG,113553,6a60a85dde34d6a3ec56b9038db5b7ff16d2d5e9,310,"File:Dülmen, Wildpark -- 2017 -- 6016.jpg","https://commons.wikimedia.org/wiki/File:D%C3%BClmen,_Wildpark_--_2017_--_6016.jpg",Dietmar Rabich,CC BY-SA 4.0,,unknown,5472,3648
226,tree_0226.jpg,512,512,JPEG,145399,0a626a5aa9428078217c8c6ac723c795ce3aa526,311,"File:Dülmen, Wildpark -- 2018 -- 0369.jpg","https://commons.wikimedia.org/wiki/File:D%C3%BClmen,_Wildpark_--_2018_--_0369.jpg",Dietmar Rabich,CC BY-SA 4.0,,unknown,4480,6720
227,tree_0227.jpg,512,512,JPEG,124492,15b29f56874c306e7ba5c93f72ed0a1de1e780a1,312,"File:Dülmen, Wildpark -- 2018 -- 0372.jpg","https://commons.wikimedia.org/wiki/File:D%C3%BClmen,_Wildpark_--_2018_--_0372.jpg",Dietmar Rabich,CC BY-SA 4.0,,unknown,4480,6720
228,tree_0228.jpg,512,512,JPEG,120475,6bb9ca1d10f31cc39c89467508c5aa73e24da6bf,313,"File:Dülmen, Wildpark -- 2018 -- 0377.jpg","https://commons.wikimedia.org/wiki/File:D%C3%BClmen,_Wildpark_--_2018_--_0377.jpg",Dietmar Rabich,CC BY-SA 4.0,,unknown,6720,4480
229,tree_0229.jpg,512,512,JPEG,117754,eaf3588cd96a3d4b257f1f2ab241526c443b9af9,314,"File:Dülmen, Wildpark -- 2018 -- 0380.jpg","https://commons.wikimedia.org/wiki/File:D%C3%BClmen,_Wildpark_--_2018_--_0380.jpg",Dietmar Rabich,CC BY-SA 4.0,,unknown,6720,4480
230,tree_0230.jpg,512,512,JPEG,155424,1992f43c493dbc73f2aec540e5de4fba0bc5ceb8,315,"File:Dülmen, Wildpark -- 2018 -- 2382.jpg","https://commons.wikimedia.org/wiki/File:D%C3%BClmen,_Wildpark_--_2018_--_2382.jpg",Dietmar Rabich,CC BY-SA 4.0,,unknown,6036,4024
231,tree_0231.jpg,512,512,JPEG,134750,96dae5dc189705fbc81333de2a8e611ee0fdffe2,316,"File:Dülmen, Wildpark -- 2020 -- 3427.jpg","https://commons.wikimedia.org/wiki/File:D%C3%BClmen,_Wildpark_--_2020_--_3427.jpg",Dietmar Rabich,CC BY-SA 4.0,,unknown,5937,4453
232,tree_0232.jpg,512,512,JPEG,128479,c495cebeb080bc772be56b455cfd23d5a90671c8,318,"File:Dülmen, Wildpark -- 2020 -- 3449.jpg","https://commons.wikimedia.org/wiki/File:D%C3%BClmen,_Wildpark_--_2020_--_3449.jpg",Dietmar Rabich,CC BY-SA 4.0,,unknown,5452,4362
233,tree_0233.jpg,512,512,JPEG,134746,29cff7b9e74ecae19f9c4c3458e2e96203f22f7b,319,"File:Dülmen, Wildpark -- 2020 -- 7841.jpg","https://commons.wikimedia.org/wiki/File:D%C3%BClmen,_Wildpark_--_2020_--_7841.jpg",Dietmar Rabich,CC BY-SA 4.0,,unknown,6256,4171
234,tree_0234.jpg,512,512,JPEG,136544,de1aae5e6c1e87ae39760a9771f39067290984e9,320,"File:Dülmen, Wildpark, Baum am Herzteich -- 2022 -- 0338-40.jpg","https://commons.wikimedia.org/wiki/File:D%C3%BClmen,_Wildpark,_Baum_am_Herzteich_--_2022_--_0338-40.jpg",Dietmar Rabich,CC BY-SA 4.0,Quercus,broadleaf,5955,4466
235,tree_0235.jpg,512,512,JPEG,139973,cc7abc36dccc1248ab265e0a2dc498b10b78c829,321,"File:Dülmen, Wildpark, Baum am Herzteich -- 2022 -- 0365-7.jpg","https://commons.wikimedia.org/wiki/File:D%C3%BClmen,_Wildpark,_Baum_am_Herzteich_--_2022_--_0365-7.jpg",Dietmar Rabich,CC BY-SA 4.0,Quercus,broadleaf,4463,5951
236,tree_0236.jpg,512,512,JPEG,112887,d088e2c8c01c05281fa5cac90cd283490da1b9f4,322,"File:Dülmen, Wildpark, Brücke am Herzteich -- 2026 -- 0098.jpg","https://commons.wikimedia.org/wiki/File:D%C3%BClmen,_Wildpark,_Br%C3%BCcke_am_Herzteich_--_2026_--_0098.jpg",Dietmar Rabich,CC BY-SA 4.0,Quercus,broadleaf,6769,5077
237,tree_0237.jpg,512,512,JPEG,113590,14bf0a9b0bd36bee756ea33f3e2e9d9a41f46d5b,324,"File:Dülmen, Wildpark, Rot-Eiche -- 2026 -- 0091.jpg","https://commons.wikimedia.org/wiki/File:D%C3%BClmen,_Wildpark,_Rot-Eiche_--_2026_--_0091.jpg",Dietmar Rabich,CC BY-SA 4.0,Quercus,broadleaf,5152,5152
238,tree_0238.jpg,512,512,JPEG,116837,39ce04d5796906efc931af76c86eb0cd28e7ad60,325,"File:Dülmen, Wildpark, Solitärbaum -- 2022 -- 0303.jpg","https://commons.wikimedia.org/wiki/File:D%C3%BClmen,_Wildpark,_Solit%C3%A4rbaum_--_2022_--_0303.jpg",Dietmar Rabich,CC BY-SA 4.0,,unknown,5883,4412
239,tree_0239.jpg,512,512,JPEG,123846,d2250de3a4bf8c5739ba45264318c2fc0a998b26,326,"File:Dülmen, Wildpark, Solitärbaum -- 2022 -- 0304.jpg","https://commons.wikimedia.org/wiki/File:D%C3%BClmen,_Wildpark,_Solit%C3%A4rbaum_--_2022_--_0304.jpg",Dietmar Rabich,CC BY-SA 4.0,,unknown,5960,4470
240,tree_0240.jpg,512,512,JPEG,139550,1fc1c7f313ff1c1ed6de12eedfd45a62e16cd3ac,327,File:Fig Tree Mumbwa Zambia Jul23 A7C 05647.jpg,https://commons.wikimedia.org/wiki/File:Fig_Tree_Mumbwa_Zambia_Jul23_A7C_05647.jpg,"This Photo was taken by Timothy A. Gonsalves.  Feel free to use my photos, but please mention me as the author.  I would",CC BY-SA 4.0,Ficus,broadleaf,4000,6000
241,tree_0241.jpg,512,512,JPEG,126307,efc1ce2e3f537559900a280f333ffcc10d8d34e1,328,File:Forst an der Weinstraße Weisling 003 2021 04 02.jpg,https://commons.wikimedia.org/wiki/File:Forst_an_der_Weinstra%C3%9Fe_Weisling_003_2021_04_02.jpg,Friedrich Haag,CC BY-SA 4.0,,unknown,2413,2485
242,tree_0242.jpg,512,512,JPEG,89301,e79caadfb01ade912d1649d431cb9a6d173d99a2,329,File:Galder Kerzelseweg Pinus sylvestris 2025-06-30.jpg,https://commons.wikimedia.org/wiki/File:Galder_Kerzelseweg_Pinus_sylvestris_2025-06-30.jpg,Renée Kools,CC BY 4.0,Pinus,conifer,3600,4800
243,tree_0243.jpg,512,512,JPEG,142972,0d32cb0b87c7266a13285542eadc0da3198cc10d,330,"File:Haltern am See, Flaesheim, Naturdenkmal Sommerlinde am Stiftsplatz -- 2015 -- 6660.jpg","https://commons.wikimedia.org/wiki/File:Haltern_am_See,_Flaesheim,_Naturdenkmal_Sommerlinde_am_Stiftsplatz_--_2015_--_6660.jpg",Dietmar Rabich,CC BY-SA 4.0,Tilia,broadleaf,3333,4677
244,tree_0244.jpg,512,512,JPEG,93708,65fb5623c6ac4ae856899113c426f2e792fdb65e,331,"File:Haltern am See, Sythen, Umland -- 2018 -- 0125.jpg","https://commons.wikimedia.org/wiki/File:Haltern_am_See,_Sythen,_Umland_--_2018_--_0125.jpg",Dietmar Rabich,CC BY-SA 4.0,Betula,broadleaf,6000,4000
245,tree_0245.jpg,512,512,JPEG,102082,960f345d7aaf8ab2e75ff95293ccf4536e1ea996,332,"File:Haltern am See, Sythen, Umland -- 2018 -- 0127.jpg","https://commons.wikimedia.org/wiki/File:Haltern_am_See,_Sythen,_Umland_--_2018_--_0127.jpg",Dietmar Rabich,CC BY-SA 4.0,Betula,broadleaf,6000,4000
246,tree_0246.jpg,512,512,JPEG,93399,cc899674d1c9a417e3e0728782056b983fc85822,333,"File:Haltern am See, Sythen, Umland -- 2018 -- 0128.jpg","https://commons.wikimedia.org/wiki/File:Haltern_am_See,_Sythen,_Umland_--_2018_--_0128.jpg",Dietmar Rabich,CC BY-SA 4.0,Betula,broadleaf,6000,4000
247,tree_0247.jpg,512,512,JPEG,111008,d6c16b61209ccbc0ed5dfa9097aef434bae4291e,334,"File:Haltern am See, Westruper Heide -- 2015 -- 7942-6.jpg","https://commons.wikimedia.org/wiki/File:Haltern_am_See,_Westruper_Heide_--_2015_--_7942-6.jpg",Dietmar Rabich,CC BY-SA 4.0,,unknown,5434,3609
248,tree_0248.jpg,512,512,JPEG,112978,0871414524f40a88ca1c2acb451d0910d5cd3940,336,"File:Haltern am See, Westruper Heide -- 2015 -- 8318.jpg","https://commons.wikimedia.org/wiki/File:Haltern_am_See,_Westruper_Heide_--_2015_--_8318.jpg",Dietmar Rabich,CC BY-SA 4.0,Betula,broadleaf,5472,3648
249,tree_0249.jpg,512,512,JPEG,110955,ed61e5e51b8bb434fa870048f5566ad427668919,337,"File:Haltern am See, Westruper Heide -- 2015 -- 8326-30.jpg","https://commons.wikimedia.org/wiki/File:Haltern_am_See,_Westruper_Heide_--_2015_--_8326-30.jpg",Dietmar Rabich,CC BY-SA 4.0,,unknown,5494,3669
250,tree_0250.jpg,512,512,JPEG,86375,a1cdb9912ef8009811e6260ebf866eec65c94035,339,"File:Haltern am See, Westruper Heide -- 2015 -- 8347.jpg","https://commons.wikimedia.org/wiki/File:Haltern_am_See,_Westruper_Heide_--_2015_--_8347.jpg",Dietmar Rabich,CC BY-SA 4.0,,unknown,5472,3648
251,tree_0251.jpg,512,512,JPEG,100944,0ab80c21718cce16992064c0579a0db04f65ee9d,341,File:Harstastate Hegebeintum (actm) 12.jpg,https://commons.wikimedia.org/wiki/File:Harstastate_Hegebeintum_(actm)_12.jpg,Agnes Monkelbaan,CC BY-SA 4.0,,unknown,4236,3177
252,tree_0252.jpg,512,512,JPEG,96382,c3b021bf4fae123fd7c21df68c0475d4cf06d4ab,342,File:Harstastate Hegebeintum (actm) 14.jpg,https://commons.wikimedia.org/wiki/File:Harstastate_Hegebeintum_(actm)_14.jpg,Agnes Monkelbaan,CC BY-SA 4.0,,unknown,3384,4993
253,tree_0253.jpg,512,512,JPEG,91339,cb0606efed95433c737d9058e9be745fa9c4746b,347,"File:Kakadu (AU), Kakadu National Park, Yellow Water -- 2019 -- 3983.jpg","https://commons.wikimedia.org/wiki/File:Kakadu_(AU),_Kakadu_National_Park,_Yellow_Water_--_2019_--_3983.jpg",Dietmar Rabich,CC BY-SA 4.0,,unknown,6720,4480
254,tree_0254.jpg,512,512,JPEG,119035,c3af7c76c71de9192d0eb694794c7b9ff7d7806a,348,File:Kasteeltenboschlede.jpg,https://commons.wikimedia.org/wiki/File:Kasteeltenboschlede.jpg,DirkVE,CC BY-SA 4.0,,unknown,4288,2848
255,tree_0255.jpg,512,512,JPEG,62955,e415ea96ddc3d3537392219ddc08dc76f7b753a1,349,"File:Koh Mak (island), Thailand, Solitary tree in lagoon.jpg","https://commons.wikimedia.org/wiki/File:Koh_Mak_(island),_Thailand,_Solitary_tree_in_lagoon.jpg",Vyacheslav Argenberg,CC BY 4.0,,unknown,4032,2688
256,tree_0256.jpg,512,512,JPEG,98356,e7ba88a21fe4281f6609dc0734396520a6ffcdee,351,"File:Lüdinghausen, Bauerschaft Reckelsum, Sonnenaufgang -- 2022 -- 9550-2.jpg","https://commons.wikimedia.org/wiki/File:L%C3%BCdinghausen,_Bauerschaft_Reckelsum,_Sonnenaufgang_--_2022_--_9550-2.jpg",Dietmar Rabich,CC BY-SA 4.0,,unknown,6700,4467
257,tree_0257.jpg,512,512,JPEG,94360,66ec2cec04b0c15c5c863fabbcd0fa3c71a112c4,352,"File:Lüdinghausen, Bauerschaft Reckelsum, Sonnenaufgang -- 2022 -- 9561-5.jpg","https://commons.wikimedia.org/wiki/File:L%C3%BCdinghausen,_Bauerschaft_Reckelsum,_Sonnenaufgang_--_2022_--_9561-5.jpg",Dietmar Rabich,CC BY-SA 4.0,,unknown,5953,4465
258,tree_0258.jpg,512,512,JPEG,107882,7cbea289fed5cf1b7b0b0b97493815c5da0d0857,354,File:Michelau Weinberg-20201024-RM-165125.jpg,https://commons.wikimedia.org/wiki/File:Michelau_Weinberg-20201024-RM-165125.jpg,Ermell,CC BY-SA 4.0,,unknown,5184,3888
259,tree_0259.jpg,512,512,JPEG,110311,600efe35ba3645a8945ca911fed3cafeab39ed0a,356,"File:Norderney, Dünenlandschaft -- 2018 -- 0932.jpg","https://commons.wikimedia.org/wiki/File:Norderney,_D%C3%BCnenlandschaft_--_2018_--_0932.jpg",Dietmar Rabich,CC BY-SA 4.0,,unknown,6720,4480
260,tree_0260.jpg,512,512,JPEG,102839,f0d56d8f8737d387627a92ea34da2cc1d19cfd8c,357,"File:Nottuln, Stevertal -- 2019 -- 4298.jpg","https://commons.wikimedia.org/wiki/File:Nottuln,_Stevertal_--_2019_--_4298.jpg",Dietmar Rabich,CC BY-SA 4.0,,unknown,6720,4480
261,tree_0261.jpg,512,512,JPEG,123983,90e08afeee8a11528ef6a703eb320e1c8ffe04c1,359,File:Oak in Tohogne autumn 2017.jpg,https://commons.wikimedia.org/wiki/File:Oak_in_Tohogne_autumn_2017.jpg,Pierre-Jacques Despa,CC BY-SA 4.0,Quercus,broadleaf,2848,4288
262,tree_0262.jpg,512,512,JPEG,116303,004105ba415523d7d7ac164a44ec0f52808eb795,360,File:Oak tree Sunol Regional Wilderness California 2023 dllu.jpg,https://commons.wikimedia.org/wiki/File:Oak_tree_Sunol_Regional_Wilderness_California_2023_dllu.jpg,Daniel Lu (User:dllu),CC BY-SA 4.0,Quercus,broadleaf,11648,8736
263,tree_0263.jpg,512,512,JPEG,107631,eb17d0aa7cf04042c34b364835ec91b239bbc4e1,361,"File:Pinus halepensis, Rosis, Hérault (01).jpg","https://commons.wikimedia.org/wiki/File:Pinus_halepensis,_Rosis,_H%C3%A9rault_(01).jpg",Christian Ferrer,CC BY-SA 3.0,Pinus,conifer,4928,3080
264,tree_0264.jpg,512,512,JPEG,119141,0969c912a175cb52f6be3f5109a94aaa686c2885,362,File:Rural landscape in Conques-en-Rouergue.jpg,https://commons.wikimedia.org/wiki/File:Rural_landscape_in_Conques-en-Rouergue.jpg,Krzysztof Golik,CC BY-SA 4.0,,unknown,4727,3281
265,tree_0265.jpg,512,512,JPEG,122871,b7866d06d7983deb15b2cb1c1a2e6262e5a4c9df,366,File:Tohogne tree.jpg,https://commons.wikimedia.org/wiki/File:Tohogne_tree.jpg,PJDespa,CC BY-SA 3.0,,unknown,2848,4288
266,tree_0266.jpg,512,512,JPEG,99975,7242c3ddfe3810e187f394d3bc00c4c5d7d846cc,367,File:Tree with mistletoe in Durbuy.jpg,https://commons.wikimedia.org/wiki/File:Tree_with_mistletoe_in_Durbuy.jpg,Pierre-Jacques DESPA,CC BY-SA 4.0,Prunus,broadleaf,2848,4288
267,tree_0267.jpg,512,512,JPEG,142416,aa5fbf26ec24d411a748375be43d61021891488c,368,"File:Villingen-Schwenningen, Schwenningen, Schwenniger Moos, Birke -- 2025 -- 8317.jpg","https://commons.wikimedia.org/wiki/File:Villingen-Schwenningen,_Schwenningen,_Schwenniger_Moos,_Birke_--_2025_--_8317.jpg",Dietmar Rabich,CC BY-SA 4.0,Betula,broadleaf,4173,6259
268,tree_0268.jpg,512,512,JPEG,119128,ba17f84e0ef767493c2216f28b711f3daed5fce9,371,"File:'t Jenneboom (abeel) te Borgloon , op het grenspunt van Mettekoven , Hoepertingen , Voort en Gotem. - 372069 - onroerenderfgoed.jpg","https://commons.wikimedia.org/wiki/File:%27t_Jenneboom_(abeel)_te_Borgloon_,_op_het_grenspunt_van_Mettekoven_,_Hoepertingen_,_Voort_en_Gotem._-_372069_-_onroerenderfgoed.jpg","Vandevorst, Kris",CC BY 4.0,,unknown,2464,1648
269,tree_0269.jpg,512,512,JPEG,71477,ffccded904d0efc7d6f0081cf7f029dc51f6117e,372,"File:'t Jenneboom (abeel) te Borgloon , op het grenspunt van Mettekoven , Hoepertingen , Voort en Gotem. - 372130 - onroerenderfgoed.jpg","https://commons.wikimedia.org/wiki/File:%27t_Jenneboom_(abeel)_te_Borgloon_,_op_het_grenspunt_van_Mettekoven_,_Hoepertingen_,_Voort_en_Gotem._-_372130_-_onroerenderfgoed.jpg","Vandevorst, Kris",CC BY 4.0,,unknown,2464,1648
270,tree_0270.jpg,512,512,JPEG,61023,536730f62f565319f50f2b526d12d587f85a898a,379,File:1 Drvo 06241.jpg,https://commons.wikimedia.org/wiki/File:1_Drvo_06241.jpg,Olja Simović,CC BY-SA 4.0,,unknown,1082,720
271,tree_0271.jpg,512,512,JPEG,126094,7e8198db62139a1a3dfa2895c1c0dbb86128c7d0,380,File:1-Veguillas-paisajeUrbano (2017)0063.jpg,https://commons.wikimedia.org/wiki/File:1-Veguillas-paisajeUrbano_(2017)0063.jpg,Alfredo SÁNCHEZ GARZÓN,CC BY-SA 4.0,,unknown,4512,3000
272,tree_0272.jpg,512,512,JPEG,139725,49324f0f155e8a9c24ae04067a5f10064a7ee10d,382,File:1300 yıl - panoramio.jpg,https://commons.wikimedia.org/wiki/File:1300_y%C4%B1l_-_panoramio.jpg,Yılmaz Kilim,CC BY 3.0,Olea,broadleaf,1024,1311
273,tree_0273.jpg,512,512,JPEG,50185,7af4bef320d7b0614a27a91955e7edc3b09dee3d,383,File:1st Arang Keil (Kashmir Pakistan) 07.jpg,https://commons.wikimedia.org/wiki/File:1st_Arang_Keil_(Kashmir_Pakistan)_07.jpg,Afzaal Shafi,CC BY-SA 3.0,,unknown,2000,2864
274,tree_0274.jpg,512,512,JPEG,114050,3847374e5c7ddc14daff83b8126b282ec60cb03c,385,File:2008 February - Trip to Castle Gight (4001016172).jpg,https://commons.wikimedia.org/wiki/File:2008_February_-_Trip_to_Castle_Gight_(4001016172).jpg,marsupium photography,CC BY-SA 2.0,,unknown,1704,2272
275,tree_0275.jpg,512,512,JPEG,67546,1f730e63f77131bbb33e77e14cea642ebf0177d4,386,File:2008-06-27 10-10-42 Namibia Khomas Schlesien.JPG,https://commons.wikimedia.org/wiki/File:2008-06-27_10-10-42_Namibia_Khomas_Schlesien.JPG,Hansueli Krapf  This   file was uploaded  with Commonist.,CC BY-SA 3.0,,unknown,2048,1536
276,tree_0276.jpg,512,512,JPEG,107115,8b101a29723c5f9c7b649bc433a6ecc70b7d03a0,387,File:2008-06-27 11-05-42 Namibia Khomas Oase.JPG,https://commons.wikimedia.org/wiki/File:2008-06-27_11-05-42_Namibia_Khomas_Oase.JPG,Hansueli Krapf  This   file was uploaded  with Commonist.,CC BY-SA 3.0,,unknown,1985,1489
277,tree_0277.jpg,512,512,JPEG,115077,ec08ccd762424254c62bca586ad72b2dc243517b,388,File:2008-06-27 11-08-26 Namibia Khomas Oase.JPG,https://commons.wikimedia.org/wiki/File:2008-06-27_11-08-26_Namibia_Khomas_Oase.JPG,Hansueli Krapf  This   file was uploaded  with Commonist.,CC BY-SA 3.0,,unknown,1536,2048
278,tree_0278.jpg,512,512,JPEG,115556,86f7c828d62a0bf93abe251dc2c0d8cd67813c4c,389,File:2010-09-25 08-35-07 Namibia Khomas Göllschau.jpg,https://commons.wikimedia.org/wiki/File:2010-09-25_08-35-07_Namibia_Khomas_G%C3%B6llschau.jpg,Hansueli Krapf,CC BY-SA 3.0,,unknown,4145,2753
279,tree_0279.jpg,512,512,JPEG,85451,3e25824bcb22f614fd2dfb08c290b629819fadcc,391,File:2012-04 Gmina Głogówek 01.jpg,https://commons.wikimedia.org/wiki/File:2012-04_Gmina_G%C5%82og%C3%B3wek_01.jpg,Ralf Lotys (Sicherlich),CC BY 3.0,Prunus,broadleaf,1547,2222
280,tree_0280.jpg,512,512,JPEG,145465,1e57990b3f5f9830e7ae706103fa93c1dfb89667,392,File:2012-04 Mokre 05.jpg,https://commons.wikimedia.org/wiki/File:2012-04_Mokre_05.jpg,Ralf Lotys (Sicherlich),CC BY 3.0,,unknown,1488,2222
281,tree_0281.jpg,512,512,JPEG,104849,bedde705145f6da4747159a6dc95fa31f5ed5f06,393,File:2012-04-28 15-31-02 Switzerland Kanton Schaffhausen Buch.JPG,https://commons.wikimedia.org/wiki/File:2012-04-28_15-31-02_Switzerland_Kanton_Schaffhausen_Buch.JPG,Hansueli Krapf  This   file was uploaded  with Commonist.,CC BY-SA 3.0,,unknown,3012,2001
282,tree_0282.jpg,512,512,JPEG,93841,03e0f924ce7d6f3cb37ab21e676fed002872a9f6,394,File:2012-04-28 16-04-22 Switzerland Kanton Schaffhausen Buch.JPG,https://commons.wikimedia.org/wiki/File:2012-04-28_16-04-22_Switzerland_Kanton_Schaffhausen_Buch.JPG,Hansueli Krapf  This   file was uploaded  with Commonist.,CC BY-SA 3.0,,unknown,3012,2001
283,tree_0283.jpg,512,512,JPEG,89597,dd4e86f86cadcea79e12f55d3cdc95962cf4b218,395,File:2012-05 Strumiany 02.jpg,https://commons.wikimedia.org/wiki/File:2012-05_Strumiany_02.jpg,Ralf Lotys (Sicherlich),CC BY 4.0,,unknown,3297,4946
284,tree_0284.jpg,512,512,JPEG,140594,099220b2122f1128d62f8731946baa05f1752bf5,396,File:2013-10-19 11-56-20 Switzerland Kanton Schaffhausen Dörflingen Neudörflingen.JPG,https://commons.wikimedia.org/wiki/File:2013-10-19_11-56-20_Switzerland_Kanton_Schaffhausen_D%C3%B6rflingen_Neud%C3%B6rflingen.JPG,Hansueli Krapf  This   file was uploaded  with Commonist.,CC BY-SA 3.0,,unknown,2776,4182
285,tree_0285.jpg,512,512,JPEG,106934,7b01ce9a12de1c35ec2c04fa55d9550724c43447,398,File:2014-04-17 Boomtuin Diepenheim Jeroen Kooijmans.jpg,https://commons.wikimedia.org/wiki/File:2014-04-17_Boomtuin_Diepenheim_Jeroen_Kooijmans.jpg,Jürgen Eissink,CC BY-SA 4.0,Quercus,broadleaf,2992,2992
286,tree_0286.jpg,512,512,JPEG,107056,a031d5eb0d4fca58c20065d725e334cda9479998,402,File:2019-07-03 Eik in Kerspel Goor.jpg,https://commons.wikimedia.org/wiki/File:2019-07-03_Eik_in_Kerspel_Goor.jpg,Jürgen Eissink,CC BY-SA 4.0,Quercus,broadleaf,4000,2664
287,tree_0287.jpg,512,512,JPEG,122084,5feaea64a41973f1cd224d56d03b6aef8e8ae267,404,File:2020 Nebory památný strom.jpg,https://commons.wikimedia.org/wiki/File:2020_Nebory_pam%C3%A1tn%C3%BD_strom.jpg,Qasinka,CC0,Quercus,broadleaf,2686,2015
288,tree_0288.jpg,512,512,JPEG,127555,a9f5dac1c5948b2096b2bb2820e850c6b1012eb1,405,File:2020-08-27 — Eik in weide achter Warmelo.jpg,https://commons.wikimedia.org/wiki/File:2020-08-27_%E2%80%94_Eik_in_weide_achter_Warmelo.jpg,Eissink,CC BY-SA 4.0,Quercus,broadleaf,3000,4000
289,tree_0289.jpg,512,512,JPEG,136925,8e8af449283a1e1e32d8bf668410fe07791e478c,406,"File:39040 Montan, Province of Bolzano - South Tyrol, Italy - panoramio.jpg","https://commons.wikimedia.org/wiki/File:39040_Montan,_Province_of_Bolzano_-_South_Tyrol,_Italy_-_panoramio.jpg",Alessandro Gigliotti,CC BY 3.0,,unknown,1200,1600
290,tree_0290.jpg,512,512,JPEG,111415,c347afd652e645de2dba8f5c0c6167a683996fb0,411,File:A Day tree.jpg,https://commons.wikimedia.org/wiki/File:A_Day_tree.jpg,Neil Harits S,CC BY-SA 4.0,,unknown,4160,3120
291,tree_0291.jpg,512,512,JPEG,82839,2807211da0539810e2d03db378db015a11b1df8e,414,File:A Lone Tree - geograph.org.uk - 3896654.jpg,https://commons.wikimedia.org/wiki/File:A_Lone_Tree_-_geograph.org.uk_-_3896654.jpg,Peter Jeffery,CC BY-SA 2.0,,unknown,1326,1989
292,tree_0292.jpg,512,512,JPEG,60556,b95e745885a65357c9aff5163fad802ddeab1804,415,File:A Lonely Tree (51867346).jpeg,https://commons.wikimedia.org/wiki/File:A_Lonely_Tree_(51867346).jpeg,Won Hyung Hee,CC BY 3.0,,unknown,2048,1365
293,tree_0293.jpg,512,512,JPEG,90904,66a4b79b12044e8ef4963c70cefcb1251ea1d41b,416,File:A Magnifica Serra da Canastra.JPG,https://commons.wikimedia.org/wiki/File:A_Magnifica_Serra_da_Canastra.JPG,Rodrigo Almeida Fernandes,CC BY-SA 3.0,,unknown,5040,3374
294,tree_0294.jpg,512,512,JPEG,103373,57dd3ab8fdc90eebfd7d757ea85f566f5e319974,417,"File:A Tree in Ragoubet el Golea, Bizerte.jpg","https://commons.wikimedia.org/wiki/File:A_Tree_in_Ragoubet_el_Golea,_Bizerte.jpg",Karim Chakroun,CC BY-SA 4.0,,unknown,1812,1359
295,tree_0295.jpg,512,512,JPEG,115771,24f3e17670c4ede18e43556788be5161cb54c16f,418,"File:A beech (weeping) at Church of Saint Nicholas, Walcot, Lincolnshire, England 01.JPG","https://commons.wikimedia.org/wiki/File:A_beech_(weeping)_at_Church_of_Saint_Nicholas,_Walcot,_Lincolnshire,_England_01.JPG",Acabashi,CC BY-SA 4.0,Fagus,broadleaf,2407,1806
296,tree_0296.jpg,512,512,JPEG,145978,bf446423e64664a7c3a33f88364704599d9b5a37,419,"File:A beech (weeping) at Church of Saint Nicholas, Walcot, Lincolnshire, England 02.JPG","https://commons.wikimedia.org/wiki/File:A_beech_(weeping)_at_Church_of_Saint_Nicholas,_Walcot,_Lincolnshire,_England_02.JPG",Acabashi,CC BY-SA 4.0,Fagus,broadleaf,2560,1920
297,tree_0297.jpg,512,512,JPEG,83988,b4fed4c9b65ab21134034a3a28136749206370e2,421,File:A few of my best memories as a Photographer. - Flickr - Christopher.Michel (20).jpg,https://commons.wikimedia.org/wiki/File:A_few_of_my_best_memories_as_a_Photographer._-_Flickr_-_Christopher.Michel_(20).jpg,Christopher Michel,CC BY 2.0,,unknown,1279,854
298,tree_0298.jpg,512,512,JPEG,88449,89e5b81de0917313eff1b4e0fa6189938f7eb5e6,422,File:A lone spruce tree in a grassy meadow (8ac97ae4-0422-4f25-a250-d828e19a9d8d).JPG,https://commons.wikimedia.org/wiki/File:A_lone_spruce_tree_in_a_grassy_meadow_(8ac97ae4-0422-4f25-a250-d828e19a9d8d).JPG,NPS,Public domain,,unknown,5616,3744
299,tree_0299.jpg,512,512,JPEG,62410,c80823abc40e9d2c2d931cc168d8e9e5bcab0bf1,423,File:A lone tree (3291832217).jpg,https://commons.wikimedia.org/wiki/File:A_lone_tree_(3291832217).jpg,"Weldon Kennedy from London, UK",CC BY 2.0,,unknown,3648,2736
300,tree_0300.jpg,512,512,JPEG,117910,a31fdc319b5aa9c7907b51d7c89ee0949c670390,424,File:A lone tree - geograph.org.uk - 5615292.jpg,https://commons.wikimedia.org/wiki/File:A_lone_tree_-_geograph.org.uk_-_5615292.jpg,Stanley Howe,CC BY-SA 2.0,,unknown,3672,4896
301,tree_0301.jpg,512,512,JPEG,126127,73c6e81307354b28033b6e6fa531bb90b6fcbd1a,425,File:A lone tree - geograph.org.uk - 5870195.jpg,https://commons.wikimedia.org/wiki/File:A_lone_tree_-_geograph.org.uk_-_5870195.jpg,Malcolm Neal,CC BY-SA 2.0,,unknown,2000,1333
302,tree_0302.jpg,512,512,JPEG,112038,d32356f7960b5dd185fcb89ad121804aa3f98769,428,"File:A lone tree, Drumragh - geograph.org.uk - 6070638.jpg","https://commons.wikimedia.org/wiki/File:A_lone_tree,_Drumragh_-_geograph.org.uk_-_6070638.jpg",Kenneth  Allen,CC BY-SA 2.0,,unknown,1024,685
303,tree_0303.jpg,512,512,JPEG,88602,5c389bc4b65b6fbf04141c94901fb5061f36999a,430,"File:A lonely tree Pyrgos,Elis Greece.jpg","https://commons.wikimedia.org/wiki/File:A_lonely_tree_Pyrgos,Elis_Greece.jpg",Theov999,CC BY-SA 4.0,,unknown,5184,3456
304,tree_0304.jpg,512,512,JPEG,64827,002b91af1d005c3567d5fd528b40c9060f5268bb,431,File:A skeleton of a tree.jpg,https://commons.wikimedia.org/wiki/File:A_skeleton_of_a_tree.jpg,Ted Moravec,CC0,,unknown,1413,2048
305,tree_0305.jpg,512,512,JPEG,114124,55872d5b31dc32f47ffe985186c8c5542d08533f,432,"File:A solitary tree at Parham Park, West Sussex, England.jpg","https://commons.wikimedia.org/wiki/File:A_solitary_tree_at_Parham_Park,_West_Sussex,_England.jpg",Acabashi,CC BY-SA 4.0,,unknown,3000,2000
306,tree_0306.jpg,512,512,JPEG,128241,d42942ce79bb220a8923378cd826cfb84f7692f3,433,File:A tree (51437319950).jpg,https://commons.wikimedia.org/wiki/File:A_tree_(51437319950).jpg,Ted Moravec,CC0,,unknown,2682,1800
307,tree_0307.jpg,512,512,JPEG,92783,7be96c20c57df20a6ec45bc3906954de2a39f427,434,"File:A tree South of Doel, Belgium (DSCF3810).jpg","https://commons.wikimedia.org/wiki/File:A_tree_South_of_Doel,_Belgium_(DSCF3810).jpg",Trougnouf,CC BY 4.0,,unknown,4781,3295
308,tree_0308.jpg,512,512,JPEG,75550,3a93717c3dff5d156828e6a9000c966e22559579,436,File:A tree along the Cliff Walk from Bray to Greystones.jpg,https://commons.wikimedia.org/wiki/File:A_tree_along_the_Cliff_Walk_from_Bray_to_Greystones.jpg,Dimitry Anikin,CC BY-SA 4.0,,unknown,3488,2616
309,tree_0309.jpg,512,512,JPEG,94391,b4e3a3eb94230ab284d9069cd19ae03a90ee21f7,437,"File:A tree at Aunsby, Lincolnshire, England.JPG","https://commons.wikimedia.org/wiki/File:A_tree_at_Aunsby,_Lincolnshire,_England.JPG",Acabashi,CC BY-SA 4.0,,unknown,2290,1465
310,tree_0310.jpg,512,512,JPEG,149308,f8594935e2a681477b5e593c2fb8c1c019e00063,439,File:A tree in Gullipadu railway station.jpg,https://commons.wikimedia.org/wiki/File:A_tree_in_Gullipadu_railway_station.jpg,IM3847,CC BY-SA 4.0,,unknown,4032,3024
311,tree_0311.jpg,512,512,JPEG,81989,68e249c60523cc7921434dfe88a215998f9879d8,440,File:A tree near Orlivka.jpg,https://commons.wikimedia.org/wiki/File:A_tree_near_Orlivka.jpg,Yuriy Kvach,CC BY-SA 4.0,Juglans,broadleaf,2592,1944
312,tree_0312.jpg,512,512,JPEG,86835,526e550be67482dcd11b136befec86c9ee2da3bb,441,"File:A tree that stands out looking great with sky, Kuala Berang. Hulu Terengganu.jpg","https://commons.wikimedia.org/wiki/File:A_tree_that_stands_out_looking_great_with_sky,_Kuala_Berang._Hulu_Terengganu.jpg",Pro QueeNia,CC BY-SA 4.0,,unknown,3264,2448
313,tree_0313.jpg,512,512,JPEG,138813,f381c368c735806e5d01b4d98239a1372594c389,442,"File:A weeping ash Stow Green, nr Horbling Lincolnshire, England.JPG","https://commons.wikimedia.org/wiki/File:A_weeping_ash_Stow_Green,_nr_Horbling_Lincolnshire,_England.JPG",Acabashi,CC BY-SA 4.0,Fagus,broadleaf,2560,1920
314,tree_0314.jpg,512,512,JPEG,126540,7bc5ba7eda3656d39831ee1f0861ff0f0b413777,443,File:A ÁRVORE.jpg,https://commons.wikimedia.org/wiki/File:A_%C3%81RVORE.jpg,Jéssica Giovannoni,CC BY-SA 4.0,,unknown,3264,4928
315,tree_0315.jpg,512,512,JPEG,139244,a32afcb810eed8064b307fc3cf35c2ca02aeb252,444,File:A-Lone tree.jpg,https://commons.wikimedia.org/wiki/File:A-Lone_tree.jpg,Rubshrabon,CC BY-SA 4.0,,unknown,1600,1024
316,tree_0316.jpg,512,512,JPEG,117874,ff69379cfeaf1de984311669c6b728ac2e1d4e6d,448,"File:Abiquiu, New Mexico (44552711761).jpg","https://commons.wikimedia.org/wiki/File:Abiquiu,_New_Mexico_(44552711761).jpg","Pedro Szekely from Los Angeles, USA",CC BY-SA 2.0,,unknown,3000,2001
317,tree_0317.jpg,512,512,JPEG,111983,075be5d3d7ef6611c09f7cb23671ae9b72ec477a,449,File:Acacia Negev Mitzpe Ramon Burning Bush.jpg,https://commons.wikimedia.org/wiki/File:Acacia_Negev_Mitzpe_Ramon_Burning_Bush.jpg,Ps2613,CC BY-SA 3.0,Acacia,broadleaf,1632,1224
318,tree_0318.jpg,512,512,JPEG,83633,9c85e5060029be51eab56fc4ca2e7ef3717f750e,450,"File:Acacia tree and dirt road, Maasai Mara National Reserve, Kenya.jpg","https://commons.wikimedia.org/wiki/File:Acacia_tree_and_dirt_road,_Maasai_Mara_National_Reserve,_Kenya.jpg",Daniel Case,CC BY-SA 4.0,Vachellia,broadleaf,6032,4064
319,tree_0319.jpg,512,512,JPEG,85373,fe889fc1ba3289bc5ecc59191b9cd63db0b04a87,451,"File:Acacia tree on Maasai Mara landscape, Kenya.jpg","https://commons.wikimedia.org/wiki/File:Acacia_tree_on_Maasai_Mara_landscape,_Kenya.jpg",Daniel Case,CC BY-SA 4.0,Vachellia,broadleaf,7360,4912
320,tree_0320.jpg,512,512,JPEG,131758,0366a7fac62b02605183bff15b61047c91045f62,452,File:Acacia xanthophloea Fever Tree in Tanzania 2864 Nevit.jpg,https://commons.wikimedia.org/wiki/File:Acacia_xanthophloea_Fever_Tree_in_Tanzania_2864_Nevit.jpg,Nevit Dilmen (talk),CC BY-SA 3.0,Acacia,broadleaf,3501,2626
321,tree_0321.jpg,512,512,JPEG,138769,cd909746f034e878f81d2d0a456209a5db7d4ab5,453,File:Acacia xanthophloea Fever Tree in Tanzania 2873 Nevit.jpg,https://commons.wikimedia.org/wiki/File:Acacia_xanthophloea_Fever_Tree_in_Tanzania_2873_Nevit.jpg,Nevit Dilmen (talk),CC BY-SA 3.0,Acacia,broadleaf,3648,2736
322,tree_0322.jpg,512,512,JPEG,119723,8ea811ca3c4a4edc528be0d52abe487075fe480d,454,File:Acacia xanthophloea Fever Tree in Tanzania 3296 Nevit.jpg,https://commons.wikimedia.org/wiki/File:Acacia_xanthophloea_Fever_Tree_in_Tanzania_3296_Nevit.jpg,Nevit Dilmen (talk),CC BY-SA 3.0,Acacia,broadleaf,3648,2736
323,tree_0323.jpg,512,512,JPEG,142000,45b3c9a8162926037160c0d1230fe3aa5440d122,455,File:AchenseeWinter04.JPG,https://commons.wikimedia.org/wiki/File:AchenseeWinter04.JPG,friedrich,CC BY-SA 2.5,,unknown,2920,1894
324,tree_0324.jpg,512,512,JPEG,115188,183090f4fd5925a8e999424009fa85aa047650fc,458,File:Aepyceros melampus Impala in Tanzania 1001 Nevit.jpg,https://commons.wikimedia.org/wiki/File:Aepyceros_melampus_Impala_in_Tanzania_1001_Nevit.jpg,Nevit Dilmen (talk),CC BY-SA 3.0,,unknown,3648,2736
325,tree_0325.jpg,512,512,JPEG,112820,dd42d0e37dff75ce055b9de7d4067bce3a60db2e,459,File:Afrikanische Affenbrotbaum (Adansonia digitata).jpg,https://commons.wikimedia.org/wiki/File:Afrikanische_Affenbrotbaum_(Adansonia_digitata).jpg,Haplochromis,CC BY-SA 3.0,Adansonia,broadleaf,3600,2400
326,tree_0326.jpg,512,512,JPEG,126608,682439f62aec8164e93acfc2d9b2f979e2016862,460,File:Against the wind.jpg,https://commons.wikimedia.org/wiki/File:Against_the_wind.jpg,ThomasLendt,CC BY-SA 4.0,,unknown,5005,3337
327,tree_0327.jpg,512,512,JPEG,93740,1e63d4986dbd9c9bdbee2668e898ddac89820cca,461,File:Agouadir 1997 01.jpg,https://commons.wikimedia.org/wiki/File:Agouadir_1997_01.jpg,LBM1948,CC BY-SA 4.0,,unknown,1013,656
328,tree_0328.jpg,512,512,JPEG,96804,b73377e837208caae1897999fa19030b032a768b,462,File:Ajodhya Purulia 03.jpg,https://commons.wikimedia.org/wiki/File:Ajodhya_Purulia_03.jpg,Paramanu Sarkar,CC BY-SA 4.0,,unknown,6016,4000
329,tree_0329.jpg,512,512,JPEG,86402,ecd6755b78f19a25f6cb730bff9ba86d618e5e14,463,File:Al Ghaf tree .jpg,https://commons.wikimedia.org/wiki/File:Al_Ghaf_tree_.jpg,Lowai Alkawarit,CC BY-SA 4.0,,unknown,5601,3734
330,tree_0330.jpg,512,512,JPEG,101312,286624346cbcc01aff25f48c2f130133efe96a03,464,File:Albero (148869045).jpeg,https://commons.wikimedia.org/wiki/File:Albero_(148869045).jpeg,Filippo Secciani,CC BY 3.0,,unknown,1000,667
331,tree_0331.jpg,512,512,JPEG,130311,bea72438a54f101c1c2d3ade351d98fe752f71dd,465,File:Albero in pianura.jpg,https://commons.wikimedia.org/wiki/File:Albero_in_pianura.jpg,Sammy.Dongilli,CC BY-SA 4.0,,unknown,5184,3456
332,tree_0332.jpg,512,512,JPEG,124667,39fcb62f045794c0e987683f995f34cca281ea7b,466,File:Albero parcoaltamurgia.jpg,https://commons.wikimedia.org/wiki/File:Albero_parcoaltamurgia.jpg,Luangiphoto,CC BY-SA 4.0,,unknown,4272,2848
333,tree_0333.jpg,512,512,JPEG,114477,9729151b950a3a43aca226e6aa18e91051a71dbb,469,File:Albero solitario (638356775).jpg,https://commons.wikimedia.org/wiki/File:Albero_solitario_(638356775).jpg,"Roberto Ferrari from Campogalliano (Modena), Italy",CC BY-SA 2.0,,unknown,1200,1800
334,tree_0334.jpg,512,512,JPEG,142617,ef9bd3cae689fd286544f0031dc7c4cfbd709459,470,File:Albero solitario...ma non solo - panoramio.jpg,https://commons.wikimedia.org/wiki/File:Albero_solitario...ma_non_solo_-_panoramio.jpg,patano,CC BY-SA 3.0,,unknown,2306,3000
335,tree_0335.jpg,512,512,JPEG,115262,33691b4b1cbc45c2d2623c1538f37b7fa4466e91,471,File:Albizia lebbeck.jpg,https://commons.wikimedia.org/wiki/File:Albizia_lebbeck.jpg,Asima Bibi,CC BY-SA 4.0,Albizia,broadleaf,4367,4229
336,tree_0336.jpg,512,512,JPEG,147383,097175d2a29ded27953686f03dbc300bc94faa1f,472,File:Alleinstehende.Linde.Nationalpark.Hainich.jpg,https://commons.wikimedia.org/wiki/File:Alleinstehende.Linde.Nationalpark.Hainich.jpg,Membeth,CC BY-SA 4.0,Tilia,broadleaf,5184,3888
337,tree_0337.jpg,512,512,JPEG,165202,414fe38d5e919aac286b6db37ca326cb8ce576c5,473,"File:Almendro en flor Sierras de Tejeda, Almijara y Alhama.jpg","https://commons.wikimedia.org/wiki/File:Almendro_en_flor_Sierras_de_Tejeda,_Almijara_y_Alhama.jpg",Mpoullet,CC BY-SA 3.0 es,Prunus,broadleaf,1369,984
338,tree_0338.jpg,512,512,JPEG,71211,b7a04806175080658019985db123049806bc6d0e,475,File:Alone (148714391).jpeg,https://commons.wikimedia.org/wiki/File:Alone_(148714391).jpeg,Levi Jackson,CC BY 3.0,,unknown,1365,2048
339,tree_0339.jpg,512,512,JPEG,87082,cbb5c988fdc1bbc9f44a2e249ac609e00bd054db,476,File:Alone (165185469).jpeg,https://commons.wikimedia.org/wiki/File:Alone_(165185469).jpeg,Sreeraj T,CC0,,unknown,2048,1536
340,tree_0340.jpg,512,512,JPEG,27959,41d8f2ff507a6e2dc1fbbff8f1cbe0571e63cbdf,477,File:Alone Tree (56911292).jpeg,https://commons.wikimedia.org/wiki/File:Alone_Tree_(56911292).jpeg,Luke Channing Turner,CC BY-SA 3.0,,unknown,2048,2048
341,tree_0341.jpg,512,512,JPEG,150156,e6af41a79e374ae043161cc0cea3d38c39000aa6,478,"File:Alte Kastanie, krank,Meyer zu Bentrup, Mühlengelände in Heepen, Bielefeld, Windwehe.jpg","https://commons.wikimedia.org/wiki/File:Alte_Kastanie,_krank,Meyer_zu_Bentrup,_M%C3%BChlengel%C3%A4nde_in_Heepen,_Bielefeld,_Windwehe.jpg",M.Listander,CC BY-SA 4.0,,unknown,3264,4912
342,tree_0342.jpg,512,512,JPEG,105905,bef241c76b289b742b156ef22065c86d0c6154e0,479,File:Ama single.jpg,https://commons.wikimedia.org/wiki/File:Ama_single.jpg,Missteddybear,CC BY-SA 4.0,,unknown,3024,4032
343,tree_0343.jpg,512,512,JPEG,143789,fb039fc2567382c17ea51545d2d2c92f0475a3b6,480,File:Amasra 1260400 nevit.jpg,https://commons.wikimedia.org/wiki/File:Amasra_1260400_nevit.jpg,Nevit Dilmen (talk),CC BY-SA 2.5,Ficus,broadleaf,2304,3072
344,tree_0344.jpg,512,512,JPEG,158125,6da07dbbb9cac521ff4ca1697703294bbaa13a17,483,"File:And again alone, but still green.jpg","https://commons.wikimedia.org/wiki/File:And_again_alone,_but_still_green.jpg","Hamed Masoumi from Manchester, UK.",CC BY 2.0,,unknown,3504,2336
345,tree_0345.jpg,512,512,JPEG,95063,88ed70f4742a6fbe2e3d015422492b6569fa1138,484,File:Another one of the Tree - panoramio.jpg,https://commons.wikimedia.org/wiki/File:Another_one_of_the_Tree_-_panoramio.jpg,Neil Aitkenhead,CC BY-SA 3.0,,unknown,3008,2000
346,tree_0346.jpg,512,512,JPEG,69351,87ec221cafd6832933db2905c8b74336ea266125,485,File:Apple tree (32445562743).jpg,https://commons.wikimedia.org/wiki/File:Apple_tree_(32445562743).jpg,"Егор Журавлёв from Smarde, Latvia",CC BY-SA 2.0,,unknown,2816,2112
347,tree_0347.jpg,512,512,JPEG,52723,577b4b07d4f4fdc22f1948f29cf80c8d0d3fb415,487,File:Arbol - panoramio - José Ibáñez.jpg,https://commons.wikimedia.org/wiki/File:Arbol_-_panoramio_-_Jos%C3%A9_Ib%C3%A1%C3%B1ez.jpg,José Ibáñez,CC BY 3.0,,unknown,3008,2000
348,tree_0348.jpg,512,512,JPEG,76847,4d65cecc882d4d9a16943dbafaf4beade155afe4,491,File:Arbre seul à Bamako.jpg,https://commons.wikimedia.org/wiki/File:Arbre_seul_%C3%A0_Bamako.jpg,Rgaudin,CC0,,unknown,3024,4032
349,tree_0349.jpg,512,512,JPEG,101983,bc24a012c2d7dc8bdf8b571d22b07b3b55968e22,492,File:Argan plants.jpg,https://commons.wikimedia.org/wiki/File:Argan_plants.jpg,Yassine laanani,CC BY-SA 4.0,,unknown,960,1200
350,tree_0350.jpg,512,512,JPEG,115627,d839c8fbf9f7661bc57324d92b0dba5d837a6227,493,"File:Argan tree, Tighrassen, Tarsouat, Amanouz, Tafraout.JPG","https://commons.wikimedia.org/wiki/File:Argan_tree,_Tighrassen,_Tarsouat,_Amanouz,_Tafraout.JPG",F.Benotman,CC BY-SA 3.0,,unknown,3648,2432
351,tree_0351.jpg,512,512,JPEG,108209,9ea5769f6a1d1d0ec84edf32d77697f4a6eb166c,494,File:Argana Arbre Nord Afr.jpg,https://commons.wikimedia.org/wiki/File:Argana_Arbre_Nord_Afr.jpg,Rachid annoub,CC BY-SA 4.0,,unknown,2048,1536
352,tree_0352.jpg,512,512,JPEG,95190,7e9b76bec74152526ec64bdcd6b25da1b7e71879,495,File:Arkhangai Aimag6.JPG,https://commons.wikimedia.org/wiki/File:Arkhangai_Aimag6.JPG,Arabsalam,CC BY-SA 4.0,Populus,broadleaf,3072,2304
353,tree_0353.jpg,512,512,JPEG,85274,9989b50411f79972f193ee406c8419f101804a79,497,File:Arvore na Lagoa de Araruama.jpg,https://commons.wikimedia.org/wiki/File:Arvore_na_Lagoa_de_Araruama.jpg,Edvaldo LL Souza,CC BY-SA 4.0,,unknown,4608,3456
354,tree_0354.jpg,512,512,JPEG,146240,085f6258be5f3dc1d9b77ef63e3354ade1db098e,500,File:Atakora-Parkia biglobosa.jpg,https://commons.wikimedia.org/wiki/File:Atakora-Parkia_biglobosa.jpg,Ji-Elle,CC BY-SA 4.0,,unknown,5472,3648
355,tree_0355.jpg,512,512,JPEG,118781,2fac7c7dbe8425ae5eceeeca3f8a44dd0a1c7a8b,501,File:Atakota-Parkia biglobosa (9).jpg,https://commons.wikimedia.org/wiki/File:Atakota-Parkia_biglobosa_(9).jpg,Ji-Elle,CC BY-SA 4.0,,unknown,5472,3648
356,tree_0356.jpg,512,512,JPEG,94849,2a29e981e8e1f8710af2debad9b0650a2caa5f24,502,File:Au Quartchi du Hâvre Saint Hélyi Jèrri Mar 2012 03.jpg,https://commons.wikimedia.org/wiki/File:Au_Quartchi_du_H%C3%A2vre_Saint_H%C3%A9lyi_J%C3%A8rri_Mar_2012_03.jpg,Man vyi,Public domain,,unknown,2991,3533
357,tree_0357.jpg,512,512,JPEG,104915,c7c3ce778a59d043f731bb5251af172d314faed0,504,File:Autumn Oak - Broadhall Way - Stevenage.jpg,https://commons.wikimedia.org/wiki/File:Autumn_Oak_-_Broadhall_Way_-_Stevenage.jpg,Colin,CC BY-SA 3.0,,unknown,10887,7044
358,tree_0358.jpg,512,512,JPEG,96256,c3429310659ad5b9045016b56300f7756d0a5cd4,506,File:Babul-tree-1.jpg,https://commons.wikimedia.org/wiki/File:Babul-tree-1.jpg,Unknown authorUnknown author,CC BY-SA 4.0,Vachellia,broadleaf,1024,768
359,tree_0359.jpg,512,512,JPEG,117039,1badab88e5b8ba03ba9bfb0863234ce1babd2396,507,File:Bajer-VidemCesta1.JPG,https://commons.wikimedia.org/wiki/File:Bajer-VidemCesta1.JPG,Žiga,CC BY-SA 3.0,,unknown,3216,2136
360,tree_0360.jpg,512,512,JPEG,90500,6a712e5f408d15ca410c707ba64021d24f552d5e,509,File:Barragem do Arade - tree on the hill (13411710313).jpg,https://commons.wikimedia.org/wiki/File:Barragem_do_Arade_-_tree_on_the_hill_(13411710313).jpg,"muffinn from Worcester, UK",CC BY 2.0,Quercus,broadleaf,3648,2432
361,tree_0361.jpg,512,512,JPEG,126073,b44a656dcfc37dc10082ea41b1d1cfe5d9ef3eff,510,File:Baum im Sossusvlei.jpg,https://commons.wikimedia.org/wiki/File:Baum_im_Sossusvlei.jpg,Hp.Baumeler,CC BY-SA 4.0,Vachellia,broadleaf,6000,4000
362,tree_0362.jpg,512,512,JPEG,115189,fa685f9ca88018544b763d95577f29fdba1e9301,511,File:Baumgruppe.JPG,https://commons.wikimedia.org/wiki/File:Baumgruppe.JPG,btr,GFDL,,unknown,3000,2000
363,tree_0363.jpg,512,512,JPEG,79542,33d6e70a8308bb19db57a190da4bdec68413705a,512,File:Beautiful sun rise view.jpg,https://commons.wikimedia.org/wiki/File:Beautiful_sun_rise_view.jpg,Jassimehra,CC BY-SA 3.0,,unknown,4608,3456
364,tree_0364.jpg,512,512,JPEG,110299,24b4bf3daef2dea8055cedee6691307711dfb894,514,File:Beneath The Skies (24203099).jpeg,https://commons.wikimedia.org/wiki/File:Beneath_The_Skies_(24203099).jpeg,Alexey Savchenko,CC BY 3.0,,unknown,2048,1942
365,tree_0365.jpg,512,512,JPEG,132821,7362d133f3bf387f8992d0cbac7557862d3efa92,515,File:Berako madariondoa.jpg,https://commons.wikimedia.org/wiki/File:Berako_madariondoa.jpg,Uranzu,CC BY-SA 4.0,,unknown,4001,2510
366,tree_0366.jpg,512,512,JPEG,83953,be4da1f1709569496cbe78d911a9ed269f27261b,516,File:Best Off Tree (184953191).jpeg,https://commons.wikimedia.org/wiki/File:Best_Off_Tree_(184953191).jpeg,Markus Maiwald,CC BY 3.0,,unknown,2048,1365
367,tree_0367.jpg,512,512,JPEG,95783,2392fddd643dad4723aa507a40f7d1595cbb9cc3,517,File:Bhaktivedanta Manor - 36.JPG,https://commons.wikimedia.org/wiki/File:Bhaktivedanta_Manor_-_36.JPG,Ilya Mauter,CC BY-SA 2.5,Sequoiadendron,conifer,1728,2304
368,tree_0368.jpg,512,512,JPEG,111196,aebc701e920b9320196c92d10a39a8ff5de69027,518,File:Big Juniper (11519023784).jpg,https://commons.wikimedia.org/wiki/File:Big_Juniper_(11519023784).jpg,Bureau of Land Management Oregon and Washington,Public domain,Juniperus,conifer,5184,3456
369,tree_0369.jpg,512,512,JPEG,141367,ec16e3af19eea4097038c9766c899f1457d19a6c,519,File:Big Tree Texas 2024.jpg,https://commons.wikimedia.org/wiki/File:Big_Tree_Texas_2024.jpg,Larry D. Moore,CC BY 4.0,Quercus,broadleaf,4500,3000
370,tree_0370.jpg,512,512,JPEG,157455,bf964087253065dd63f403c55a63e2a3b22ebd16,520,File:Big tree - panoramio - Tanya Dedyukhina.jpg,https://commons.wikimedia.org/wiki/File:Big_tree_-_panoramio_-_Tanya_Dedyukhina.jpg,Tanya Dedyukhina,CC BY 3.0,,unknown,2816,2112
371,tree_0371.jpg,512,512,JPEG,159300,0e397a0bf05d1909a906f0c51255d03839dba7fc,521,File:Big tree.jpg,https://commons.wikimedia.org/wiki/File:Big_tree.jpg,Larry D. Moore,CC BY 4.0,Quercus,broadleaf,1794,1299
372,tree_0372.jpg,512,512,JPEG,129059,590d68ca67136a57f190291d05bfc7c3ba8e2993,523,"File:Biljne vrste u niškoj tvrđavi, Srbija, Niš (12).jpg","https://commons.wikimedia.org/wiki/File:Biljne_vrste_u_ni%C5%A1koj_tvr%C4%91avi,_Srbija,_Ni%C5%A1_(12).jpg",Synezis,CC BY-SA 4.0,,unknown,768,1024
373,tree_0373.jpg,512,512,JPEG,131856,9caabc4aa7b4488cdf00aeb42970105c065ab265,524,"File:Biljne vrste u niškoj tvrđavi, Srbija, Niš (72).jpg","https://commons.wikimedia.org/wiki/File:Biljne_vrste_u_ni%C5%A1koj_tvr%C4%91avi,_Srbija,_Ni%C5%A1_(72).jpg",Zerocool.marko,CC BY-SA 4.0,Salix,broadleaf,768,1024
374,tree_0374.jpg,512,512,JPEG,97055,99272eb16429a13d0a9326e8ee77b6573bcf4c6f,525,"File:Biljne vrste u niškoj tvrđavi, Srbija, Niš (82).jpg","https://commons.wikimedia.org/wiki/File:Biljne_vrste_u_ni%C5%A1koj_tvr%C4%91avi,_Srbija,_Ni%C5%A1_(82).jpg",Synezis,CC BY-SA 4.0,,unknown,1024,768
375,tree_0375.jpg,512,512,JPEG,115544,6e4e6e08e2261c97eec7fccec302e860706120d9,526,File:Birke im Spätherbst.JPG,https://commons.wikimedia.org/wiki/File:Birke_im_Sp%C3%A4therbst.JPG,Christian Michelides,CC BY-SA 4.0,Betula,broadleaf,4016,6016
376,tree_0376.jpg,512,512,JPEG,112090,d386e1a33180ecbdda173132d7d0b97b85e39424,528,File:Blata 24 kastan.jpg,https://commons.wikimedia.org/wiki/File:Blata_24_kastan.jpg,JiriMatejicek,CC BY-SA 3.0,Aesculus,broadleaf,2736,3648
377,tree_0377.jpg,512,512,JPEG,144254,8535f726e31335f21d8d44eabcd24e7606835570,530,File:Bombax costatum around Pendjari National Park.jpg,https://commons.wikimedia.org/wiki/File:Bombax_costatum_around_Pendjari_National_Park.jpg,Farid AMADOU BAHLEMAN,CC BY-SA 4.0,Bombax,broadleaf,3888,5184
378,tree_0378.jpg,512,512,JPEG,87395,4f7fbb1cc6d1bbafffc5e5a33bedcf40d3420b7b,531,File:Bonding (139172053).jpeg,https://commons.wikimedia.org/wiki/File:Bonding_(139172053).jpeg,Monica Georgescu,CC BY-SA 3.0,,unknown,2048,1537
379,tree_0379.jpg,512,512,JPEG,67704,33c9105ba9520e5055b6738414b0f3ba25a8bb32,532,File:Boom in het zand (3811343257).jpg,https://commons.wikimedia.org/wiki/File:Boom_in_het_zand_(3811343257).jpg,Sander van der Wel from Netherlands,CC BY-SA 2.0,,unknown,2048,3072
380,tree_0380.jpg,512,512,JPEG,93330,a3edea935a2ea88e411d9753debd974a7b0dfaf1,533,File:Boom op de Drieberg R0011663.jpg,https://commons.wikimedia.org/wiki/File:Boom_op_de_Drieberg_R0011663.jpg,Rens Kokke,CC BY-SA 3.0,,unknown,2304,1728
381,tree_0381.jpg,512,512,JPEG,82795,bf7ef87c1fb3944c32e1d32348e28cc00eddb057,534,File:Bornholm - Flickr - unukorno.jpg,https://commons.wikimedia.org/wiki/File:Bornholm_-_Flickr_-_unukorno.jpg,unukorno from Germany,CC BY 2.0,,unknown,3780,2834
382,tree_0382.jpg,512,512,JPEG,82919,4343c374943c816dc8a53fce50661c5660673d66,537,"File:Bouais, La Rue des Camps, Les Creux, Jèrri.jpg","https://commons.wikimedia.org/wiki/File:Bouais,_La_Rue_des_Camps,_Les_Creux,_J%C3%A8rri.jpg",Man vyi,Public domain,,unknown,1200,1600
383,tree_0383.jpg,512,512,JPEG,117614,07557dc0863d08db79a3d783008b2658ef6e30fc,538,File:Bozcaada Ilford sfx 200 00006.jpg,https://commons.wikimedia.org/wiki/File:Bozcaada_Ilford_sfx_200_00006.jpg,Nevit Dilmen (talk),CC BY-SA 3.0,,unknown,1600,1066
384,tree_0384.jpg,512,512,JPEG,119956,ecfd6e5e53724013a0f7a77a481a125a8e326452,539,File:Brasilia DF Brasil - Palácio da Justiça DF - panoramio.jpg,https://commons.wikimedia.org/wiki/File:Brasilia_DF_Brasil_-_Pal%C3%A1cio_da_Justi%C3%A7a_DF_-_panoramio.jpg,Josue Marinho,CC BY 3.0,,unknown,3296,2123
385,tree_0385.jpg,512,512,JPEG,103419,0c038290be399bc851dabee0dace6a21411548d9,543,File:Bříza v okolí Salaspilsu.jpg,https://commons.wikimedia.org/wiki/File:B%C5%99%C3%ADza_v_okol%C3%AD_Salaspilsu.jpg,Dezidor,CC BY 3.0,,unknown,2112,2816
386,tree_0386.jpg,512,512,JPEG,112149,48994030c736428017e60c3ac36513aec2b3ad16,544,File:CASA SEVELLAR.jpg,https://commons.wikimedia.org/wiki/File:CASA_SEVELLAR.jpg,MiguelVBelmonte,CC BY-SA 4.0,,unknown,1024,680
387,tree_0387.jpg,512,512,JPEG,48703,ac2e3e4da7896d9e2b54dd47642bfa5249165133,546,File:Caburé (2007) 01.jpg,https://commons.wikimedia.org/wiki/File:Cabur%C3%A9_(2007)_01.jpg,LBM1948,CC BY-SA 4.0,,unknown,1071,709
388,tree_0388.jpg,512,512,JPEG,137755,0c5e57d8ff8426418f2842631426860375887829,548,File:Calle principal de La Pica..jpg,https://commons.wikimedia.org/wiki/File:Calle_principal_de_La_Pica..jpg,Jacqueline Campo,CC BY-SA 3.0,,unknown,2592,1944
389,tree_0389.jpg,512,512,JPEG,117320,929fd919df3f77fae7b817a88f15c794f02c2b6b,549,File:Cambará Tree (Vochysia divergens).jpg,https://commons.wikimedia.org/wiki/File:Cambar%C3%A1_Tree_(Vochysia_divergens).jpg,Bernard DUPONT,CC BY-SA 2.0,,unknown,4749,3282
390,tree_0390.jpg,512,512,JPEG,120948,53a3d34f59d079379bd610cccd9083a31a2226ce,550,File:Camels in Mongolia.jpg,https://commons.wikimedia.org/wiki/File:Camels_in_Mongolia.jpg,Uchrl1222,CC0,,unknown,750,1000
391,tree_0391.jpg,512,512,JPEG,52593,1bb13e5eef62f665a22a82c7b8cc3d6534202362,551,File:Candy Cane (3208684105).jpg,https://commons.wikimedia.org/wiki/File:Candy_Cane_(3208684105).jpg,"dying_grotesque from Richards Bay, South Africa",CC BY 2.0,,unknown,1024,769
392,tree_0392.jpg,512,512,JPEG,111310,d220e6ac9dfd646fdbb924e089950eb6423cd80e,552,File:Cansano- inverno.jpg,https://commons.wikimedia.org/wiki/File:Cansano-_inverno.jpg,Anila amataj,CC BY-SA 4.0,,unknown,5184,3456
393,tree_0393.jpg,512,512,JPEG,85421,80f4eb624a985aaa40b2b77e23cc50afe2999669,554,File:Cappadocia 024 n.jpg,https://commons.wikimedia.org/wiki/File:Cappadocia_024_n.jpg,Nevit Dilmen,CC BY-SA 3.0,,unknown,1066,1600
394,tree_0394.jpg,512,512,JPEG,121539,be5e80f009728be77e806db050a47ea08550995a,557,File:Cappadocia 102 n.jpg,https://commons.wikimedia.org/wiki/File:Cappadocia_102_n.jpg,Nevit Dilmen,CC BY-SA 3.0,,unknown,1600,1066
395,tree_0395.jpg,512,512,JPEG,133295,de9def2766f3ddd06847a34edea0fc72caf97376,558,File:Carrasca del Plano del Águila - panoramio.jpg,https://commons.wikimedia.org/wiki/File:Carrasca_del_Plano_del_%C3%81guila_-_panoramio.jpg,Javier Giménez,CC BY-SA 3.0,Quercus,broadleaf,3008,2000
396,tree_0396.jpg,512,512,JPEG,141646,fa496cc07db23c056f10d5a5d976b972234da6f0,559,File:Castagno secolare - panoramio.jpg,https://commons.wikimedia.org/wiki/File:Castagno_secolare_-_panoramio.jpg,pacj,CC BY 3.0,Castanea,broadleaf,2448,3264
397,tree_0397.jpg,512,512,JPEG,143095,5ee7a673639311e01b17ac137a0da1a60c2f0555,560,File:Castaño común (Castanea sativa).jpg,https://commons.wikimedia.org/wiki/File:Casta%C3%B1o_com%C3%BAn_(Castanea_sativa).jpg,Ramón Durán,CC BY 2.0,Castanea,broadleaf,1600,1063
398,tree_0398.jpg,512,512,JPEG,100214,fdbde012d9c4dd943020385341330619ec15c13f,561,"File:Cattle under tree at High Farm, Crawfordville, Florida.jpg","https://commons.wikimedia.org/wiki/File:Cattle_under_tree_at_High_Farm,_Crawfordville,_Florida.jpg",The Bushranger,CC BY-SA 4.0,,unknown,3264,2448
399,tree_0399.jpg,512,512,JPEG,114364,dae666ef6bad26ec2ff54010d1dd5b377c9717da,562,"File:Cañada del Paseo del Lago, Maracaibo, Estado Zulia, Venezuela.jpg","https://commons.wikimedia.org/wiki/File:Ca%C3%B1ada_del_Paseo_del_Lago,_Maracaibo,_Estado_Zulia,_Venezuela.jpg",Wilfredor,CC BY-SA 3.0,,unknown,4056,2638
400,tree_0400.jpg,512,512,JPEG,125967,728b099f3b48dc86fadbbd7efecef4cfecbc56eb,563,"File:Cañón Sesriem, Sossusvlei, Namibia, 2018-08-06, DD 195.jpg","https://commons.wikimedia.org/wiki/File:Ca%C3%B1%C3%B3n_Sesriem,_Sossusvlei,_Namibia,_2018-08-06,_DD_195.jpg",Diego Delso,CC BY-SA 4.0,Vachellia,broadleaf,7734,5167
401,tree_0401.jpg,512,512,JPEG,124605,fe809b7ca40d2910e33394dac79d014949380652,564,File:Cedrus deodara Himalajazeder.JPG,https://commons.wikimedia.org/wiki/File:Cedrus_deodara_Himalajazeder.JPG,noebse,Public domain,Cedrus,conifer,1536,2048
402,tree_0402.jpg,512,512,JPEG,114584,96c7afe02029b02a450e1b5a4b8c52df9358bbf7,565,File:Cedrus-deodare-habit.JPG,https://commons.wikimedia.org/wiki/File:Cedrus-deodare-habit.JPG,Sten Porse,CC BY-SA 3.0,Cedrus,conifer,900,1312
403,tree_0403.jpg,512,512,JPEG,105084,eaa11f9d0e18d712188364acd983ee0a6b1f8c9f,567,File:Cerro su Monte Tesa.jpg,https://commons.wikimedia.org/wiki/File:Cerro_su_Monte_Tesa.jpg,Fabiour,CC BY-SA 4.0,Quercus,broadleaf,1200,1600
404,tree_0404.jpg,512,512,JPEG,77034,c644d91e2488c72998393824832301731a33f1a8,569,"File:Cheow Lan Lake, Solitary tree on the lake, Khao Sok, Thailand.jpg","https://commons.wikimedia.org/wiki/File:Cheow_Lan_Lake,_Solitary_tree_on_the_lake,_Khao_Sok,_Thailand.jpg",Vyacheslav Argenberg,CC BY 4.0,,unknown,4032,2688
405,tree_0405.jpg,512,512,JPEG,67776,1b3ace905b52754704be2272b61c3287542f7254,570,File:Chernobyl Special Reserve 008.jpg,https://commons.wikimedia.org/wiki/File:Chernobyl_Special_Reserve_008.jpg,Veismont,CC BY-SA 4.0,,unknown,5184,3456
406,tree_0406.jpg,512,512,JPEG,51299,9e12f5aad72e5706ae3b37c665627aa9379e230e,571,File:Cheshire Tatton Park Tree.jpg,https://commons.wikimedia.org/wiki/File:Cheshire_Tatton_Park_Tree.jpg,Benjamin Shaw,CC BY-SA 4.0,,unknown,4000,3000
407,tree_0407.jpg,512,512,JPEG,84052,198116a06b282e1a0f39be159383cc483044448d,573,File:Chinguetti street 1.jpg,https://commons.wikimedia.org/wiki/File:Chinguetti_street_1.jpg,Radosław Botev,Attribution,,unknown,1840,1232
408,tree_0408.jpg,512,512,JPEG,94989,57a7a291044fc9e05eecadae8580fb729ebf0fc4,574,File:Chonrav 4.JPG,https://commons.wikimedia.org/wiki/File:Chonrav_4.JPG,Kosun,CC0,,unknown,2816,2112
409,tree_0409.jpg,512,512,JPEG,96000,ddbbc116bbba89ba220461a348b9b421ecb8a286,576,"File:Chromeč, Boží muka v polích 02.jpg","https://commons.wikimedia.org/wiki/File:Chrome%C4%8D,_Bo%C5%BE%C3%AD_muka_v_pol%C3%ADch_02.jpg",Pavlína Koncošová,CC0,Tilia,broadleaf,1200,900
410,tree_0410.jpg,512,512,JPEG,100929,0db1464a9b6ad00848f8f752bfff5cde22427a18,577,"File:Chêne, colza, Jura (vertical).jpg","https://commons.wikimedia.org/wiki/File:Ch%C3%AAne,_colza,_Jura_(vertical).jpg",ZarlokX,CC BY-SA 4.0,Quercus,broadleaf,4000,6000
411,tree_0411.jpg,512,512,JPEG,105878,dc9598bd79ab6601b595d1bf89bfa3ec6ea57c66,578,"File:Chînm'tchiéthe dé l'Unnion, Saint Martîn, Jèrri 2.jpg","https://commons.wikimedia.org/wiki/File:Ch%C3%AEnm%27tchi%C3%A9the_d%C3%A9_l%27Unnion,_Saint_Mart%C3%AEn,_J%C3%A8rri_2.jpg",Man vyi,Public domain,,unknown,1043,1450
412,tree_0412.jpg,512,512,JPEG,155758,7d6c44b25fe8f95c7f90905964a1818bd430c1c8,579,File:Cista pamatna lipa.jpg,https://commons.wikimedia.org/wiki/File:Cista_pamatna_lipa.jpg,JiriMatejicek,CC BY-SA 3.0,,unknown,1704,2272
413,tree_0413.jpg,512,512,JPEG,113383,4e369ef7fdbfff64cac0a3e19842fd7c04da0527,584,"File:Cold Desert, Katpana, Skardu.jpg","https://commons.wikimedia.org/wiki/File:Cold_Desert,_Katpana,_Skardu.jpg",Qammer Wazir,CC BY-SA 4.0,,unknown,2624,3936
414,tree_0414.jpg,512,512,JPEG,110506,2ab42f22a2795223c9ec63dfad802f60830ecf66,585,File:Color of Fall - panoramio.jpg,https://commons.wikimedia.org/wiki/File:Color_of_Fall_-_panoramio.jpg,Mongolia Expeditions…,CC BY 3.0,Larix,conifer,4928,3264
415,tree_0415.jpg,512,512,JPEG,88461,e5ad78f3e4c51a07bcfb8be7be5b2ae4e42150b0,586,File:Colourful Sunset (47422092).jpeg,https://commons.wikimedia.org/wiki/File:Colourful_Sunset_(47422092).jpeg,Andreas P,CC BY 3.0,,unknown,978,1280
416,tree_0416.jpg,512,512,JPEG,168557,492fd89b93d7049d9c7c5191eceeba0c7dd263d3,587,File:Combetree.JPG,https://commons.wikimedia.org/wiki/File:Combetree.JPG,OHCLOUDSUNFOLD,Public domain,,unknown,3072,2304
417,tree_0417.jpg,512,512,JPEG,113802,557d7e3ecfc69d5a084ec257025fa85bf5500690,589,"File:Construction of Bypass Roads Buliran San Juan, San Miguel 36.jpg","https://commons.wikimedia.org/wiki/File:Construction_of_Bypass_Roads_Buliran_San_Juan,_San_Miguel_36.jpg",FBenjr123,CC BY-SA 4.0,,unknown,5184,3888
418,tree_0418.jpg,512,512,JPEG,59570,0bdda73d2b062e8210e8ecdc348b79b8765847c4,591,File:Corixo do Moquém.png,https://commons.wikimedia.org/wiki/File:Corixo_do_Moqu%C3%A9m.png,Fernando Bastos de Souza,CC BY-SA 4.0,,unknown,3264,2448
419,tree_0419.jpg,512,512,JPEG,128962,7299acac79e6fed0d25a9e6105e242414dd55ca4,592,File:Countryside - panoramio (3984).jpg,https://commons.wikimedia.org/wiki/File:Countryside_-_panoramio_(3984).jpg,Dennis G.,CC BY-SA 3.0,,unknown,3264,2448
420,tree_0420.jpg,512,512,JPEG,103642,c02f6c60403136beb428457737da4b5bc5d17a63,595,"File:Crossroads, Bartow County GA.jpg","https://commons.wikimedia.org/wiki/File:Crossroads,_Bartow_County_GA.jpg",John Phelan,CC BY 4.0,,unknown,4032,3024
421,tree_0421.jpg,512,512,JPEG,85040,161d571bbd6926a540229be9a4c58e42f13b36e5,596,File:Cuji solitario en la Sierra.JPG,https://commons.wikimedia.org/wiki/File:Cuji_solitario_en_la_Sierra.JPG,Juan Carlo Castillo Ortega,CC BY-SA 3.0,,unknown,2816,2112
422,tree_0422.jpg,512,512,JPEG,106978,dce3a3abeec1eb4824fba411ba998a46517b1c18,597,File:Cumbre del Cerro Galicia.JPG,https://commons.wikimedia.org/wiki/File:Cumbre_del_Cerro_Galicia.JPG,Juan Carlo Castillo Ortega,CC BY-SA 3.0,,unknown,2816,2112
423,tree_0423.jpg,512,512,JPEG,136621,5b4c5f31764f4239a6848b69d68e3ebfe843bb9e,598,File:Cuolm Sura 1585m. 21-09-2022. (actm.) 02.jpg,https://commons.wikimedia.org/wiki/File:Cuolm_Sura_1585m._21-09-2022._(actm.)_02.jpg,Agnes Monkelbaan,CC BY-SA 4.0,Sorbus,broadleaf,4216,3162
424,tree_0424.jpg,512,512,JPEG,113773,da2548b287aa3131c516d233c0b7b7b66c7a66bb,599,File:Dahlen Wiesengrund Baum.jpg,https://commons.wikimedia.org/wiki/File:Dahlen_Wiesengrund_Baum.jpg,Radler59 (talk),CC BY-SA 4.0,,unknown,6000,4000
425,tree_0425.jpg,512,512,JPEG,80681,3ffa6e80fde75b06b25cebcb36d2a2547e1ff82f,601,File:Dead Vlei (1560383397).jpg,https://commons.wikimedia.org/wiki/File:Dead_Vlei_(1560383397).jpg,"G u i d o from near Hamburg, Germany",CC BY-SA 2.0,,unknown,992,656
426,tree_0426.jpg,512,512,JPEG,86380,d23098f827fc2caf896257b9fb5768f2fd33ceb1,602,File:Deadvlei (2006) 14.jpg,https://commons.wikimedia.org/wiki/File:Deadvlei_(2006)_14.jpg,LBM1948,CC BY-SA 4.0,,unknown,1065,713
427,tree_0427.jpg,512,512,JPEG,63704,a1689e66787e402f8681bd7e591bfd2703ae750d,603,File:Deadvlei 1.jpg,https://commons.wikimedia.org/wiki/File:Deadvlei_1.jpg,FrankBothe,CC BY-SA 4.0,,unknown,4608,3072
428,tree_0428.jpg,512,512,JPEG,151804,8b926eff88f6d96cd143d31d61926494a04ebe97,605,"File:Deer near Abberley, Worcestershire (50844950378).jpg","https://commons.wikimedia.org/wiki/File:Deer_near_Abberley,_Worcestershire_(50844950378).jpg","Mike Finn from Worcester, United Kingdom",CC BY 2.0,,unknown,3836,2555
429,tree_0429.jpg,512,512,JPEG,130271,a62f1053b3596be46a78742935f3b33d3eb0ae3f,606,"File:Deer near Abberley, Worcestershire (50844969608).jpg","https://commons.wikimedia.org/wiki/File:Deer_near_Abberley,_Worcestershire_(50844969608).jpg","Mike Finn from Worcester, United Kingdom",CC BY 2.0,,unknown,4896,3264
430,tree_0430.jpg,512,512,JPEG,100387,6eada94fbc6822075b0ecbe46145ae114180ff74,607,File:Dementivka 2022-01-21.jpg,https://commons.wikimedia.org/wiki/File:Dementivka_2022-01-21.jpg,Tottfc,CC BY-SA 4.0,,unknown,4000,3000
431,tree_0431.jpg,512,512,JPEG,118902,76db74ab57403db9a448ad28a754e80fa7bb8808,610,File:Deyrulumur P1040588 20080425094731.JPG,https://commons.wikimedia.org/wiki/File:Deyrulumur_P1040588_20080425094731.JPG,Nevit Dilmen,CC BY-SA 3.0,,unknown,3072,2304
432,tree_0432.jpg,512,512,JPEG,98847,07b35c3000a8e406bfb2d14df62bba4f5c7521cf,617,"File:Dirección Motilla del Palancar nos sorprende esta enorme encina o carrasca que, rodeada de rastrojos nos va a brindar una apacible siestecilla bajo su extensa sombra a las 15-00 pm de la tarde que ya son - panoramio.jpg","https://commons.wikimedia.org/wiki/File:Direcci%C3%B3n_Motilla_del_Palancar_nos_sorprende_esta_enorme_encina_o_carrasca_que,_rodeada_de_rastrojos_nos_va_a_brindar_una_apacible_siestecilla_bajo_su_extensa_sombra_a_las_15-00_pm_de_la_tarde_que_ya_son_-_panoramio.jpg","Daniel López Garcia, DnTrotaMundos ☮",CC BY 3.0,Quercus,broadleaf,4752,3168
433,tree_0433.jpg,512,512,JPEG,63740,ad671ba2c7557576b96b19e5afce306eb3d107be,618,File:Djanet - 2019.jpg,https://commons.wikimedia.org/wiki/File:Djanet_-_2019.jpg,Ghiles.toubal,CC BY-SA 4.0,,unknown,5184,3456
434,tree_0434.jpg,512,512,JPEG,143921,b775ef79165d311e8298bbda4664dcebea95a982,619,File:Dolni Branna pamatny jilm.jpg,https://commons.wikimedia.org/wiki/File:Dolni_Branna_pamatny_jilm.jpg,JiriMatejicek,CC BY-SA 3.0,Ulmus,broadleaf,1704,2272
435,tree_0435.jpg,512,512,JPEG,94711,57115015d211aa0fadb926d8f4a5203ed155bfce,620,File:Dolni Lanov 142.jpg,https://commons.wikimedia.org/wiki/File:Dolni_Lanov_142.jpg,JiriMatejicek,CC BY-SA 3.0,Tilia,broadleaf,2736,3648
436,tree_0436.jpg,512,512,JPEG,94977,ef232fe60c60c6070514b940ce4b76d4188f1373,622,File:Double nature.jpg,https://commons.wikimedia.org/wiki/File:Double_nature.jpg,Jasminquantum,CC BY-SA 4.0,,unknown,840,1188
437,tree_0437.jpg,512,512,JPEG,77235,5a7062782eb298339161cbe8e09e48fb75971f3f,623,File:Drakamöllan-ensamt träd.jpg,https://commons.wikimedia.org/wiki/File:Drakam%C3%B6llan-ensamt_tr%C3%A4d.jpg,Manpwp,CC BY-SA 3.0,Betula,broadleaf,4000,3000
438,tree_0438.jpg,512,512,JPEG,68567,cf30593b4477ca4c64242609cd863f862afa5b8c,624,File:Dry Etosha Pan.jpg,https://commons.wikimedia.org/wiki/File:Dry_Etosha_Pan.jpg,Alchemist-hp (talk) (www.pse-mendelejew.de),FAL,,unknown,3835,2408
439,tree_0439.jpg,512,512,JPEG,68902,a2fcdec272d02543c9106c0b1575875fd714d8ca,625,File:Drzewo Mężenin.JPG,https://commons.wikimedia.org/wiki/File:Drzewo_M%C4%99%C5%BCenin.JPG,Piotr Gryko,CC BY 3.0,,unknown,2016,1512
440,tree_0440.jpg,512,512,JPEG,95482,8d26835e5730268a6ac248bac68d1ceb6c5baf01,626,File:Dub v bielom plášti - panoramio.jpg,https://commons.wikimedia.org/wiki/File:Dub_v_bielom_pl%C3%A1%C5%A1ti_-_panoramio.jpg,kovop,CC BY 3.0,Quercus,broadleaf,1094,764
441,tree_0441.jpg,512,512,JPEG,89419,e67ca3141e557715333c9988b0819740028cef50,627,File:Dubievka-2.jpg,https://commons.wikimedia.org/wiki/File:Dubievka-2.jpg,Nick tak,CC BY-SA 4.0,,unknown,685,1010
442,tree_0442.jpg,512,512,JPEG,88826,ecb7b2d574d2ce3b7ff50fdcc0f08135f358b22a,628,"File:Dunes near Sossusvlei, Namibia (2017).jpg","https://commons.wikimedia.org/wiki/File:Dunes_near_Sossusvlei,_Namibia_(2017).jpg",Olga Ernst  &amp;  Hp.Baumeler,CC BY-SA 4.0,,unknown,4928,3264
443,tree_0443.jpg,512,512,JPEG,97137,ac909b093575073c29d27a46a936fc6b872b8267,629,File:Dunst Namibia Oct 2002 slide027 - Quiver Tree.jpg,https://commons.wikimedia.org/wiki/File:Dunst_Namibia_Oct_2002_slide027_-_Quiver_Tree.jpg,Bernhard Dunst,CC BY-SA 4.0,,unknown,6706,4476
444,tree_0444.jpg,512,512,JPEG,75413,602358475a398a3b718649858bdcf528f10578d4,630,File:Dunst Namibia Oct 2002 slide344 - über dem Straßenrand.jpg,https://commons.wikimedia.org/wiki/File:Dunst_Namibia_Oct_2002_slide344_-_%C3%BCber_dem_Stra%C3%9Fenrand.jpg,Bernhard Dunst,CC BY-SA 4.0,,unknown,6808,4472
445,tree_0445.jpg,512,512,JPEG,119073,b0b035244b0073e986c35409485f48c72a037bfc,631,File:Dying quiver tree 1812-2223.jpg,https://commons.wikimedia.org/wiki/File:Dying_quiver_tree_1812-2223.jpg,Henning Sidow,CC BY-SA 4.0,,unknown,5340,3563
446,tree_0446.jpg,512,512,JPEG,80850,024bbd4287f88e66139a8c807bb0ade8aef144c0,632,File:Dyniska sosna Grottgera.JPG,https://commons.wikimedia.org/wiki/File:Dyniska_sosna_Grottgera.JPG,pl.wiki: Wp,CC BY-SA 3.0,,unknown,1600,1200
447,tree_0447.jpg,512,512,JPEG,105014,2a6993322bd752c89e0689b8c5aa90b26322bcb4,636,File:Eastern edge of Dansberget Village Sandhamn Island Sandön East coast Sweden.jpg,https://commons.wikimedia.org/wiki/File:Eastern_edge_of_Dansberget_Village_Sandhamn_Island_Sand%C3%B6n_East_coast_Sweden.jpg,ThomasLendt,CC BY-SA 4.0,,unknown,3301,4952
448,tree_0448.jpg,512,512,JPEG,81219,35230fe739c6459fb0e0c3983b019cb07e39d19a,641,File:El árbol de los 100 años..jpg,https://commons.wikimedia.org/wiki/File:El_%C3%A1rbol_de_los_100_a%C3%B1os..jpg,soydanielcastillo,CC BY-SA 3.0,,unknown,1936,2592
449,tree_0449.jpg,512,512,JPEG,131846,8bceba8efd11b9668ce1158f24f3f2851b03daa6,643,File:Embalse de El Grado (28969387781).jpg,https://commons.wikimedia.org/wiki/File:Embalse_de_El_Grado_(28969387781).jpg,"Jorge Franganillo from Barcelona, Spain",CC BY 2.0,,unknown,1950,1300
450,tree_0450.jpg,512,512,JPEG,102770,da2b5159cd4ffac892c15e830a50d1f0074975c2,644,File:En algún lugar... (33462380681).jpg,https://commons.wikimedia.org/wiki/File:En_alg%C3%BAn_lugar..._(33462380681).jpg,"Emilio Küffer from Ciudad Autónoma de Buenos Aires, Argentina",CC BY-SA 2.0,,unknown,3499,2336
451,tree_0451.jpg,512,512,JPEG,88529,e51e1f871b40f43445477598a7863ef5fd30bbbd,645,File:En el parque de Canaima.JPG,https://commons.wikimedia.org/wiki/File:En_el_parque_de_Canaima.JPG,Katepalitava,CC BY-SA 3.0,,unknown,1536,1536
452,tree_0452.jpg,512,512,JPEG,111515,7649db7f6d87bec56717a78191cc1c4d93056aca,648,File:Evening Tree (4627678322).jpg,https://commons.wikimedia.org/wiki/File:Evening_Tree_(4627678322).jpg,Tim Green from Bradford,CC BY 2.0,,unknown,1860,1860
453,tree_0453.jpg,512,512,JPEG,68018,0a9acbdc56f428bb4e919c5b872750a724771565,649,File:Exmoor- Stranded Tree (5929661339).jpg,https://commons.wikimedia.org/wiki/File:Exmoor-_Stranded_Tree_(5929661339).jpg,"john shortland from Cotswold Hills, England, England",CC BY 2.0,,unknown,960,720
454,tree_0454.jpg,512,512,JPEG,78285,e583030191f4e650922fa36e266eee2832745cae,652,File:FUJICHROME Sensia 100 (33580032231).jpg,https://commons.wikimedia.org/wiki/File:FUJICHROME_Sensia_100_(33580032231).jpg,"Robert Anders from Hamburg, Germany",CC BY 2.0,,unknown,1536,1024
455,tree_0455.jpg,512,512,JPEG,103300,3536cb52c69b46b7381d38ad234b899e826cb00f,657,File:Fayette County tree.jpg,https://commons.wikimedia.org/wiki/File:Fayette_County_tree.jpg,"Jim from Lexington, KY, USA",CC BY-SA 2.0,,unknown,2048,1365
456,tree_0456.jpg,512,512,JPEG,95348,1bbb9b5fe85f74901a2ca4dd54e6b0d68334f818,658,File:Field off of Hardin Bridge Road - panoramio.jpg,https://commons.wikimedia.org/wiki/File:Field_off_of_Hardin_Bridge_Road_-_panoramio.jpg,Thomson M,CC BY 3.0,,unknown,5184,3456
457,tree_0457.jpg,512,512,JPEG,51392,c5ea258198d541d83a714d5e47ad72b264382e85,659,File:Flickr - JennyHuang - the country of clounds (New Zealand).jpg,https://commons.wikimedia.org/wiki/File:Flickr_-_JennyHuang_-_the_country_of_clounds_(New_Zealand).jpg,Jenny from Taipei,CC BY 2.0,,unknown,3872,2592
458,tree_0458.jpg,512,512,JPEG,47839,4fda56042d41cf41c2c573b0715e0248b26b1244,660,File:Flickr - lo.tangelini - Sobrevivir.jpg,https://commons.wikimedia.org/wiki/File:Flickr_-_lo.tangelini_-_Sobrevivir.jpg,"lo.tangelini from  Soliera / Modena, Italia",CC BY-SA 2.0,,unknown,2620,2518
459,tree_0459.jpg,512,512,JPEG,137406,c29ebe0961e30c687be03e45e98bba11edd779ba,661,File:Flickr - lo.tangelini - Solo.jpg,https://commons.wikimedia.org/wiki/File:Flickr_-_lo.tangelini_-_Solo.jpg,"lo.tangelini from  Soliera / Modena, Italia",CC BY-SA 2.0,,unknown,3648,2736
460,tree_0460.jpg,512,512,JPEG,112453,a42c67e98583ed4bf752b75a7f1587bb194884d0,662,File:Flora of Tanzania 2413 Nevit.jpg,https://commons.wikimedia.org/wiki/File:Flora_of_Tanzania_2413_Nevit.jpg,Nevit Dilmen (talk),CC BY-SA 3.0,,unknown,3648,2736
461,tree_0461.jpg,512,512,JPEG,72887,43e9b14239bd7a65eb1b8f9a72315f9312186276,663,File:Flora of Tanzania 3358 Nevit.jpg,https://commons.wikimedia.org/wiki/File:Flora_of_Tanzania_3358_Nevit.jpg,Nevit Dilmen (talk),CC BY-SA 3.0,,unknown,3648,2736
462,tree_0462.jpg,512,512,JPEG,39694,7c930d13daf059bcad58721f0119887c07713055,664,File:Flora of Tanzania 3969 Nevit.jpg,https://commons.wikimedia.org/wiki/File:Flora_of_Tanzania_3969_Nevit.jpg,Nevit Dilmen (talk),CC BY-SA 3.0,,unknown,3648,2736
463,tree_0463.jpg,512,512,JPEG,52987,ac21ecaa490bd3fee68ba0d3cadc388f7d049200,665,File:Flora of Tanzania 3974 Nevit.jpg,https://commons.wikimedia.org/wiki/File:Flora_of_Tanzania_3974_Nevit.jpg,Nevit Dilmen (talk),CC BY-SA 3.0,,unknown,3648,2736
464,tree_0464.jpg,512,512,JPEG,125216,f5dde2148e2b3c44ced5e9fc3cd0f5eaceca045e,666,File:Flora of Tanzania 4277 Nevit.jpg,https://commons.wikimedia.org/wiki/File:Flora_of_Tanzania_4277_Nevit.jpg,Nevit Dilmen (talk),CC BY-SA 3.0,,unknown,1024,768
465,tree_0465.jpg,512,512,JPEG,121366,886ff34fbd9669f2a143cb94d7b03aa971e2fafd,667,File:Flora of Tanzania 4296 Nevit.jpg,https://commons.wikimedia.org/wiki/File:Flora_of_Tanzania_4296_Nevit.jpg,Nevit Dilmen (talk),CC BY-SA 3.0,Acacia,broadleaf,3648,2736
466,tree_0466.jpg,512,512,JPEG,60230,893ba96dcecf8ac645bd574e334e08b4e5d09e59,670,File:Fotothek df ps 0001824 Bäume.jpg,https://commons.wikimedia.org/wiki/File:Fotothek_df_ps_0001824_B%C3%A4ume.jpg,Richard Peter,CC BY-SA 3.0 de,,unknown,800,813
467,tree_0467.jpg,512,512,JPEG,52240,71b87dc829efe550403c3d53304bd2b734808a33,671,File:Fotothek df ps 0001825 Bäume.jpg,https://commons.wikimedia.org/wiki/File:Fotothek_df_ps_0001825_B%C3%A4ume.jpg,Richard Peter,CC BY-SA 3.0 de,,unknown,800,816
468,tree_0468.jpg,512,512,JPEG,74284,320beacb239ac15655b0fe3e4069d4f99527b0ad,672,File:Fotothek df ps 0001826 Bäume.jpg,https://commons.wikimedia.org/wiki/File:Fotothek_df_ps_0001826_B%C3%A4ume.jpg,Richard Peter,CC BY-SA 3.0 de,,unknown,800,816
469,tree_0469.jpg,512,512,JPEG,84992,3e94bd934394446da79b689717546269dc99e782,676,File:Fotothek df ps 0001831 Bäume.jpg,https://commons.wikimedia.org/wiki/File:Fotothek_df_ps_0001831_B%C3%A4ume.jpg,Richard Peter,CC BY-SA 3.0 de,,unknown,800,817
470,tree_0470.jpg,512,512,JPEG,121181,4ae7aa1f1cc2fa7c18b612b1135fc6f407f330d6,683,File:Fotothek df ps 0001842 Bäume.jpg,https://commons.wikimedia.org/wiki/File:Fotothek_df_ps_0001842_B%C3%A4ume.jpg,Richard Peter,CC BY-SA 3.0 de,,unknown,800,814
471,tree_0471.jpg,512,512,JPEG,89493,9d3057181745f9ab856126cfe54b3a07babd7b6f,684,File:Fotothek df ps 0001843 Bäume.jpg,https://commons.wikimedia.org/wiki/File:Fotothek_df_ps_0001843_B%C3%A4ume.jpg,Richard Peter,CC BY-SA 3.0 de,,unknown,796,820
472,tree_0472.jpg,512,512,JPEG,67494,f8478dce2f48471801597b10774bdfab66f4182a,686,File:Fotothek df ps 0001856 Landschaften ^ Hügellandschaften - Gebirgslandschaften ^.jpg,https://commons.wikimedia.org/wiki/File:Fotothek_df_ps_0001856_Landschaften_%5E_H%C3%BCgellandschaften_-_Gebirgslandschaften_%5E.jpg,Richard Peter,CC BY-SA 3.0 de,,unknown,793,820
473,tree_0473.jpg,512,512,JPEG,85259,936f1f5a099f689e03613914215bdec2c53bf0f1,687,File:Fotothek df ps 0002060 Bäume.jpg,https://commons.wikimedia.org/wiki/File:Fotothek_df_ps_0002060_B%C3%A4ume.jpg,Richard Peter,CC BY-SA 3.0 de,Picea,conifer,793,820
474,tree_0474.jpg,512,512,JPEG,71000,b18167a6f1edb21063895778b0ca6c13f3f434a9,691,File:Fraga. Proper al Mas d'allà dins - panoramio.jpg,https://commons.wikimedia.org/wiki/File:Fraga._Proper_al_Mas_d%27all%C3%A0_dins_-_panoramio.jpg,"Imatges, algunes lle…",CC BY 3.0,,unknown,3872,2592
475,tree_0475.jpg,512,512,JPEG,91952,9c56c3e470fad29aa89c391e773f903ae3f72438,692,"File:Frances A Crane Wildlife Management Area, Falmouth MA.jpg","https://commons.wikimedia.org/wiki/File:Frances_A_Crane_Wildlife_Management_Area,_Falmouth_MA.jpg",John Phelan,CC BY-SA 4.0,,unknown,5472,3648
476,tree_0476.jpg,512,512,JPEG,137888,7f6a98e2a6ae508410874796d63af8180e33d94d,694,File:Fromeréville-les-Vallons 756.jpg,https://commons.wikimedia.org/wiki/File:Fromer%C3%A9ville-les-Vallons_756.jpg,Michiel Hendryckx,CC BY-SA 4.0,Quercus,broadleaf,6404,4257
477,tree_0477.jpg,512,512,JPEG,83294,37e9073493d4076d015653e4ba2c9186410f186d,695,File:Frosted (31237169753).jpg,https://commons.wikimedia.org/wiki/File:Frosted_(31237169753).jpg,"Christian Gloor from Wakatobi Dive Resort, Indonesia",CC BY 2.0,,unknown,2048,1536
478,tree_0478.jpg,512,512,JPEG,139628,6e2d629f39c301a1369e874ec01421f5dc6a2fc3,696,"File:Fulham Palace, London SW6 40.jpg","https://commons.wikimedia.org/wiki/File:Fulham_Palace,_London_SW6_40.jpg",Edwardx,CC BY-SA 4.0,Catalpa,broadleaf,4608,3456
479,tree_0479.jpg,512,512,JPEG,133394,72e4c82af9df97d091476c794a125fcf13d00390,699,File:Gampada.jpg,https://commons.wikimedia.org/wiki/File:Gampada.jpg,Mamman AA,CC BY-SA 4.0,,unknown,2804,2268
480,tree_0480.jpg,512,512,JPEG,51439,60ef5336eaceb4710c2bf4d3c8ecba445f250dbe,700,File:Garden WELD Larz Anderson Jack Kirrane Ice Skating Rink.jpg,https://commons.wikimedia.org/wiki/File:Garden_WELD_Larz_Anderson_Jack_Kirrane_Ice_Skating_Rink.jpg,EgorovaSvetlana,CC BY-SA 4.0,,unknown,3000,4000
481,tree_0481.jpg,512,512,JPEG,147841,c3bc8e90c36abfb5fbc088663d179ea17071bbcb,701,File:Gazelles (3195944437).jpg,https://commons.wikimedia.org/wiki/File:Gazelles_(3195944437).jpg,mwanasimba from La Réunion,CC BY-SA 2.0,,unknown,1799,1199
482,tree_0482.jpg,512,512,JPEG,139804,0e63f503d2693f47a0cc0520b2e91ae8abd76fe4,702,File:Georgia Jvari IMG 9258 2050.jpg,https://commons.wikimedia.org/wiki/File:Georgia_Jvari_IMG_9258_2050.jpg,Alexxx1979,CC BY-SA 4.0,,unknown,3075,2050
483,tree_0483.jpg,512,512,JPEG,113356,70dc2d53e83b6cb45763e5d2f29041cfe9b13e8a,705,File:Gewaltiger Baum.JPG,https://commons.wikimedia.org/wiki/File:Gewaltiger_Baum.JPG,Daenko,CC BY-SA 3.0,,unknown,6016,4000
484,tree_0484.jpg,512,512,JPEG,72083,b64286a75b4504046a31321d5190f19dc092d071,706,File:Giels Farm.jpg,https://commons.wikimedia.org/wiki/File:Giels_Farm.jpg,Hp.Baumeler,CC BY-SA 4.0,,unknown,5472,3648
485,tree_0485.jpg,512,512,JPEG,142678,28f2e5bb11ca06dbe11b479530d923407141e2a5,707,File:Gwaelod-y-Garth - winter tree Nov 2023.jpg,https://commons.wikimedia.org/wiki/File:Gwaelod-y-Garth_-_winter_tree_Nov_2023.jpg,Dominic Nelson,CC BY-SA 4.0,,unknown,6000,4000
486,tree_0486.jpg,512,512,JPEG,68731,7a66110cdd5d14a006504c0cb389ecb63c01cf1a,708,File:HILL ROAD.jpg,https://commons.wikimedia.org/wiki/File:HILL_ROAD.jpg,Ayudhdhari,CC BY-SA 4.0,,unknown,2560,1920
487,tree_0487.jpg,512,512,JPEG,147623,332dc68b46e03fe5178926ab0026d8d40b43ebb4,709,File:HN078sMarcs~Rd+BigTree.jpg,https://commons.wikimedia.org/wiki/File:HN078sMarcs~Rd%2BBigTree.jpg,,Public domain,,unknown,3264,2448
488,tree_0488.jpg,512,512,JPEG,66431,a61371d7fe3340cefd94d9bb2a615259c7c08dca,710,File:Half-dead tree.jpg,https://commons.wikimedia.org/wiki/File:Half-dead_tree.jpg,Ted Moravec,CC0,,unknown,1397,2048
489,tree_0489.jpg,512,512,JPEG,106021,c6105ede4fb4a118e9ec16ba31027b869774dfab,711,File:Hammershus - tree.jpg,https://commons.wikimedia.org/wiki/File:Hammershus_-_tree.jpg,"Andreas Lippelt from Wolfenbüttel, Deutschland",CC BY 2.0,,unknown,1600,1067
490,tree_0490.jpg,512,512,JPEG,63501,74a24edcacc08fe8a83d02b5a241dcf652bdce58,713,File:Hasle LU 30.07.2009 13-22-13.2009 13-22-16.JPG,https://commons.wikimedia.org/wiki/File:Hasle_LU_30.07.2009_13-22-13.2009_13-22-16.JPG,Hansueli Krapf,CC BY-SA 3.0,,unknown,2400,1594
491,tree_0491.jpg,512,512,JPEG,96831,665454680c36aee089a19c0d8085b17e753c7ff1,715,File:High road.jpg,https://commons.wikimedia.org/wiki/File:High_road.jpg,Susan Stellman,CC BY 3.0,,unknown,1560,1188
492,tree_0492.jpg,512,512,JPEG,151753,4f868560d799f2a2749b8afefe0bee84132ee321,716,File:High tree cemetery - outside view.jpg,https://commons.wikimedia.org/wiki/File:High_tree_cemetery_-_outside_view.jpg,Chavez02,CC BY-SA 3.0,,unknown,2592,1728
493,tree_0493.jpg,512,512,JPEG,121881,67e43a6c6658cba3356ecad45b513c8fc5650887,717,File:Hoces de río Duratón Enebro.jpg,https://commons.wikimedia.org/wiki/File:Hoces_de_r%C3%ADo_Durat%C3%B3n_Enebro.jpg,Ángel Antonio Caminero Gómez,CC BY-SA 3.0 es,,unknown,5184,3456
494,tree_0494.jpg,512,512,JPEG,132984,b262d613124f9ef166cebd2a2ae35bc3ecfc2b31,718,File:Hochzeit Simona und Lorenz-1.jpg,https://commons.wikimedia.org/wiki/File:Hochzeit_Simona_und_Lorenz-1.jpg,Hansueli Krapf,CC BY-SA 4.0,,unknown,4128,6192
495,tree_0495.jpg,512,512,JPEG,91179,790ff2588de7b27b17a47e3a2c53ebd791819d37,719,File:Hohwacht (50376118918).jpg,https://commons.wikimedia.org/wiki/File:Hohwacht_(50376118918).jpg,"Thomas Woodtli from Zürich, Switzerland",CC BY-SA 2.0,,unknown,4032,3024
496,tree_0496.jpg,512,512,JPEG,124615,aaec9c238466a2f1156f12fcac709e727f6ff5cb,720,File:Hollyrood (29813556327).jpg,https://commons.wikimedia.org/wiki/File:Hollyrood_(29813556327).jpg,Jason Woodhead,CC BY 2.0,,unknown,4032,3024
497,tree_0497.jpg,512,512,JPEG,163368,b20273cceae8406da232d0571f584c2b149ad64a,722,File:Houston campsite oak.jpg,https://commons.wikimedia.org/wiki/File:Houston_campsite_oak.jpg,Larry D. Moore,CC BY 4.0,Quercus,broadleaf,1782,1425
498,tree_0498.jpg,512,512,JPEG,152898,e1370d6ae1f9ee5e01a119a3370d0ef644ea05e2,724,File:Huis ter heide - supereik.jpg,https://commons.wikimedia.org/wiki/File:Huis_ter_heide_-_supereik.jpg,Hikerbiker,CC BY-SA 4.0,,unknown,4608,3456
499,tree_0499.jpg,512,512,JPEG,94110,7af29a9138d17c7845d04328af9b8332b8afbbac,725,File:IMG-20171014-WA0010.jpg,https://commons.wikimedia.org/wiki/File:IMG-20171014-WA0010.jpg,Riyadawn,CC BY-SA 4.0,,unknown,1024,768
500,tree_0500.jpg,512,512,JPEG,99947,3d93dfeb0cd016624bfd6450271ec93d53108b56,727,File:Illertal Herbst Auto mit Baum.JPG,https://commons.wikimedia.org/wiki/File:Illertal_Herbst_Auto_mit_Baum.JPG,Wald-Burger8,CC BY-SA 4.0,,unknown,2672,4000
501,tree_0501.jpg,512,512,JPEG,129144,62bcea7fd12298e4de22f86f14cc1e5c1be005bf,728,File:Illertal Herbst Autro mit Baum.JPG,https://commons.wikimedia.org/wiki/File:Illertal_Herbst_Autro_mit_Baum.JPG,Wald-Burger8,CC BY-SA 4.0,,unknown,2672,4000
502,tree_0502.jpg,512,512,JPEG,104302,4b16f1cc913ed6e1ddeb7ebfb0117862da1c47d5,729,File:Inbound4812484940752980118 (The Three Of Life).jpg,https://commons.wikimedia.org/wiki/File:Inbound4812484940752980118_(The_Three_Of_Life).jpg,Ferrucci73,CC BY 4.0,,unknown,1510,2014
503,tree_0503.jpg,512,512,JPEG,173705,9267afa9ab5fb4912f728a06bf81692a8557563e,733,File:Ioninsky 32.jpg,https://commons.wikimedia.org/wiki/File:Ioninsky_32.jpg,Laila nav,CC BY-SA 4.0,,unknown,4000,3000
504,tree_0504.jpg,512,512,JPEG,110328,f087ac7df7758bb93bb1fa29cf9dbcd02a567e7f,734,File:Ipê Amarelo podem ser vistos da Av. Marginal Itupeva-Indaiatuba. - panoramio.jpg,https://commons.wikimedia.org/wiki/File:Ip%C3%AA_Amarelo_podem_ser_vistos_da_Av._Marginal_Itupeva-Indaiatuba._-_panoramio.jpg,joao batista Shimoto,CC BY-SA 3.0,,unknown,3648,2736
505,tree_0505.jpg,512,512,JPEG,109791,e33e6cb3abbde16b2318c97301d52f0f7db7a5a9,735,"File:Ipê amarelo florido, às margens da Lagoa do IFMG campus Bambuí. - panoramio.jpg","https://commons.wikimedia.org/wiki/File:Ip%C3%AA_amarelo_florido,_%C3%A0s_margens_da_Lagoa_do_IFMG_campus_Bambu%C3%AD._-_panoramio.jpg",Tiago Firmino Boaven…,CC BY 3.0,,unknown,4288,3216
506,tree_0506.jpg,512,512,JPEG,115484,ce022d819f2193cad241a6b413f02792e02f6162,736,File:Ita pobé devant palais royal de pobé.jpg,https://commons.wikimedia.org/wiki/File:Ita_pob%C3%A9_devant_palais_royal_de_pob%C3%A9.jpg,Rachad sanoussi,CC BY-SA 4.0,,unknown,2448,3264
507,tree_0507.jpg,512,512,JPEG,140443,c129ee194da350ee0b42881fe809952f2667513f,738,File:Izmail Fortress 05.jpg,https://commons.wikimedia.org/wiki/File:Izmail_Fortress_05.jpg,Yuriy Kvach,CC BY-SA 4.0,,unknown,4320,3240
508,tree_0508.jpg,512,512,JPEG,115899,30153c5557575731111e2d50b066726ae905cdeb,739,"File:Jakob Knudsens træ, Rødding.jpg","https://commons.wikimedia.org/wiki/File:Jakob_Knudsens_tr%C3%A6,_R%C3%B8dding.jpg",Hjart,CC BY-SA 4.0,,unknown,4928,3264
509,tree_0509.jpg,512,512,JPEG,114381,ad60c941cb8ae130719a73c49e7bcde49eb3ecfe,740,File:Jardin de Kerbonne01.jpg,https://commons.wikimedia.org/wiki/File:Jardin_de_Kerbonne01.jpg,S. DÉNIEL,CC BY-SA 4.0,,unknown,6811,4541
510,tree_0510.jpg,512,512,JPEG,101949,a8c63bf54f12e11bb963c2fce7b1ef2137216c4f,741,File:Jeff King 2016-07-29 (Unsplash).jpg,https://commons.wikimedia.org/wiki/File:Jeff_King_2016-07-29_(Unsplash).jpg,Jeff King jeffkingla,CC0,,unknown,3827,2546
511,tree_0511.jpg,512,512,JPEG,71612,60cb4a1aefde092e72603f28e151e61173927b94,743,File:Joseph Dixon Collection (db45389228b94d5a910cd58066bbdde4).jpg,https://commons.wikimedia.org/wiki/File:Joseph_Dixon_Collection_(db45389228b94d5a910cd58066bbdde4).jpg,Joseph Dixon,Public domain,,unknown,762,939
512,tree_0512.jpg,512,512,JPEG,105634,feb8995f2cf5ab0c9b2cafbf4001b0b62ccc85fd,746,File:Juniper tree along the trail (c577f4b3-ec35-454e-b09d-ffbcee1c39ef).jpg,https://commons.wikimedia.org/wiki/File:Juniper_tree_along_the_trail_(c577f4b3-ec35-454e-b09d-ffbcee1c39ef).jpg,Victoria Stauffenberg,Public domain,,unknown,4635,3151
513,tree_0513.jpg,512,512,JPEG,111445,bbb6d3e650d7a0809d3be2cdbbfb6ac89142e105,748,File:Kameldornbaum Namibia Kanaan.jpg,https://commons.wikimedia.org/wiki/File:Kameldornbaum_Namibia_Kanaan.jpg,Hp.Baumeler,CC BY-SA 4.0,Vachellia,broadleaf,2000,1333
514,tree_0514.jpg,512,512,JPEG,149736,3b368602f14e12cf4568913b074dd13b74daef90,750,"File:Kameldornbaum, Flussbett Gurieb, Simplon Namibia (2017).jpg","https://commons.wikimedia.org/wiki/File:Kameldornbaum,_Flussbett_Gurieb,_Simplon_Namibia_(2017).jpg",Olga Ernst  &amp;  Hp.Baumeler,CC BY-SA 4.0,Vachellia,broadleaf,4928,3264
515,tree_0515.jpg,512,512,JPEG,80553,8a80eec3a5230460b40b738901f7036a138c468a,752,File:Kampestein ved Nordlia.JPG,https://commons.wikimedia.org/wiki/File:Kampestein_ved_Nordlia.JPG,Øyvind Holmstad,CC BY-SA 3.0,,unknown,5184,3456
516,tree_0516.jpg,512,512,JPEG,105407,6f3ffe7ecc88ba4e08435e1762f43aad3fd90fbb,753,File:Kandalama Lake in Dambulla DSC496.jpg,https://commons.wikimedia.org/wiki/File:Kandalama_Lake_in_Dambulla_DSC496.jpg,Shakir Jamaldeen,CC BY-SA 4.0,,unknown,4288,2848
517,tree_0517.jpg,512,512,JPEG,127772,ca1c74cb4b88b03e5049b0465570e4afb4f7266d,754,File:Kapellenlinde Aschelsried 001.jpg,https://commons.wikimedia.org/wiki/File:Kapellenlinde_Aschelsried_001.jpg,Storchi (Diskussion),CC0,Tilia,broadleaf,1200,1600
518,tree_0518.jpg,512,512,JPEG,98211,b81da3150d81e17ccd361f95c477a99452328d08,755,File:Kastanjeboom.jpg,https://commons.wikimedia.org/wiki/File:Kastanjeboom.jpg,Heavyuser,CC BY-SA 3.0,Aesculus,broadleaf,1464,1198
519,tree_0519.jpg,512,512,JPEG,113750,43e1fe650b9c98f4e87c1525d2f074fd29da4ad6,756,File:KayesBaobab.jpg,https://commons.wikimedia.org/wiki/File:KayesBaobab.jpg,"NOAA. This image is a work of the National Oceanic and Atmospheric Administration, taken or made during the course of an",Public domain,Adansonia,broadleaf,1280,960
520,tree_0520.jpg,512,512,JPEG,137438,730ba087078430b15c32febad7bc052ef7af75f9,757,File:Kaşkavaltepe Düzorman KIRKLARELİ - panoramio.jpg,https://commons.wikimedia.org/wiki/File:Ka%C5%9Fkavaltepe_D%C3%BCzorman_KIRKLAREL%C4%B0_-_panoramio.jpg,by rock,CC BY 3.0,,unknown,2848,4272
521,tree_0521.jpg,512,512,JPEG,110620,2323fc0f76e60e6e698b3afd820b52b411b2c190,758,File:Kdanice lipa 1.jpg,https://commons.wikimedia.org/wiki/File:Kdanice_lipa_1.jpg,JiriMatejicek,CC BY-SA 3.0,Tilia,broadleaf,2400,3200
522,tree_0522.jpg,512,512,JPEG,101104,3bc53566044291868509b66cd869914f5630f0da,759,File:Kdanice lipa 2.jpg,https://commons.wikimedia.org/wiki/File:Kdanice_lipa_2.jpg,JiriMatejicek,CC BY-SA 3.0,Tilia,broadleaf,2400,3200
523,tree_0523.jpg,512,512,JPEG,81556,705e31622e84e0e23663addb7899af04519e31ff,760,File:Keneg-1.JPEG,https://commons.wikimedia.org/wiki/File:Keneg-1.JPEG,Jemo2200 at Arabic Wikipedia,Public domain,,unknown,3264,2448
524,tree_0524.jpg,512,512,JPEG,82097,62d1cc1b4e4ced2424af2c8865bf36a30a22538c,761,File:Kerman Province countryside - panoramio (127).jpg,https://commons.wikimedia.org/wiki/File:Kerman_Province_countryside_-_panoramio_(127).jpg,☆ SM MIRHOSSEINI,CC BY 3.0,,unknown,1750,1313
525,tree_0525.jpg,512,512,JPEG,111278,7adfc8a62f45003b64d77f0140d7283c6d56b5a3,762,File:Ketkon vanha mänty.JPG,https://commons.wikimedia.org/wiki/File:Ketkon_vanha_m%C3%A4nty.JPG,Roquai,CC BY-SA 3.0,Pinus,conifer,2304,3072
526,tree_0526.jpg,512,512,JPEG,103043,d2631a36b0f4cf59a2fb5fc775d6c1579044f0bd,763,File:Kigelia africana - sausage tree.JPG,https://commons.wikimedia.org/wiki/File:Kigelia_africana_-_sausage_tree.JPG,Robur.q,CC BY-SA 3.0,,unknown,4608,3456
527,tree_0527.jpg,512,512,JPEG,70217,3589446b099036933ed4ecbabff0ae787665f0f2,764,File:Koessern Mulde solitaerer Baum-01.jpg,https://commons.wikimedia.org/wiki/File:Koessern_Mulde_solitaerer_Baum-01.jpg,Radler59 (talk),CC BY-SA 4.0,,unknown,5794,3863
528,tree_0528.jpg,512,512,JPEG,96051,1a5a721f9e888c38269e6db74d34c2a744a45a33,765,File:Koessern Mulde solitaerer Baum-02.jpg,https://commons.wikimedia.org/wiki/File:Koessern_Mulde_solitaerer_Baum-02.jpg,Radler59 (talk),CC BY-SA 4.0,,unknown,5010,3758
529,tree_0529.jpg,512,512,JPEG,100504,0a380effb5bc6377d0fa3f87407a072fec4de5eb,767,File:Krøderen - no-nb digifoto 20150225 00130 NB MIT FNR 10906.jpg,https://commons.wikimedia.org/wiki/File:Kr%C3%B8deren_-_no-nb_digifoto_20150225_00130_NB_MIT_FNR_10906.jpg,Unknown authorUnknown author,Public domain,,unknown,7210,5410
530,tree_0530.jpg,512,512,JPEG,132280,42109fefaa05f02a74f9ae5c53e7d7568efcd486,768,File:KuB-The Tree.jpg,https://commons.wikimedia.org/wiki/File:KuB-The_Tree.jpg,Matěj Grabovský,CC BY-SA 3.0,,unknown,1600,1200
531,tree_0531.jpg,512,512,JPEG,131831,15d48db9bb30c6947e5bfc3737bf76afcd94eee4,769,File:Kucuk Camlica 06465.jpg,https://commons.wikimedia.org/wiki/File:Kucuk_Camlica_06465.jpg,Nevit Dilmen,CC BY-SA 3.0,,unknown,2591,1941
532,tree_0532.jpg,512,512,JPEG,88934,ae3206a4ef958f9bfd913d6a16c69262e644cd28,770,File:Kuldiga - panoramio - Laima Gūtmane (simka… (13).jpg,https://commons.wikimedia.org/wiki/File:Kuldiga_-_panoramio_-_Laima_G%C5%ABtmane_(simka%E2%80%A6_(13).jpg,Laima Gūtmane (simka…,CC BY-SA 3.0,,unknown,3752,2492
533,tree_0533.jpg,512,512,JPEG,145382,4845f510519d61b685a257ebb09ff4641a632e24,771,"File:L'albero nei pressi della chiesa di Santa Maria del Carmine (Creola, Saccolongo).jpg","https://commons.wikimedia.org/wiki/File:L%27albero_nei_pressi_della_chiesa_di_Santa_Maria_del_Carmine_(Creola,_Saccolongo).jpg",Threecharlie,CC BY-SA 4.0,,unknown,4608,3456
534,tree_0534.jpg,512,512,JPEG,68776,9913efbc16d2a6b69af0df76b0cc5d2ae2463035,772,File:LLICO BAJO.jpg,https://commons.wikimedia.org/wiki/File:LLICO_BAJO.jpg,FERNANDAVELASQUEZFARIAS,CC BY-SA 4.0,,unknown,4032,3024
535,tree_0535.jpg,512,512,JPEG,85425,82f6903eb836af6fba7fed71c02423baa91d2131,773,File:LOMA-TERRERO.jpg,https://commons.wikimedia.org/wiki/File:LOMA-TERRERO.jpg,Andrés Flajszer,CC BY-SA 3.0 es,,unknown,4368,2912
536,tree_0536.jpg,512,512,JPEG,149743,7c9abc4fa9c9f1a9b64ff5545d5d0bdc73905702,774,File:La quercia antica - panoramio.jpg,https://commons.wikimedia.org/wiki/File:La_quercia_antica_-_panoramio.jpg,rgiannotti1,CC BY-SA 3.0,Quercus,broadleaf,2560,1920
537,tree_0537.jpg,512,512,JPEG,67976,735fe633e60f4e76fac21bf22d47d4194af67aa0,776,File:Laika ac Selous (9841003805).jpg,https://commons.wikimedia.org/wiki/File:Laika_ac_Selous_(9841003805).jpg,Laika ac from USA,CC BY-SA 2.0,,unknown,2928,4417
538,tree_0538.jpg,512,512,JPEG,114645,70c367bb4c8caf1e6881bd4aef34fcb6b2c0f13a,779,"File:Lake Saltonstall, Haverhill MA.jpg","https://commons.wikimedia.org/wiki/File:Lake_Saltonstall,_Haverhill_MA.jpg",John Phelan,CC BY-SA 4.0,,unknown,4032,3024
539,tree_0539.jpg,512,512,JPEG,105255,7a6ec8a394081a1ee62d615a140bfed7529ea8ff,780,File:Lake St Claire guardian.jpg,https://commons.wikimedia.org/wiki/File:Lake_St_Claire_guardian.jpg,COLJONES,CC BY-SA 4.0,,unknown,3676,2468
540,tree_0540.jpg,512,512,JPEG,123882,8aaad427e17fee854430c80a7aeaa6cdddc6b52c,784,File:Landscape in Saint-Martin-le-Mault.jpg,https://commons.wikimedia.org/wiki/File:Landscape_in_Saint-Martin-le-Mault.jpg,Krzysztof Golik,CC BY-SA 4.0,,unknown,3676,2530
541,tree_0541.jpg,512,512,JPEG,133829,6443e1d272949aa1bc0a6e508f8b7e84ac952846,788,File:Le Raisinier autour du complexe Pendjari. 05.jpg,https://commons.wikimedia.org/wiki/File:Le_Raisinier_autour_du_complexe_Pendjari._05.jpg,Farid AMADOU BAHLEMAN,CC BY-SA 4.0,,unknown,5184,3888
542,tree_0542.jpg,512,512,JPEG,140832,1e7b94e0220d74adbf5f51ae060f5d5b10ab8d1a,789,File:Le tilleul des Lognards à Xhoris.jpg,https://commons.wikimedia.org/wiki/File:Le_tilleul_des_Lognards_%C3%A0_Xhoris.jpg,Pierre-Jacques Despa,CC BY-SA 3.0,Tilia,broadleaf,4288,2848
543,tree_0543.jpg,512,512,JPEG,118023,795644e2a48c7f00a600e7c99da85338a4f1a268,793,File:Les gouttes - Flickr - Guy Masavi.jpg,https://commons.wikimedia.org/wiki/File:Les_gouttes_-_Flickr_-_Guy_Masavi.jpg,"guy masavi from nimes, france",CC BY-SA 2.0,,unknown,1600,1200
544,tree_0544.jpg,512,512,JPEG,94614,6b547670036b9ce6948936630a09a4235263ee01,796,"File:Life on the edge, coast north of La Push, Washington State, USA.jpg","https://commons.wikimedia.org/wiki/File:Life_on_the_edge,_coast_north_of_La_Push,_Washington_State,_USA.jpg",ThomasLendt,CC BY-SA 4.0,,unknown,3456,5184
545,tree_0545.jpg,512,512,JPEG,81958,35163a78a16ca0df85ad953b02e4b74db1ccb6c0,797,File:Lone Pine Umbrella.JPG,https://commons.wikimedia.org/wiki/File:Lone_Pine_Umbrella.JPG,Wingchi Poon,CC BY-SA 3.0,Pinus,conifer,2816,1880
546,tree_0546.jpg,512,512,JPEG,73656,36540fff717518ba22d44468c4a8fe463197ab9a,798,File:Lone Pine tree at Mon Ang Ket.jpg,https://commons.wikimedia.org/wiki/File:Lone_Pine_tree_at_Mon_Ang_Ket.jpg,Catchiangmai,CC BY-SA 4.0,Pinus,conifer,5858,4000
547,tree_0547.jpg,512,512,JPEG,122217,b7637c13a4b3fe23938a05b1e4213044f290cbf8,799,File:Lone Tree (15234630314).jpg,https://commons.wikimedia.org/wiki/File:Lone_Tree_(15234630314).jpg,"Carlos Andrés Reyes from Cologne, Germany",CC BY 2.0,,unknown,5367,3578
548,tree_0548.jpg,512,512,JPEG,66428,506691d2a1ec65f0a6e2fe8653f13f01945d7b47,801,File:Lone Tree (172877157).jpeg,https://commons.wikimedia.org/wiki/File:Lone_Tree_(172877157).jpeg,Alexandre Ultré,CC BY-SA 3.0,,unknown,2048,1536
549,tree_0549.jpg,512,512,JPEG,112414,acd7be56337bb2dc349625963d367aa0c0039eeb,802,File:Lone Tree (177177433).jpeg,https://commons.wikimedia.org/wiki/File:Lone_Tree_(177177433).jpeg,Benjamin Balazs,CC0,,unknown,2035,2048
550,tree_0550.jpg,512,512,JPEG,68321,c06973b4d5b8febd813f28aa3fa889f6424e078a,803,File:Lone Tree (46325847855).jpg,https://commons.wikimedia.org/wiki/File:Lone_Tree_(46325847855).jpg,Sonja und Jens from Germany,CC BY 2.0,,unknown,4798,3198
551,tree_0551.jpg,512,512,JPEG,90906,128ecbaea3057be62c7afe0fbaa980cae3eb0a4b,804,File:Lone Tree 3.jpg,https://commons.wikimedia.org/wiki/File:Lone_Tree_3.jpg,Kharkil,CC BY-SA 4.0,,unknown,4872,5568
552,tree_0552.jpg,512,512,JPEG,90463,0f950b715471026cb7ec69edbc3453f713a5a7e0,805,File:Lone Tree 5.jpg,https://commons.wikimedia.org/wiki/File:Lone_Tree_5.jpg,Kharkil,CC BY-SA 4.0,,unknown,4898,3265
553,tree_0553.jpg,512,512,JPEG,158123,f67c9bc4004ff42f68aee8b30424d248ebaeb868,806,File:Lone Tree and river Gaddagh.jpg,https://commons.wikimedia.org/wiki/File:Lone_Tree_and_river_Gaddagh.jpg,AboveHeights,CC BY-SA 4.0,,unknown,4000,6000
554,tree_0554.jpg,512,512,JPEG,72632,cee1a7dda9de711b22f536a5fd7c8201d95b9750,810,File:Lone tree in public open space - geograph.org.uk - 3233543.jpg,https://commons.wikimedia.org/wiki/File:Lone_tree_in_public_open_space_-_geograph.org.uk_-_3233543.jpg,Christine Johnstone,CC BY-SA 2.0,,unknown,990,719
555,tree_0555.jpg,512,512,JPEG,117979,ae6c4397cfd4b150353abbfaa1815138ba527f9e,811,File:Lone tree in the desert.jpg,https://commons.wikimedia.org/wiki/File:Lone_tree_in_the_desert.jpg,Deep Kadam,CC BY-SA 4.0,,unknown,2048,1366
556,tree_0556.jpg,512,512,JPEG,99982,53086add8f5c096b3564917bf54e9ef7d6d2bb9a,814,File:Lone tree on a summer hillside.jpg,https://commons.wikimedia.org/wiki/File:Lone_tree_on_a_summer_hillside.jpg,ShakataGaNai,CC BY-SA 3.0,Quercus,broadleaf,2679,2000
557,tree_0557.jpg,512,512,JPEG,85987,d0cdf764ad899227b7b5a6ccc699a2685ce99d27,815,File:Lone wolf.jpg,https://commons.wikimedia.org/wiki/File:Lone_wolf.jpg,Jmaccccc,CC BY-SA 4.0,,unknown,5184,3456
558,tree_0558.jpg,512,512,JPEG,96036,2c63ae5f424afe8c0f0c3d41088fea1f7cb48d33,816,File:Loneliness (116880423).jpeg,https://commons.wikimedia.org/wiki/File:Loneliness_(116880423).jpeg,Bernhard Hanakam,CC BY-SA 3.0,,unknown,2048,1362
559,tree_0559.jpg,512,512,JPEG,69450,961c889fb311a2c1a7c8a4e6f4e6f2c290073b61,817,File:Loneliness (24881294312).jpg,https://commons.wikimedia.org/wiki/File:Loneliness_(24881294312).jpg,Maciej Kraus,CC BY 2.0,,unknown,4000,6000
560,tree_0560.jpg,512,512,JPEG,78947,d5a78edd342d80d76e6d27c463162780fb89e7f6,818,File:Lonely Road (35741167006).jpg,https://commons.wikimedia.org/wiki/File:Lonely_Road_(35741167006).jpg,Mark Schneider,CC BY 2.0,,unknown,2000,1333
561,tree_0561.jpg,512,512,JPEG,125606,a2afab2a5cb494e06590f11464504e7ea1f0e330,820,File:Lonely Tree (212734013).jpeg,https://commons.wikimedia.org/wiki/File:Lonely_Tree_(212734013).jpeg,Gianfranco Vitolo,CC BY 3.0,,unknown,2048,1527
562,tree_0562.jpg,512,512,JPEG,119869,8b1dbd7426506bda26a26a448028131801a33890,821,File:Lonely Tree in the Middle of a Field.jpg,https://commons.wikimedia.org/wiki/File:Lonely_Tree_in_the_Middle_of_a_Field.jpg,Melissa Fague / PI Photography and Fine Art,CC BY-SA 4.0,,unknown,1600,1071
563,tree_0563.jpg,512,512,JPEG,96768,e522b77fd0589f6540da7a87dc2ec0622b83f722,822,File:Lonely Tuscany Tree.jpg,https://commons.wikimedia.org/wiki/File:Lonely_Tuscany_Tree.jpg,Jakub T. Jankiewicz,CC BY-SA 2.0,,unknown,6032,4032
564,tree_0564.jpg,512,512,JPEG,95054,922875fcb53219490cf23d501cd66d0e26dc9b2e,829,File:Lonely tree - Rtanj.jpg,https://commons.wikimedia.org/wiki/File:Lonely_tree_-_Rtanj.jpg,Maja Stosic,CC BY-SA 4.0,,unknown,3548,4843
565,tree_0565.jpg,512,512,JPEG,101810,7f5fa71e057381302c0b9fd466cd8f661dfe4b6b,830,File:Lonely tree Savannah.jpg,https://commons.wikimedia.org/wiki/File:Lonely_tree_Savannah.jpg,The Taxi Photographer,CC BY-SA 4.0,,unknown,2796,4194
566,tree_0566.jpg,512,512,JPEG,96454,9898b94f96caaf443e311b9b1c2df865404bf694,832,File:Lonely tree in Nadugani Ghats.jpg,https://commons.wikimedia.org/wiki/File:Lonely_tree_in_Nadugani_Ghats.jpg,Monalperoth,CC BY-SA 4.0,,unknown,3144,4715
567,tree_0567.jpg,512,512,JPEG,83449,57c85b4217b0e09768c69b45cd5a20ed15f8382b,833,File:Lonely tree in a wheat field.jpg,https://commons.wikimedia.org/wiki/File:Lonely_tree_in_a_wheat_field.jpg,Bob Collowan,CC BY-SA 4.0,,unknown,2112,2816
568,tree_0568.jpg,512,512,JPEG,107234,809fff71fbb3c14caf13e021c6d56256a82ca28f,836,File:Lonely tree in the sandy fields.jpg,https://commons.wikimedia.org/wiki/File:Lonely_tree_in_the_sandy_fields.jpg,Ulet Natalius,CC BY-SA 4.0,,unknown,4608,3456
569,tree_0569.jpg,512,512,JPEG,34964,a6edac573271dc17a52a5255c810c185239c73ee,837,File:Lonely. (49275078177).jpg,https://commons.wikimedia.org/wiki/File:Lonely._(49275078177).jpg,"Martin Fisch from Wiesbaden, Germany",CC BY 2.0,,unknown,3024,4032
570,tree_0570.jpg,512,512,JPEG,169897,fb5db2b8fca3c7a9c071d8337709a98da63112ce,839,File:Lonetreeinrapefield.jpg,https://commons.wikimedia.org/wiki/File:Lonetreeinrapefield.jpg,Whippetsgalore,CC BY-SA 4.0,,unknown,2514,2068
571,tree_0571.jpg,512,512,JPEG,117588,b96bb8e14f024917f152c62a3728cb7eb2ebac38,842,File:Los Roques Venezuela.jpg,https://commons.wikimedia.org/wiki/File:Los_Roques_Venezuela.jpg,Rodrigo Accurcio,CC BY 2.0,,unknown,2048,1536
572,tree_0572.jpg,512,512,JPEG,100838,b30674dfb1c462d6d3b37be645453b693e49c4b0,852,File:Marian Chinciusan 2014 (Unsplash).jpg,https://commons.wikimedia.org/wiki/File:Marian_Chinciusan_2014_(Unsplash).jpg,Marian Chinciusan ralea1313,CC0,,unknown,3872,2592
573,tree_0573.jpg,512,512,JPEG,128411,35eecd67a84cb61f26ebaf0af0253a9410b1af43,854,File:Maruleira (497014989).jpg,https://commons.wikimedia.org/wiki/File:Maruleira_(497014989).jpg,Leandro Neumann Ciuffo,CC BY 2.0,,unknown,1280,960
574,tree_0574.jpg,512,512,JPEG,102132,0260883bed994e8dfbcdd927facdfc1ae78ba50d,855,File:Masterson Station Park Tree.jpg,https://commons.wikimedia.org/wiki/File:Masterson_Station_Park_Tree.jpg,"Jim from Lexington, KY, USA",CC BY-SA 2.0,,unknown,2272,1704
575,tree_0575.jpg,512,512,JPEG,74142,beee5ce5f0f4eb89868213edd09a63c4b7994938,856,"File:Matanaka - Granary, Privy & Schoolhouse.jpg","https://commons.wikimedia.org/wiki/File:Matanaka_-_Granary,_Privy_%26_Schoolhouse.jpg",Karora,Public domain,Eucalyptus,broadleaf,3900,2613
576,tree_0576.jpg,512,512,JPEG,122040,d3abf500aebc14adca96cd61df6ec3ed1bc59a91,859,"File:Maňová (Pernštejnské Jestřabí), kvetoucí strom (0500).jpg","https://commons.wikimedia.org/wiki/File:Ma%C5%88ov%C3%A1_(Pern%C5%A1tejnsk%C3%A9_Jest%C5%99ab%C3%AD),_kvetouc%C3%AD_strom_(0500).jpg",Martin Strachoň,CC BY-SA 4.0,,unknown,3888,2592
577,tree_0577.jpg,512,512,JPEG,130387,bcadbafe0cecfd5bc9f525ce9493a127c9889d14,860,File:Medis prie Stūriškių.JPG,https://commons.wikimedia.org/wiki/File:Medis_prie_St%C5%ABri%C5%A1ki%C5%B3.JPG,Vilensija,CC BY-SA 3.0,,unknown,2816,2112
578,tree_0578.jpg,512,512,JPEG,90172,efe496a5bd6ff344a32729a8aa3ef420fa61fabb,861,File:Meenakshipura4.jpg,https://commons.wikimedia.org/wiki/File:Meenakshipura4.jpg,Kashyap.prajwal,CC BY-SA 4.0,,unknown,1100,753
579,tree_0579.jpg,512,512,JPEG,87546,8df8b9fbc71d1a2a3a51d16946405c7f1ab06b37,862,File:Membrío (Cáceres) - panoramio (3).jpg,https://commons.wikimedia.org/wiki/File:Membr%C3%ADo_(C%C3%A1ceres)_-_panoramio_(3).jpg,velomartinez,CC BY-SA 3.0,,unknown,3258,2203
580,tree_0580.jpg,512,512,JPEG,107562,daba4520a7cb6a07b9864cbf5faa21c2d41c391b,865,"File:Merzhanovo, Sea of Azov, Tethys Ocean, Russia.jpg","https://commons.wikimedia.org/wiki/File:Merzhanovo,_Sea_of_Azov,_Tethys_Ocean,_Russia.jpg",Vyacheslav Argenberg,CC BY 4.0,,unknown,4912,3264
581,tree_0581.jpg,512,512,JPEG,89045,08e4d0f8a06ade827d306565a83640c7e28e56d1,867,"File:Mid Devon , Lonely Tree ^ Lonely Cloud - geograph.org.uk - 1991150.jpg","https://commons.wikimedia.org/wiki/File:Mid_Devon_,_Lonely_Tree_%5E_Lonely_Cloud_-_geograph.org.uk_-_1991150.jpg",Lewis Clarke,CC BY-SA 2.0,,unknown,4288,2848
582,tree_0582.jpg,512,512,JPEG,133789,91c9a25d33fe23adea3f2120e460d92af615a56f,872,File:Misty November morning in Pennsylvania.jpg,https://commons.wikimedia.org/wiki/File:Misty_November_morning_in_Pennsylvania.jpg,Donald Olszewski,CC BY 4.0,,unknown,7841,5230
583,tree_0583.jpg,512,512,JPEG,110828,c50ad1de6af5a08f607aa301a1f953ac95b90a29,874,File:Moringa ovalifolia - Sprokiesboom-1149 - Flickr - Ragnhild & Neil Crawford.jpg,https://commons.wikimedia.org/wiki/File:Moringa_ovalifolia_-_Sprokiesboom-1149_-_Flickr_-_Ragnhild_%26_Neil_Crawford.jpg,Ragnhild&amp;Neil Crawford from Sweden,CC BY-SA 2.0,,unknown,1400,933
584,tree_0584.jpg,512,512,JPEG,95565,346c736649b7d938c3b20af7c02f0cc53bd5fc73,875,File:Morning in the mountains - Flickr - Ted Moravec.jpg,https://commons.wikimedia.org/wiki/File:Morning_in_the_mountains_-_Flickr_-_Ted_Moravec.jpg,Ted Moravec,CC0,,unknown,1800,1800
585,tree_0585.jpg,512,512,JPEG,125868,ea8730b97ccc99aa30914b1e4ca21f95d23588fc,878,File:Mucubají sierra nevada.jpg,https://commons.wikimedia.org/wiki/File:Mucubaj%C3%AD_sierra_nevada.jpg,Nackort,CC BY-SA 3.0,,unknown,2592,1944
586,tree_0586.jpg,512,512,JPEG,97060,56038ef684a4e36170ae97aa1a4962d067977754,879,File:Mulberry-tree-Broussonetia-papyrifera-p1000479.JPG,https://commons.wikimedia.org/wiki/File:Mulberry-tree-Broussonetia-papyrifera-p1000479.JPG,Nevit,CC BY-SA 3.0,,unknown,2304,3072
587,tree_0587.jpg,512,512,JPEG,114986,c8d20913d08a325c09227327e424e3b6e31bf7f5,884,"File:Myrhorods'kyi district, Poltavs'ka oblast, Ukraine - panoramio (72).jpg","https://commons.wikimedia.org/wiki/File:Myrhorods%27kyi_district,_Poltavs%27ka_oblast,_Ukraine_-_panoramio_(72).jpg",юра запеченко,CC BY 3.0,,unknown,5152,3864
588,tree_0588.jpg,512,512,JPEG,141659,c3eaee19c863315b940ce54864fc3331cf4b2008,888,File:Namib Desert Vegetation.jpg,https://commons.wikimedia.org/wiki/File:Namib_Desert_Vegetation.jpg,Sudzie,CC BY-SA 4.0,,unknown,1840,1232
589,tree_0589.jpg,512,512,JPEG,116648,927fa3ba6ddf13aa1ce462afaa701a97540ee4df,889,File:Namib Dos.JPG,https://commons.wikimedia.org/wiki/File:Namib_Dos.JPG,Teo Gómez,Public domain,,unknown,2288,1712
590,tree_0590.jpg,512,512,JPEG,85037,84ce041f543f54c1d454b8db0590b4d6f1fa9adb,890,File:NamibRand-3540 - Flickr - Ragnhild & Neil Crawford.jpg,https://commons.wikimedia.org/wiki/File:NamibRand-3540_-_Flickr_-_Ragnhild_%26_Neil_Crawford.jpg,Ragnhild&amp;Neil Crawford from Sweden,CC BY-SA 2.0,,unknown,1400,933
591,tree_0591.jpg,512,512,JPEG,109463,14e2c4cff709a3a63d7ead01a4ea8e7b80c36d58,891,File:Namibia Fish River Canyon-Quiver Tree sunset.jpg,https://commons.wikimedia.org/wiki/File:Namibia_Fish_River_Canyon-Quiver_Tree_sunset.jpg,Ralf Junghanns,CC BY-SA 3.0,,unknown,2551,1913
592,tree_0592.jpg,512,512,JPEG,113462,fa4c8f703a18392dc3051b9550207eabce9dc140,892,File:Namibia Namib-Naukluft-Nationalpark 40.jpg,https://commons.wikimedia.org/wiki/File:Namibia_Namib-Naukluft-Nationalpark_40.jpg,Zairon,CC BY-SA 4.0,,unknown,4586,3126
593,tree_0593.jpg,512,512,JPEG,117757,d441a818408a3b51ae2dccefdf83ad5165104329,893,File:Namibia-Dunes by Aavo Koort (49495146111).jpg,https://commons.wikimedia.org/wiki/File:Namibia-Dunes_by_Aavo_Koort_(49495146111).jpg,"Channel City Camera Club from Santa Barbara, US",CC BY 2.0,,unknown,4000,2666
594,tree_0594.jpg,512,512,JPEG,89430,8e2fb137b838e3d2ea12adf5dd64ff4ef80c8065,895,File:Naturel take and clouds.jpg,https://commons.wikimedia.org/wiki/File:Naturel_take_and_clouds.jpg,ராஜலட்சுமி ராஜேந்திரன்,CC BY-SA 4.0,,unknown,640,640
595,tree_0595.jpg,512,512,JPEG,77176,5ec7ae43a9a7cf71fe2c24fc386c5c720d400436,896,File:Navnløst tre i åker.jpg,https://commons.wikimedia.org/wiki/File:Navnl%C3%B8st_tre_i_%C3%A5ker.jpg,John Erling Blad,CC BY-SA 3.0,Fraxinus,broadleaf,3616,2760
596,tree_0596.jpg,512,512,JPEG,84675,36c192cec12a1fc9c80e61d7e49a6e20f71aa993,897,File:Near Ganab (greg-willis.com) - panoramio.jpg,https://commons.wikimedia.org/wiki/File:Near_Ganab_(greg-willis.com)_-_panoramio.jpg,Greg Willis,CC BY-SA 3.0,,unknown,1000,667
597,tree_0597.jpg,512,512,JPEG,125852,bbf579e633e9bc15ad3daaec944e2cf52ee0b3eb,898,"File:Nester der Mahaliweber, Namibia.jpg","https://commons.wikimedia.org/wiki/File:Nester_der_Mahaliweber,_Namibia.jpg",Olga Ernst,CC BY-SA 4.0,,unknown,3264,4928
598,tree_0598.jpg,512,512,JPEG,121714,2c3b2bf55e06410454251de0ac7254a0cf4ca50d,899,"File:Netherlands, Drenthe, Gasterse duinen (1).jpg","https://commons.wikimedia.org/wiki/File:Netherlands,_Drenthe,_Gasterse_duinen_(1).jpg",Vincent van Zeijst,CC BY-SA 4.0,,unknown,4032,3024
599,tree_0599.jpg,512,512,JPEG,110193,6326e5338b66c870490d397f50075452cd47ab02,901,File:Nevėžio dvilypis ąžuolas. Iš pietų (nuo kelio).JPG,https://commons.wikimedia.org/wiki/File:Nev%C4%97%C5%BEio_dvilypis_%C4%85%C5%BEuolas._I%C5%A1_piet%C5%B3_(nuo_kelio).JPG,Vilensija,CC BY-SA 3.0,,unknown,3648,2432
600,tree_0600.jpg,512,512,JPEG,87460,705edd9a0b4efb929cd98ee854b33dce5eb5d98e,902,File:Nevėžio dvilypis ąžuolas. Iš rytų.JPG,https://commons.wikimedia.org/wiki/File:Nev%C4%97%C5%BEio_dvilypis_%C4%85%C5%BEuolas._I%C5%A1_ryt%C5%B3.JPG,Vilensija,CC BY-SA 3.0,,unknown,3648,2432
601,tree_0601.jpg,512,512,JPEG,109994,9544f174175040046684b660d858a1c9784a696a,903,File:Nevėžio dvilypis ąžuolas. Tarp pasėlių.JPG,https://commons.wikimedia.org/wiki/File:Nev%C4%97%C5%BEio_dvilypis_%C4%85%C5%BEuolas._Tarp_pas%C4%97li%C5%B3.JPG,Vilensija,CC BY-SA 3.0,,unknown,3648,2432
602,tree_0602.jpg,512,512,JPEG,136300,489309b6dfa3fa1e398b183ac27a050783ab9c39,904,File:Ngorongoro-1001.jpg,https://commons.wikimedia.org/wiki/File:Ngorongoro-1001.jpg,Grahampurse,CC BY-SA 4.0,Ficus,broadleaf,2581,1936
603,tree_0603.jpg,512,512,JPEG,129802,efa4bbed4cfdfa1a771f5c51c58f67ad33957622,908,"File:North End Park at Haymarket Square, Boston MA.jpg","https://commons.wikimedia.org/wiki/File:North_End_Park_at_Haymarket_Square,_Boston_MA.jpg",John Phelan,CC BY-SA 3.0,,unknown,3072,2304
604,tree_0604.jpg,512,512,JPEG,85811,bb20c1fca94d1f2cf04b49b187d796c2b1c9d741,909,File:Not much time in hand….jpg,https://commons.wikimedia.org/wiki/File:Not_much_time_in_hand%E2%80%A6.jpg,SayedaDipty,CC BY-SA 4.0,,unknown,4032,3024
605,tree_0605.jpg,512,512,JPEG,89566,cf9e417fbc556055cf26cbf0cefe25b768b301e9,910,File:NuwaraEliya Lakeside.jpg,https://commons.wikimedia.org/wiki/File:NuwaraEliya_Lakeside.jpg,Dilankavs,CC BY-SA 4.0,,unknown,3968,2976
606,tree_0606.jpg,512,512,JPEG,104146,1fdfe5d43844c417efbe07f9c4783bb926f842a9,911,File:ONE (34767964056).jpg,https://commons.wikimedia.org/wiki/File:ONE_(34767964056).jpg,"Егор Журавлёв from Smarde, Latvia",CC BY-SA 2.0,,unknown,2816,2112
607,tree_0607.jpg,512,512,JPEG,122074,3e6f1422188659c556ee3d32bf3a39003c57aa2b,912,File:Oak Tree in Ontario August 2011.jpg,https://commons.wikimedia.org/wiki/File:Oak_Tree_in_Ontario_August_2011.jpg,"Graham from Los Angeles, USA",CC BY 2.0,Quercus,broadleaf,5177,3446
608,tree_0608.jpg,512,512,JPEG,127075,bce4154cb8f17e4f40053ecf533b1d34bdf100f2,914,"File:Oak tree, Bill Arp GA.jpg","https://commons.wikimedia.org/wiki/File:Oak_tree,_Bill_Arp_GA.jpg",John Phelan,CC BY 4.0,Quercus,broadleaf,4032,3024
609,tree_0609.jpg,512,512,JPEG,130924,abab74ea510ac7fe10b36fbc6103af4a96383b9b,917,File:Oder008CRW.jpg,https://commons.wikimedia.org/wiki/File:Oder008CRW.jpg,Bytfisch,CC BY-SA 4.0,Tilia,broadleaf,3994,3960
610,tree_0610.jpg,512,512,JPEG,120432,b9e0ef8a59e0f79999b086486298761560135434,918,File:Oder009CRW.jpg,https://commons.wikimedia.org/wiki/File:Oder009CRW.jpg,Bytfisch,CC BY-SA 4.0,Taxodium,conifer,4000,4829
611,tree_0611.jpg,512,512,JPEG,122496,c994b9fb45a5d2542fac3e65029d420bd8c04b35,919,File:OderSLP004.jpg,https://commons.wikimedia.org/wiki/File:OderSLP004.jpg,Bytfisch,CC BY-SA 4.0,Salix,broadleaf,3801,5021
612,tree_0612.jpg,512,512,JPEG,109336,da35d76dfdc71cd2f9a7ed4e83af4c38ed62ea31,922,"File:Old oak, Tula, Province of Sassari, Sardinia, Italy - panoramio.jpg","https://commons.wikimedia.org/wiki/File:Old_oak,_Tula,_Province_of_Sassari,_Sardinia,_Italy_-_panoramio.jpg",trolvag,CC BY-SA 3.0,,unknown,1027,660
613,tree_0613.jpg,512,512,JPEG,89681,668c01bb81bcb5a838f6042801f619c9ff969a1a,923,"File:Olkhon, Wish tree at sunset, Prayer tree on the beach, Lake Baikal, Russia.jpg","https://commons.wikimedia.org/wiki/File:Olkhon,_Wish_tree_at_sunset,_Prayer_tree_on_the_beach,_Lake_Baikal,_Russia.jpg",Vyacheslav Argenberg,CC BY 4.0,,unknown,4912,3264
614,tree_0614.jpg,512,512,JPEG,90263,0b2bb08c291524027af4ff419c510841cc984b7d,924,"File:Olkhon, Wish tree at sunset. Prayer tree, Lake Baikal, Russia.jpg","https://commons.wikimedia.org/wiki/File:Olkhon,_Wish_tree_at_sunset._Prayer_tree,_Lake_Baikal,_Russia.jpg",Vyacheslav Argenberg,CC BY 4.0,,unknown,4912,3264
615,tree_0615.jpg,512,512,JPEG,119171,c25f6ca5a58901cc9bfa998a464b31251a1b871c,925,File:Ortigueira 1992 09.jpg,https://commons.wikimedia.org/wiki/File:Ortigueira_1992_09.jpg,LBM1948,CC BY-SA 4.0,Pinus,conifer,1071,710
616,tree_0616.jpg,512,512,JPEG,94327,8ccbb66f870dffe600647968be148594bc80709a,926,File:Oryx-3640 - Flickr - Ragnhild & Neil Crawford.jpg,https://commons.wikimedia.org/wiki/File:Oryx-3640_-_Flickr_-_Ragnhild_%26_Neil_Crawford.jpg,Ragnhild&amp;Neil Crawford from Sweden,CC BY-SA 2.0,,unknown,1400,933
617,tree_0617.jpg,512,512,JPEG,90525,166e8f804e5b568e44cf10d3da4963c705c3f228,927,File:Osamělý pod rouškou noci.jpg,https://commons.wikimedia.org/wiki/File:Osam%C4%9Bl%C3%BD_pod_rou%C5%A1kou_noci.jpg,David Jeřábek,CC BY-SA 4.0,,unknown,4480,5600
618,tree_0618.jpg,512,512,JPEG,114000,8ff766b31a965cf9229dfa08922d11bb94b3bbbe,928,"File:Otjozondjupa Region, Namibia - panoramio (9).jpg","https://commons.wikimedia.org/wiki/File:Otjozondjupa_Region,_Namibia_-_panoramio_(9).jpg",mroszewski,CC BY-SA 3.0,,unknown,1600,1200
619,tree_0619.jpg,512,512,JPEG,100848,ad409d50e8573c32593201bf18a7a1a5c28ad5a1,930,File:P (181100171).jpeg,https://commons.wikimedia.org/wiki/File:P_(181100171).jpeg,Daniel Aufgang,CC BY 3.0,,unknown,2048,1365
620,tree_0620.jpg,512,512,JPEG,99220,35af2d09d4136231f255ff59c2e916306e98c193,931,"File:PRAHA, CZECH REPUBLIC- VE STROMOVCE 04.JPG","https://commons.wikimedia.org/wiki/File:PRAHA,_CZECH_REPUBLIC-_VE_STROMOVCE_04.JPG",No machine-readable author provided. Dareba assumed (based on copyright claims).,Public domain,Salix,broadleaf,1280,960
621,tree_0621.jpg,512,512,JPEG,87726,52f972705d2c12cf7d31aa1cc5d286aba2997dc0,933,File:Pagoda tree (Sophora japonica) at Sentjur train station.jpg,https://commons.wikimedia.org/wiki/File:Pagoda_tree_(Sophora_japonica)_at_Sentjur_train_station.jpg,Ajznponar,CC BY-SA 3.0,,unknown,2448,3264
622,tree_0622.jpg,512,512,JPEG,145916,1c2b90a22e640a14424869bf1757b81b376beb0e,934,File:Paisaje típico.jpg,https://commons.wikimedia.org/wiki/File:Paisaje_t%C3%ADpico.jpg,Gelomadrid15,CC BY-SA 4.0,,unknown,3264,2448
623,tree_0623.jpg,512,512,JPEG,67107,b544d43323cdc72f9dc85bc20f7c5485655a4f6c,936,File:Palouse farmland with lone tree in morning light.jpg,https://commons.wikimedia.org/wiki/File:Palouse_farmland_with_lone_tree_in_morning_light.jpg,Bala,CC BY 2.0,,unknown,1138,747
624,tree_0624.jpg,512,512,JPEG,94081,135b06b01654bce8c48b2fe5f88ddbaac526ef39,938,File:Parktree.jpg,https://commons.wikimedia.org/wiki/File:Parktree.jpg,Strider52,CC BY-SA 3.0,,unknown,1600,1200
625,tree_0625.jpg,512,512,JPEG,92117,e32ca3c2566de89e138a356bdb13a8553fb0aca5,939,File:Parque Nacional Morrocoy - Punta Brava 4.jpg,https://commons.wikimedia.org/wiki/File:Parque_Nacional_Morrocoy_-_Punta_Brava_4.jpg,Jhonatanro,CC BY-SA 4.0,,unknown,1600,1200
626,tree_0626.jpg,512,512,JPEG,131604,5e84b840bde5fcabdd708a6ce93c62597cfbaecc,944,File:Peraxilla tetrapetala 1206013.jpg,https://commons.wikimedia.org/wiki/File:Peraxilla_tetrapetala_1206013.jpg,Colin Meurk,CC BY-SA 4.0,,unknown,2048,1536
627,tree_0627.jpg,512,512,JPEG,110230,1b79a59d87078ca3397208302fbbb9f8bf6e24d2,945,File:Persikov lipa.jpg,https://commons.wikimedia.org/wiki/File:Persikov_lipa.jpg,JiriMatejicek,CC BY-SA 3.0,Tilia,broadleaf,2736,3648
628,tree_0628.jpg,512,512,JPEG,77145,e343c6488fb3f675b6a4ee1e07d1e031c8bcef89,946,File:Pianura Padana - Scandiano (RE) Italia - 10 Agosto 2014 - panoramio.jpg,https://commons.wikimedia.org/wiki/File:Pianura_Padana_-_Scandiano_(RE)_Italia_-_10_Agosto_2014_-_panoramio.jpg,Giorgio Galeotti,CC BY 3.0,,unknown,5763,3842
629,tree_0629.jpg,512,512,JPEG,90378,54004dda6c8281ed87e52406053fbfa87f98b8c4,947,File:Picea abies Beskid Żywiecki.JPG,https://commons.wikimedia.org/wiki/File:Picea_abies_Beskid_%C5%BBywiecki.JPG,Crusier,CC BY-SA 3.0,Picea,conifer,3168,4752
630,tree_0630.jpg,512,512,JPEG,124696,49348ee0007c9860ce66d8361449e92f23baeb59,948,File:Pico do Garrafão (3).jpg,https://commons.wikimedia.org/wiki/File:Pico_do_Garraf%C3%A3o_(3).jpg,Gabrielribeirov,CC BY-SA 4.0,Araucaria,conifer,4928,3264
631,tree_0631.jpg,512,512,JPEG,117710,8d907f04a8b0c4969649c7104d7db9ddd20202df,952,File:PikiWiki Israel 19285 Tamarix tree on Tel Nagila.JPG,https://commons.wikimedia.org/wiki/File:PikiWiki_Israel_19285_Tamarix_tree_on_Tel_Nagila.JPG,"ד""ר אבישי טייכר",CC BY 2.5,,unknown,2048,1536
632,tree_0632.jpg,512,512,JPEG,84088,cc804e77f24a6a540aa7c0fde6dcb28e33315405,953,File:Pino al sole.jpg,https://commons.wikimedia.org/wiki/File:Pino_al_sole.jpg,Magnolia77,CC BY-SA 4.0,Pinus,conifer,2848,4272
633,tree_0633.jpg,512,512,JPEG,123972,43a71677d10b253eccd61fbbad15208bf2d5ee09,954,File:Pino centenario del cortijo moreno.jpg,https://commons.wikimedia.org/wiki/File:Pino_centenario_del_cortijo_moreno.jpg,Rubén.huercaldealmeria,CC BY-SA 4.0,,unknown,3776,3984
634,tree_0634.jpg,512,512,JPEG,141698,5d8a19b6730c0bafc9c3973eee23c7cdbed3761f,955,File:Pintura puntana.JPG,https://commons.wikimedia.org/wiki/File:Pintura_puntana.JPG,Valentin Bruno,CC BY-SA 4.0,,unknown,2592,3872
635,tree_0635.jpg,512,512,JPEG,132284,886f2fe8766a4dbdf692e6679caaa54c1f1e9ca7,956,File:Pinus-sylvestris-01-fws.jpg,https://commons.wikimedia.org/wiki/File:Pinus-sylvestris-01-fws.jpg,Francisco Welter-Schultes,CC0,Pinus,conifer,2136,2984
636,tree_0636.jpg,512,512,JPEG,103626,fad21ef5b6353729d53a67e1bf8d18b4a5cb7cf2,957,File:Piramide enterrada.jpg,https://commons.wikimedia.org/wiki/File:Piramide_enterrada.jpg,Talton12,CC BY-SA 4.0,,unknown,5184,3456
637,tree_0637.jpg,512,512,JPEG,99731,68a43bd46b76e66d56b270e8f33cd27cae3634cc,958,"File:Pittsfield Preserve, Thomas Road, Pittsfield Township, Michigan - panoramio.jpg","https://commons.wikimedia.org/wiki/File:Pittsfield_Preserve,_Thomas_Road,_Pittsfield_Township,_Michigan_-_panoramio.jpg",Dwight Burdette,CC BY 3.0,,unknown,4752,3168
638,tree_0638.jpg,512,512,JPEG,103919,a94b7c62bb81d6b2043d202d2bc0f6b523ae8ee6,959,File:Planica - tree.JPG,https://commons.wikimedia.org/wiki/File:Planica_-_tree.JPG,Tiia Monto,CC BY-SA 3.0,,unknown,3024,4032
639,tree_0639.jpg,512,512,JPEG,78076,1696c26d8271a9560c402509d10442c73ee7f69a,961,File:Por do sol de Sorocaba.jpg,https://commons.wikimedia.org/wiki/File:Por_do_sol_de_Sorocaba.jpg,Mah henrrique,CC BY-SA 3.0,,unknown,640,640
640,tree_0640.jpg,512,512,JPEG,71392,b036c503f349ab428656f8b2c0dc49bf3db38c2f,962,File:Porfiryevka 3.JPG,https://commons.wikimedia.org/wiki/File:Porfiryevka_3.JPG,Kosun,CC0,,unknown,2816,2112
641,tree_0641.jpg,512,512,JPEG,139501,fd99e8f8e46319ec910da9dddc281d7522bfedec,963,"File:Praha, roh Apolinářské a Viniční pod sněhem.JPG","https://commons.wikimedia.org/wiki/File:Praha,_roh_Apolin%C3%A1%C5%99sk%C3%A9_a_Vini%C4%8Dn%C3%AD_pod_sn%C4%9Bhem.JPG",Juan de Vojníkov,CC BY-SA 3.0,,unknown,4416,3312
642,tree_0642.jpg,512,512,JPEG,74819,4f5940a8aa66e436d1867cc843980fe3cbdf3fad,964,File:Presa de Galo.jpg,https://commons.wikimedia.org/wiki/File:Presa_de_Galo.jpg,Isidro Mariscal,CC BY-SA 4.0,,unknown,640,640
643,tree_0643.jpg,512,512,JPEG,94946,7f0d7f1e57b620e60abfa56cda115108c8f37562,965,File:Prosopis cineraria - Khejri.jpg,https://commons.wikimedia.org/wiki/File:Prosopis_cineraria_-_Khejri.jpg,LRBurdak,CC BY-SA 4.0,,unknown,2304,3072
644,tree_0644.jpg,512,512,JPEG,124683,89b55e1c75c844c98e3e029e04881fec5ee4f3ad,966,File:Proud of my afro.jpg,https://commons.wikimedia.org/wiki/File:Proud_of_my_afro.jpg,Andreabdrums,CC BY-SA 4.0,,unknown,5423,3615
645,tree_0645.jpg,512,512,JPEG,111256,d9c361791b2b54515857ec1c67ec8eedbcff25b7,967,File:Public Park in an unknown location - but for how long???? (16223850072).jpg,https://commons.wikimedia.org/wiki/File:Public_Park_in_an_unknown_location_-_but_for_how_long%3F%3F%3F%3F_(16223850072).jpg,National Library of Ireland on The Commons,No restrictions,Fraxinus,broadleaf,2000,1513
646,tree_0646.jpg,512,512,JPEG,83184,f5eba721ab3f593af68f7ec71fefeed77df3dc35,968,File:Puu.JPG,https://commons.wikimedia.org/wiki/File:Puu.JPG,Katre2,CC BY-SA 3.0,,unknown,2592,1728
647,tree_0647.jpg,512,512,JPEG,69410,aa5897e49c56e67ea277aa5b02c16a8d075017c6,969,File:Puu1.JPG,https://commons.wikimedia.org/wiki/File:Puu1.JPG,Katre2,CC BY-SA 3.0,,unknown,1728,2592
648,tree_0648.jpg,512,512,JPEG,131333,139b9b5b99d00aac904f9f5ae9d5fbbc35659dae,971,File:Puźna Jesień.JPG,https://commons.wikimedia.org/wiki/File:Pu%C5%BAna_Jesie%C5%84.JPG,Zibiberti,CC BY-SA 3.0 pl,Acer,broadleaf,2592,1936
649,tree_0649.jpg,512,512,JPEG,110889,ba7070dcb7c6e78a5675fa331c149c5c65cad9b8,973,File:Quiver Tree (37459072610).jpg,https://commons.wikimedia.org/wiki/File:Quiver_Tree_(37459072610).jpg,Sonse,CC BY 2.0,,unknown,5472,3648
650,tree_0650.jpg,512,512,JPEG,126768,100c9ffd66665ad62d2ee4f13f9e03282604e114,977,File:Reserve samburu faune 2.jpg,https://commons.wikimedia.org/wiki/File:Reserve_samburu_faune_2.jpg,"""Daniel Fafard (Dreamdan)""",CC BY-SA 3.0,Vachellia,broadleaf,3888,2592
651,tree_0651.jpg,512,512,JPEG,129346,46e872c5780060d75113432aeb12d2bf4da38680,980,"File:Ringve botaniske hage foto-Åge Hojem, NTNU Vitenskapsmuseet dsc9324 (15100600117).jpg","https://commons.wikimedia.org/wiki/File:Ringve_botaniske_hage_foto-%C3%85ge_Hojem,_NTNU_Vitenskapsmuseet_dsc9324_(15100600117).jpg",NTNU Vitenskapsmuseet,CC BY 2.0,Quercus,broadleaf,3996,4506
652,tree_0652.jpg,512,512,JPEG,96491,9ecde6c20cee9adff25b67108140ce86d64fc439,981,File:Rykantu azuolas.jpg,https://commons.wikimedia.org/wiki/File:Rykantu_azuolas.jpg,Kontis Šatūnas,Public domain,,unknown,669,1000
653,tree_0653.jpg,512,512,JPEG,140566,8748ee49edcb7c2530b06292bacffb633b541e65,982,File:SMamededeCastroCarballo.jpg,https://commons.wikimedia.org/wiki/File:SMamededeCastroCarballo.jpg,Satna,CC BY-SA 4.0,Olea,broadleaf,2322,3382
654,tree_0654.jpg,512,512,JPEG,75957,23b87c99a526fb10186e1616177f6523132ab0bb,983,File:Sabana del Sur del Estado Monagas.jpg,https://commons.wikimedia.org/wiki/File:Sabana_del_Sur_del_Estado_Monagas.jpg,Cesar Pérez,CC BY-SA 4.0,,unknown,3648,2736
655,tree_0655.jpg,512,512,JPEG,89221,026088c5e10b58ff85ce9b59ee384a4f47c6ae61,984,File:Sabiow.jpg,https://commons.wikimedia.org/wiki/File:Sabiow.jpg,Abdimalik yare,CC BY-SA 4.0,,unknown,640,640
656,tree_0656.jpg,512,512,JPEG,140847,cb33edbee37457bf432067d1ca727ab8b9994520,985,File:Sad Sunset (2558339203).jpg,https://commons.wikimedia.org/wiki/File:Sad_Sunset_(2558339203).jpg,"Anderson Mancini from Sao Paulo, Brazil",CC BY 2.0,,unknown,1287,861
657,tree_0657.jpg,512,512,JPEG,84932,70516f7af9636d84c737a64095cc284abb45ebff,986,"File:Safari vehicle parked under acacia tree on savanna, Maasai Mara, Kenya.jpg","https://commons.wikimedia.org/wiki/File:Safari_vehicle_parked_under_acacia_tree_on_savanna,_Maasai_Mara,_Kenya.jpg",Daniel Case,CC BY-SA 4.0,Vachellia,broadleaf,4048,2560
658,tree_0658.jpg,512,512,JPEG,100387,67c050662b45df88375609367cc806e05cb097cf,987,File:Sajjangarh Wilde Life Sanctuary View from Badi Lake.jpg,https://commons.wikimedia.org/wiki/File:Sajjangarh_Wilde_Life_Sanctuary_View_from_Badi_Lake.jpg,Mansanyas,CC BY-SA 4.0,,unknown,5184,3456
659,tree_0659.jpg,512,512,JPEG,119473,9a71919e56834ef218d5f8026be51319ab0efc08,988,File:Salax alba Latvia.jpg,https://commons.wikimedia.org/wiki/File:Salax_alba_Latvia.jpg,Chmee2,CC BY-SA 3.0,Salix,broadleaf,2816,2112
660,tree_0660.jpg,512,512,JPEG,126224,1a7bf95a4d54f22a09f83459cb681ac078beb729,995,File:Sascha Grosser - Moor haltern westruper heide maerz17 b5 m1024 hdr collyx3e.jpg,https://commons.wikimedia.org/wiki/File:Sascha_Grosser_-_Moor_haltern_westruper_heide_maerz17_b5_m1024_hdr_collyx3e.jpg,Sascha Grosser,CC BY-SA 4.0,,unknown,1024,682
661,tree_0661.jpg,512,512,JPEG,92231,6117371b2f0bc0333b794fafddf3d7977eaa9e20,996,File:Sascha Grosser - Westruper kiefernbaum ttgtft1 m1024 hdr pinky.jpg,https://commons.wikimedia.org/wiki/File:Sascha_Grosser_-_Westruper_kiefernbaum_ttgtft1_m1024_hdr_pinky.jpg,Sascha Grosser,CC BY-SA 4.0,,unknown,1024,682
662,tree_0662.jpg,512,512,JPEG,160028,27591389977b4a8f2923ab02099fb3cb6c3a25a7,997,"File:Satu Pohon, Satu kehidupan.jpg","https://commons.wikimedia.org/wiki/File:Satu_Pohon,_Satu_kehidupan.jpg",Emjeha,CC BY-SA 4.0,,unknown,6000,4000
663,tree_0663.jpg,512,512,JPEG,90514,e48d4ff1ed1048e1ed28421de8b63a9451efc9d3,998,File:Sauraha-058.JPG,https://commons.wikimedia.org/wiki/File:Sauraha-058.JPG,Sigismund von Dobschütz,CC BY-SA 3.0,,unknown,1488,1984
664,tree_0664.jpg,512,512,JPEG,117962,08b40ed8646a8e9be29552d993869f45ce05d93c,1000,File:Sb0034 neat.jpg,https://commons.wikimedia.org/wiki/File:Sb0034_neat.jpg,Nevit Dilmen,CC BY-SA 3.0,,unknown,1600,1066
