raw_id,raw_file,commons_title,page_url,download_url,orig_width,orig_height,author,license,genus,group,categories
1,00001.jpg,File:05 - шманаево Поле.jpg,https://commons.wikimedia.org/wiki/File:05_-_%D1%88%D0%BC%D0%B0%D0%BD%D0%B0%D0%B5%D0%B2%D0%BE_%D0%9F%D0%BE%D0%BB%D0%B5.jpg,https://thumb.wikimedia.org/wikipedia/commons/thumb/0/03/05_-_%D1%88%D0%BC%D0%B0%D0%BD%D0%B0%D0%B5%D0%B2%D0%BE_%D0%9F%D0%BE%D0%BB%D0%B5.jpg/1280px-05_-_%D1%88%D0%BC%D0%B0%D0%BD%D0%B0%D0%B5%D0%B2%D0%BE_%D0%9F%D0%BE%D0%BB%D0%B5.jpg?utm_source=commons.wikimedia.org&utm_campaign=imageinfo&utm_content=thumbnail,2592,3718,Егоров Михаил Андреевич,CC BY-SA 3.0,Betula,broadleaf,Category:CC-BY-SA-3.0|Category:Moscow Oblast photographs taken on 2013-07-02|Category:Self-published work|Category:Shubatovo railway platform|Category:Solitary Betula pendula
2,00002.jpg,File:20110117Alte Kriegbachbruecke Neulussheim1.jpg,https://commons.wikimedia.org/wiki/File:20110117Alte_Kriegbachbruecke_Neulussheim1.jpg,https://thumb.wikimedia.org/wikipedia/commons/thumb/8/85/20110117Alte_Kriegbachbruecke_Neulussheim1.jpg/1280px-20110117Alte_Kriegbachbruecke_Neulussheim1.jpg?utm_source=commons.wikimedia.org&utm_campaign=imageinfo&utm_content=thumbnail,2608,1952,AnRo0002,CC0,Populus,broadleaf,Category:Alte Kriegbachbrücke (Neulußheim)|Category:Altlußheim photographs taken on 2011-01-17|Category:Bare trees in Altlußheim|Category:CC-Zero|Category:Populus x canadensis in Altlußheim|Category:Populus x canadensis in January|Category:Self-published work|Category:Solitary Populus × canadensis|Category:Taken with HP PhotoSmart C945|Category:Trees in Altlußheim in January
3,00003.jpg,File:20110714Populus alba1.jpg,https://commons.wikimedia.org/wiki/File:20110714Populus_alba1.jpg,https://thumb.wikimedia.org/wikipedia/commons/thumb/b/b3/20110714Populus_alba1.jpg/1280px-20110714Populus_alba1.jpg?utm_source=commons.wikimedia.org&utm_campaign=imageinfo&utm_content=thumbnail,1500,1125,AnRo0002,CC0,Populus,broadleaf,Category:CC-Zero|Category:Hockenheim photographs taken on 2011-07-14|Category:Phragmites reedbeds in Naturschutzgebiet Bachwiesen/Leopoldswiesen (Hockenheim)|Category:Populus alba in Hockenheimer Rheinbogen|Category:Populus alba in July|Category:Populus in Hockenheimer Rheinbogen in July 2011|Category:Populus in Naturschutzgebiet Bachwiesen/Leopoldswiesen (Hockenheim)|Category:Self-published work|Category:Solitary Populus alba|Category:Taken with Olympus FE-47 / X-43
4,00004.jpg,File:20110716Populus alba.jpg,https://commons.wikimedia.org/wiki/File:20110716Populus_alba.jpg,https://thumb.wikimedia.org/wikipedia/commons/thumb/c/c4/20110716Populus_alba.jpg/1280px-20110716Populus_alba.jpg?utm_source=commons.wikimedia.org&utm_campaign=imageinfo&utm_content=thumbnail,1500,1125,AnRo0002,CC0,Populus,broadleaf,Category:CC-Zero|Category:Hockenheim photographs taken on 2011-07-16|Category:Populus alba in Hockenheimer Rheinbogen|Category:Populus alba in July|Category:Populus in Hockenheimer Rheinbogen in July 2011|Category:Populus in Naturschutzgebiet Bachwiesen/Leopoldswiesen (Hockenheim)|Category:Self-published work|Category:Solitary Populus alba|Category:Taken with Olympus FE-47 / X-43
5,00005.jpg,File:20110802Walnussbaum Plankstadt1.jpg,https://commons.wikimedia.org/wiki/File:20110802Walnussbaum_Plankstadt1.jpg,https://thumb.wikimedia.org/wikipedia/commons/thumb/0/0f/20110802Walnussbaum_Plankstadt1.jpg/1280px-20110802Walnussbaum_Plankstadt1.jpg?utm_source=commons.wikimedia.org&utm_campaign=imageinfo&utm_content=thumbnail,1500,1125,AnRo0002,CC0,Juglans,broadleaf,Category:August 2011 in agriculture in Plankstadt|Category:CC-Zero|Category:Juglandaceae in August|Category:Juglans regia in Plankstadt|Category:Plankstadt photographs taken on 2011-08-02|Category:Self-published work|Category:Solitary Juglans regia|Category:Taken with Olympus FE-47 / X-43|Category:Trees in Rhein-Neckar-Kreis in August
6,00006.jpg,File:20110802Walnussbaum Plankstadt2.jpg,https://commons.wikimedia.org/wiki/File:20110802Walnussbaum_Plankstadt2.jpg,https://thumb.wikimedia.org/wikipedia/commons/thumb/f/fd/20110802Walnussbaum_Plankstadt2.jpg/1280px-20110802Walnussbaum_Plankstadt2.jpg?utm_source=commons.wikimedia.org&utm_campaign=imageinfo&utm_content=thumbnail,1750,1313,AnRo0002,CC0,Juglans,broadleaf,Category:August 2011 in agriculture in Plankstadt|Category:CC-Zero|Category:Juglandaceae in August|Category:Juglans regia in Plankstadt|Category:Plankstadt photographs taken on 2011-08-02|Category:Self-published work|Category:Solitary Juglans regia|Category:Taken with Olympus FE-47 / X-43|Category:Trees in Rhein-Neckar-Kreis in August
7,00007.jpg,File:20110802Walnussbaum Plankstadt4.jpg,https://commons.wikimedia.org/wiki/File:20110802Walnussbaum_Plankstadt4.jpg,https://thumb.wikimedia.org/wikipedia/commons/thumb/6/60/20110802Walnussbaum_Plankstadt4.jpg/1280px-20110802Walnussbaum_Plankstadt4.jpg?utm_source=commons.wikimedia.org&utm_campaign=imageinfo&utm_content=thumbnail,1500,1125,AnRo0002,CC0,Juglans,broadleaf,Category:August 2011 in agriculture in Plankstadt|Category:CC-Zero|Category:Dirt roads in Rhein-Neckar-Kreis|Category:Juglandaceae in August|Category:Juglans regia in Plankstadt|Category:Plankstadt photographs taken on 2011-08-02|Category:Self-published work|Category:Solitary Juglans regia|Category:Taken with Olympus FE-47 / X-43|Category:Trees in Rhein-Neckar-Kreis in August
8,00008.jpg,File:20111028Populus alba1.jpg,https://commons.wikimedia.org/wiki/File:20111028Populus_alba1.jpg,https://thumb.wikimedia.org/wikipedia/commons/thumb/2/20/20111028Populus_alba1.jpg/1280px-20111028Populus_alba1.jpg?utm_source=commons.wikimedia.org&utm_campaign=imageinfo&utm_content=thumbnail,2500,1875,AnRo0002,CC0,Populus,broadleaf,Category:CC-Zero|Category:Fields in Hockenheimer Rheinbogen in October|Category:Hockenheim photographs taken on 2011-10-28|Category:Mustard fields in Hockenheimer Rheinbogen|Category:Mustard fields in Rhein-Neckar-Kreis in October|Category:Populus alba in Hockenheimer Rheinbogen|Category:Populus alba in October|Category:Populus in Hockenheimer Rheinbogen in October 2011|Category:Populus in Naturschutzgebiet Bachwiesen/Leopoldswiesen (Hockenheim)|Category:Self-published work|Category:Solitary Populus alba|Category:Taken with Olympus FE-47 / X-43
9,00009.jpg,File:20111028Populus alba2.jpg,https://commons.wikimedia.org/wiki/File:20111028Populus_alba2.jpg,https://thumb.wikimedia.org/wikipedia/commons/thumb/f/f4/20111028Populus_alba2.jpg/1280px-20111028Populus_alba2.jpg?utm_source=commons.wikimedia.org&utm_campaign=imageinfo&utm_content=thumbnail,2500,1875,AnRo0002,CC0,Populus,broadleaf,Category:Autumn 2011 in Hockenheimer Rheinbogen|Category:CC-Zero|Category:Hockenheim photographs taken on 2011-10-28|Category:Populus alba in Hockenheimer Rheinbogen|Category:Populus alba in October|Category:Populus alba in autumn|Category:Populus in Hockenheimer Rheinbogen in October 2011|Category:Populus in Naturschutzgebiet Bachwiesen/Leopoldswiesen (Hockenheim)|Category:Populus x canadensis in Hockenheimer Rheinbogen|Category:Populus × canadensis in autumn|Category:Self-published work|Category:Solitary Populus alba|Category:Taken with Olympus FE-47 / X-43
10,00010.jpg,File:20111028Populus alba3.jpg,https://commons.wikimedia.org/wiki/File:20111028Populus_alba3.jpg,https://thumb.wikimedia.org/wikipedia/commons/thumb/e/ee/20111028Populus_alba3.jpg/1280px-20111028Populus_alba3.jpg?utm_source=commons.wikimedia.org&utm_campaign=imageinfo&utm_content=thumbnail,2500,1875,AnRo0002,CC0,Populus,broadleaf,Category:Autumn 2011 in Hockenheimer Rheinbogen|Category:CC-Zero|Category:Hockenheim photographs taken on 2011-10-28|Category:Kotlachgraben (Hockenheim)|Category:Populus alba|Category:Populus alba in Hockenheimer Rheinbogen|Category:Populus alba in October|Category:Populus alba in autumn|Category:Populus in Hockenheimer Rheinbogen in October 2011|Category:Populus in Naturschutzgebiet Bachwiesen/Leopoldswiesen (Hockenheim)|Category:Self-published work|Category:Solitary Populus alba|Category:Taken with Olympus FE-47 / X-43
11,00011.jpg,File:20111028Populus × canadensis.jpg,https://commons.wikimedia.org/wiki/File:20111028Populus_%C3%97_canadensis.jpg,https://thumb.wikimedia.org/wikipedia/commons/thumb/4/49/20111028Populus_%C3%97_canadensis.jpg/1280px-20111028Populus_%C3%97_canadensis.jpg?utm_source=commons.wikimedia.org&utm_campaign=imageinfo&utm_content=thumbnail,2500,1875,AnRo0002,CC0,Populus,broadleaf,Category:CC-Zero|Category:Hockenheim photographs taken on 2011-10-28|Category:Populus in Hockenheimer Rheinbogen in October 2011|Category:Populus x canadensis in Hockenheimer Rheinbogen|Category:Populus x canadensis in October|Category:Populus × canadensis in autumn|Category:Self-published work|Category:Solitary Populus × canadensis|Category:Taken with Olympus FE-47 / X-43
12,00012.jpg,"File:2012-04-22 19-33-46 Switzerland Kanton Schaffhausen Dörflingen, Hinterdorf.JPG","https://commons.wikimedia.org/wiki/File:2012-04-22_19-33-46_Switzerland_Kanton_Schaffhausen_D%C3%B6rflingen,_Hinterdorf.JPG",https://thumb.wikimedia.org/wikipedia/commons/thumb/4/46/2012-04-22_19-33-46_Switzerland_Kanton_Schaffhausen_D%C3%B6rflingen%2C_Hinterdorf.JPG/1280px-2012-04-22_19-33-46_Switzerland_Kanton_Schaffhausen_D%C3%B6rflingen%2C_Hinterdorf.JPG?utm_source=commons.wikimedia.org&utm_campaign=imageinfo&utm_content=thumbnail,3200,2125,Hansueli Krapf  This   file was uploaded  with Commonist.,CC BY-SA 3.0,Juglans,broadleaf,Category:Borders of Germany-Switzerland|Category:CC-BY-SA-3.0|Category:Fagales in Baden-Württemberg in April|Category:Files by User:simisa|Category:Files with coordinates missing SDC location of creation|Category:Juglandaceae in April|Category:Juglans regia in Baden-Württemberg|Category:Self-published work|Category:Solitary Juglans regia|Category:Spring in Dörflingen|Category:Taken with Nikon D90|Category:Uploaded with Commonist
13,00013.jpg,"File:2012-04-22 19-34-32 Switzerland Kanton Schaffhausen Dörflingen, Hinterdorf.jpg","https://commons.wikimedia.org/wiki/File:2012-04-22_19-34-32_Switzerland_Kanton_Schaffhausen_D%C3%B6rflingen,_Hinterdorf.jpg",https://thumb.wikimedia.org/wikipedia/commons/thumb/c/cf/2012-04-22_19-34-32_Switzerland_Kanton_Schaffhausen_D%C3%B6rflingen%2C_Hinterdorf.jpg/1280px-2012-04-22_19-34-32_Switzerland_Kanton_Schaffhausen_D%C3%B6rflingen%2C_Hinterdorf.jpg?utm_source=commons.wikimedia.org&utm_campaign=imageinfo&utm_content=thumbnail,2125,3200,Hansueli Krapf  This   file was uploaded  with Commonist.,CC BY-SA 3.0,Juglans,broadleaf,Category:CC-BY-SA-3.0|Category:Fagales in Baden-Württemberg in April|Category:Files by User:simisa|Category:Files with coordinates missing SDC location of creation|Category:Juglandaceae in April|Category:Juglans regia in Baden-Württemberg|Category:Self-published work|Category:Solitary Juglans regia|Category:Spring in Dörflingen|Category:Taken with Nikon D90|Category:Uploaded with Commonist
14,00014.jpg,File:20120212Kriegbach08.jpg,https://commons.wikimedia.org/wiki/File:20120212Kriegbach08.jpg,https://thumb.wikimedia.org/wikipedia/commons/thumb/c/cf/20120212Kriegbach08.jpg/1280px-20120212Kriegbach08.jpg?utm_source=commons.wikimedia.org&utm_campaign=imageinfo&utm_content=thumbnail,1750,1313,AnRo0002,CC0,Populus,broadleaf,Category:Baden-Württemberg photographs taken on 2012-02-12|Category:Bare trees in Altlußheim|Category:CC-Zero|Category:February 2012 in Altlußheim|Category:Frozen Kriegbach (Rhein-Neckar) in Rhein-Neckar-Kreis|Category:Frozen bodies of water in Altlußheim|Category:Frozen bodies of water in Germany in February 2012|Category:Kriegbach (Rhein-Neckar) in Altlußheim|Category:Populus in Altlußheim in February|Category:Populus x canadensis in Altlußheim|Category:Populus x canadensis in February|Category:Self-published work|Category:Solitary Populus × canadensis|Category:Taken with Olympus FE-47 / X-43|Category:Winter 2011-2012 in Altlußheim
15,00015.jpg,File:20120212Kriegbach09.jpg,https://commons.wikimedia.org/wiki/File:20120212Kriegbach09.jpg,https://thumb.wikimedia.org/wikipedia/commons/thumb/e/e4/20120212Kriegbach09.jpg/1280px-20120212Kriegbach09.jpg?utm_source=commons.wikimedia.org&utm_campaign=imageinfo&utm_content=thumbnail,1313,1750,AnRo0002,CC0,Populus,broadleaf,Category:Baden-Württemberg photographs taken on 2012-02-12|Category:Bare trees in Altlußheim|Category:CC-Zero|Category:February 2012 in Altlußheim|Category:Frozen Kriegbach (Rhein-Neckar) in Rhein-Neckar-Kreis|Category:Frozen bodies of water in Altlußheim|Category:Frozen bodies of water in Germany in February 2012|Category:Kriegbach (Rhein-Neckar) in Altlußheim|Category:Populus in Altlußheim in February|Category:Populus x canadensis in Altlußheim|Category:Populus x canadensis in February|Category:Self-published work|Category:Solitary Populus × canadensis|Category:Taken with Olympus FE-47 / X-43|Category:Winter 2011-2012 in Altlußheim
16,00016.jpg,File:20120212Kriegbach10.jpg,https://commons.wikimedia.org/wiki/File:20120212Kriegbach10.jpg,https://thumb.wikimedia.org/wikipedia/commons/thumb/a/ac/20120212Kriegbach10.jpg/1280px-20120212Kriegbach10.jpg?utm_source=commons.wikimedia.org&utm_campaign=imageinfo&utm_content=thumbnail,1750,1313,AnRo0002,CC0,Populus,broadleaf,Category:Baden-Württemberg photographs taken on 2012-02-12|Category:Bare trees in Altlußheim|Category:CC-Zero|Category:February 2012 in Altlußheim|Category:Frozen Kriegbach (Rhein-Neckar) in Rhein-Neckar-Kreis|Category:Frozen bodies of water in Altlußheim|Category:Frozen bodies of water in Germany in February 2012|Category:Kriegbach (Rhein-Neckar) in Altlußheim|Category:Populus in Altlußheim in February|Category:Populus x canadensis in Altlußheim|Category:Populus x canadensis in February|Category:Self-published work|Category:Solitary Populus × canadensis|Category:Taken with Olympus FE-47 / X-43|Category:Winter 2011-2012 in Altlußheim
17,00017.jpg,File:20120212Kriegbach11.jpg,https://commons.wikimedia.org/wiki/File:20120212Kriegbach11.jpg,https://thumb.wikimedia.org/wikipedia/commons/thumb/e/e9/20120212Kriegbach11.jpg/1280px-20120212Kriegbach11.jpg?utm_source=commons.wikimedia.org&utm_campaign=imageinfo&utm_content=thumbnail,1750,1313,AnRo0002,CC0,Populus,broadleaf,Category:Baden-Württemberg photographs taken on 2012-02-12|Category:Bare trees in Altlußheim|Category:CC-Zero|Category:February 2012 in Altlußheim|Category:Frozen Kriegbach (Rhein-Neckar) in Rhein-Neckar-Kreis|Category:Frozen bodies of water in Altlußheim|Category:Frozen bodies of water in Germany in February 2012|Category:Kriegbach (Rhein-Neckar) in Altlußheim|Category:Populus in Altlußheim in February|Category:Populus x canadensis in Altlußheim|Category:Populus x canadensis in February|Category:Self-published work|Category:Solitary Populus × canadensis|Category:Taken with Olympus FE-47 / X-43|Category:Winter 2011-2012 in Altlußheim
18,00018.jpg,File:20120212Kriegbach12.jpg,https://commons.wikimedia.org/wiki/File:20120212Kriegbach12.jpg,https://thumb.wikimedia.org/wikipedia/commons/thumb/7/70/20120212Kriegbach12.jpg/1280px-20120212Kriegbach12.jpg?utm_source=commons.wikimedia.org&utm_campaign=imageinfo&utm_content=thumbnail,1750,1313,AnRo0002,CC0,Populus,broadleaf,Category:Baden-Württemberg photographs taken on 2012-02-12|Category:Bare trees in Altlußheim|Category:CC-Zero|Category:February 2012 in Altlußheim|Category:Frozen Kriegbach (Rhein-Neckar) in Rhein-Neckar-Kreis|Category:Frozen bodies of water in Altlußheim|Category:Frozen bodies of water in Germany in February 2012|Category:Kriegbach (Rhein-Neckar) in Altlußheim|Category:Populus in Altlußheim in February|Category:Populus x canadensis in Altlußheim|Category:Populus x canadensis in February|Category:Self-published work|Category:Solitary Populus × canadensis|Category:Taken with Olympus FE-47 / X-43|Category:Winter 2011-2012 in Altlußheim
19,00019.jpg,File:20120731Verbascum thapsus1.jpg,https://commons.wikimedia.org/wiki/File:20120731Verbascum_thapsus1.jpg,https://thumb.wikimedia.org/wikipedia/commons/thumb/9/99/20120731Verbascum_thapsus1.jpg/1280px-20120731Verbascum_thapsus1.jpg?utm_source=commons.wikimedia.org&utm_campaign=imageinfo&utm_content=thumbnail,2750,2063,AnRo0002,CC0,Pinus,conifer,Category:CC-Zero|Category:Friedenshöhe (Oftersheim)|Category:Lamiales at Friedenshöhe (Oftersheim)|Category:Lamiales in Oftersheim in July|Category:Oftersheim photographs taken on 2012-07-31|Category:Pinales in Oftersheim in July|Category:Pinus sylvestris in Oftersheimer Dünen|Category:Self-published work|Category:Solitary Pinus sylvestris|Category:Taken with Canon PowerShot A1200|Category:Verbascum in the Northern Hemisphere in July|Category:Verbascum thapsus (habitat)|Category:Verbascum thapsus in Oftersheim
20,00020.jpg,File:20120902Populus x canadensis1.jpg,https://commons.wikimedia.org/wiki/File:20120902Populus_x_canadensis1.jpg,https://thumb.wikimedia.org/wikipedia/commons/thumb/2/2b/20120902Populus_x_canadensis1.jpg/1280px-20120902Populus_x_canadensis1.jpg?utm_source=commons.wikimedia.org&utm_campaign=imageinfo&utm_content=thumbnail,2500,1875,AnRo0002,CC0,Populus,broadleaf,Category:CC-Zero|Category:Populus in Reilingen in September 2012|Category:Populus x canadensis in Reilingen|Category:Populus x canadensis in September|Category:Reilingen photographs taken on 2012-09-02|Category:Self-published work|Category:Solitary Populus × canadensis|Category:Taken with Canon PowerShot A1200
21,00021.jpg,File:20120903Populus x canadensis03.jpg,https://commons.wikimedia.org/wiki/File:20120903Populus_x_canadensis03.jpg,https://thumb.wikimedia.org/wikipedia/commons/thumb/b/b4/20120903Populus_x_canadensis03.jpg/1280px-20120903Populus_x_canadensis03.jpg?utm_source=commons.wikimedia.org&utm_campaign=imageinfo&utm_content=thumbnail,2500,1875,AnRo0002,CC0,Populus,broadleaf,Category:CC-Zero|Category:Kisselwiesen (Reilingen)|Category:Populus in Reilingen in September 2012|Category:Populus x canadensis in Reilingen|Category:Populus x canadensis in September|Category:Reilingen photographs taken on 2012-09-03|Category:Self-published work|Category:Solitary Populus × canadensis|Category:Taken with Canon PowerShot A1200
22,00022.jpg,File:20120903Populus x canadensis04.jpg,https://commons.wikimedia.org/wiki/File:20120903Populus_x_canadensis04.jpg,https://thumb.wikimedia.org/wikipedia/commons/thumb/6/61/20120903Populus_x_canadensis04.jpg/1280px-20120903Populus_x_canadensis04.jpg?utm_source=commons.wikimedia.org&utm_campaign=imageinfo&utm_content=thumbnail,2750,2063,AnRo0002,CC0,Populus,broadleaf,Category:CC-Zero|Category:Kisselwiesen (Reilingen)|Category:Populus in Reilingen in September 2012|Category:Populus x canadensis in Reilingen|Category:Populus x canadensis in September|Category:Reilingen photographs taken on 2012-09-03|Category:Self-published work|Category:Solitary Populus × canadensis|Category:Taken with Canon PowerShot A1200
23,00023.jpg,File:20120903Populus x canadensis06.jpg,https://commons.wikimedia.org/wiki/File:20120903Populus_x_canadensis06.jpg,https://thumb.wikimedia.org/wikipedia/commons/thumb/a/ab/20120903Populus_x_canadensis06.jpg/1280px-20120903Populus_x_canadensis06.jpg?utm_source=commons.wikimedia.org&utm_campaign=imageinfo&utm_content=thumbnail,2500,1875,AnRo0002,CC0,Populus,broadleaf,Category:CC-Zero|Category:Fields in Reilingen in September|Category:Maize fields in Reilingen|Category:Maize fields in Rhein-Neckar-Kreis in September|Category:Populus in Reilingen in September 2012|Category:Populus x canadensis in Reilingen|Category:Populus x canadensis in September|Category:Reilingen photographs taken on 2012-09-03|Category:Self-published work|Category:September 2012 in agriculture in Reilingen|Category:Solitary Populus × canadensis|Category:Taken with Canon PowerShot A1200
24,00024.jpg,File:20120903Populus x canadensis07.jpg,https://commons.wikimedia.org/wiki/File:20120903Populus_x_canadensis07.jpg,https://thumb.wikimedia.org/wikipedia/commons/thumb/3/33/20120903Populus_x_canadensis07.jpg/1280px-20120903Populus_x_canadensis07.jpg?utm_source=commons.wikimedia.org&utm_campaign=imageinfo&utm_content=thumbnail,2750,2063,AnRo0002,CC0,Populus,broadleaf,Category:CC-Zero|Category:Kisselwiesen (Reilingen)|Category:Populus in Reilingen in September 2012|Category:Populus x canadensis in Reilingen|Category:Populus x canadensis in September|Category:Reilingen photographs taken on 2012-09-03|Category:Self-published work|Category:Solitary Populus × canadensis|Category:Taken with Canon PowerShot A1200
25,00025.jpg,File:20120904Alnus glutinosa01.jpg,https://commons.wikimedia.org/wiki/File:20120904Alnus_glutinosa01.jpg,https://thumb.wikimedia.org/wikipedia/commons/thumb/2/2c/20120904Alnus_glutinosa01.jpg/1280px-20120904Alnus_glutinosa01.jpg?utm_source=commons.wikimedia.org&utm_campaign=imageinfo&utm_content=thumbnail,1500,2000,AnRo0002,CC0,Alnus,broadleaf,Category:Alnus glutinosa in Reilingen|Category:Alnus glutinosa in summer|Category:Alnus in September|Category:CC-Zero|Category:Fagales in Reilingen in September|Category:Kraichbach in Reilingen|Category:Reilingen photographs taken on 2012-09-04|Category:Self-published work|Category:Solitary Alnus glutinosa|Category:Taken with Canon PowerShot A1200
26,00026.jpg,File:20120904Alnus glutinosa02.jpg,https://commons.wikimedia.org/wiki/File:20120904Alnus_glutinosa02.jpg,https://thumb.wikimedia.org/wikipedia/commons/thumb/e/e2/20120904Alnus_glutinosa02.jpg/1280px-20120904Alnus_glutinosa02.jpg?utm_source=commons.wikimedia.org&utm_campaign=imageinfo&utm_content=thumbnail,2750,2063,AnRo0002,CC0,Alnus,broadleaf,Category:Alnus glutinosa in Reilingen|Category:Alnus glutinosa in summer|Category:Alnus in September|Category:CC-Zero|Category:Fagales in Reilingen in September|Category:Reilingen photographs taken on 2012-09-04|Category:Self-published work|Category:Solitary Alnus glutinosa|Category:Taken with Canon PowerShot A1200
27,00027.jpg,File:20120904Alnus glutinosa08.jpg,https://commons.wikimedia.org/wiki/File:20120904Alnus_glutinosa08.jpg,https://thumb.wikimedia.org/wikipedia/commons/thumb/5/52/20120904Alnus_glutinosa08.jpg/1280px-20120904Alnus_glutinosa08.jpg?utm_source=commons.wikimedia.org&utm_campaign=imageinfo&utm_content=thumbnail,2250,3000,AnRo0002,CC0,Alnus,broadleaf,Category:Alnus glutinosa in Reilingen|Category:Alnus glutinosa in summer|Category:Alnus in September|Category:CC-Zero|Category:Fagales in Reilingen in September|Category:Reilingen photographs taken on 2012-09-04|Category:Self-published work|Category:Solitary Alnus glutinosa|Category:Taken with Canon PowerShot A1200
28,00028.jpg,File:20120904Alnus glutinosa11.jpg,https://commons.wikimedia.org/wiki/File:20120904Alnus_glutinosa11.jpg,https://thumb.wikimedia.org/wikipedia/commons/thumb/4/48/20120904Alnus_glutinosa11.jpg/1280px-20120904Alnus_glutinosa11.jpg?utm_source=commons.wikimedia.org&utm_campaign=imageinfo&utm_content=thumbnail,2250,3000,AnRo0002,CC0,Alnus,broadleaf,Category:Alnus glutinosa in Reilingen|Category:Alnus glutinosa in summer|Category:Alnus in September|Category:CC-Zero|Category:Fagales in Reilingen in September|Category:Reilingen photographs taken on 2012-09-04|Category:Self-published work|Category:Solitary Alnus glutinosa|Category:Taken with Canon PowerShot A1200
29,00029.jpg,File:20120907Birke Silz1.jpg,https://commons.wikimedia.org/wiki/File:20120907Birke_Silz1.jpg,https://thumb.wikimedia.org/wikipedia/commons/thumb/6/63/20120907Birke_Silz1.jpg/1280px-20120907Birke_Silz1.jpg?utm_source=commons.wikimedia.org&utm_campaign=imageinfo&utm_content=thumbnail,1947,2701,AnRo0002,CC0,Betula,broadleaf,Category:Altlußheim photographs taken on 2012-09-07|Category:Baggersee am Silzgraben (Altlußheim)|Category:Betula in September|Category:Betula pendula in Hockenheimer Rheinbogen|Category:CC-Zero|Category:Self-published work|Category:Solitary Betula pendula|Category:Taken with Canon PowerShot A1200|Category:Trees in Hockenheimer Rheinbogen in September
30,00030.jpg,File:20120920Populus x canadensis01.jpg,https://commons.wikimedia.org/wiki/File:20120920Populus_x_canadensis01.jpg,https://thumb.wikimedia.org/wikipedia/commons/thumb/8/8c/20120920Populus_x_canadensis01.jpg/1280px-20120920Populus_x_canadensis01.jpg?utm_source=commons.wikimedia.org&utm_campaign=imageinfo&utm_content=thumbnail,2716,2000,AnRo0002,CC0,Populus,broadleaf,Category:CC-Zero|Category:Ketsch photographs taken on 2012-09-20|Category:Populus in Hockenheimer Rheinbogen in September 2012|Category:Populus x canadensis in Hockenheimer Rheinbogen|Category:Populus x canadensis in September|Category:Self-published work|Category:Solitary Populus × canadensis|Category:Taken with Canon PowerShot A1200
31,00031.jpg,File:20120920Populus x canadensis02.jpg,https://commons.wikimedia.org/wiki/File:20120920Populus_x_canadensis02.jpg,https://thumb.wikimedia.org/wikipedia/commons/thumb/c/ce/20120920Populus_x_canadensis02.jpg/1280px-20120920Populus_x_canadensis02.jpg?utm_source=commons.wikimedia.org&utm_campaign=imageinfo&utm_content=thumbnail,1875,2500,AnRo0002,CC0,Populus,broadleaf,Category:CC-Zero|Category:Ketsch photographs taken on 2012-09-20|Category:Populus in Hockenheimer Rheinbogen in September 2012|Category:Populus x canadensis in Hockenheimer Rheinbogen|Category:Populus x canadensis in September|Category:Self-published work|Category:Solitary Populus × canadensis|Category:Taken with Canon PowerShot A1200
32,00032.jpg,File:20120920Populus x canadensis03.jpg,https://commons.wikimedia.org/wiki/File:20120920Populus_x_canadensis03.jpg,https://thumb.wikimedia.org/wikipedia/commons/thumb/f/f6/20120920Populus_x_canadensis03.jpg/1280px-20120920Populus_x_canadensis03.jpg?utm_source=commons.wikimedia.org&utm_campaign=imageinfo&utm_content=thumbnail,2500,1875,AnRo0002,CC0,Populus,broadleaf,Category:CC-Zero|Category:Ketsch photographs taken on 2012-09-20|Category:Populus in Hockenheimer Rheinbogen in September 2012|Category:Populus x canadensis in Hockenheimer Rheinbogen|Category:Populus x canadensis in September|Category:Self-published work|Category:Solitary Populus × canadensis|Category:Taken with Canon PowerShot A1200
33,00033.jpg,File:20120920Populus x canadensis06.jpg,https://commons.wikimedia.org/wiki/File:20120920Populus_x_canadensis06.jpg,https://thumb.wikimedia.org/wikipedia/commons/thumb/f/fb/20120920Populus_x_canadensis06.jpg/1280px-20120920Populus_x_canadensis06.jpg?utm_source=commons.wikimedia.org&utm_campaign=imageinfo&utm_content=thumbnail,2500,1875,AnRo0002,CC0,Populus,broadleaf,Category:CC-Zero|Category:Ketsch photographs taken on 2012-09-20|Category:Populus in Hockenheimer Rheinbogen in September 2012|Category:Populus x canadensis in Hockenheimer Rheinbogen|Category:Populus x canadensis in September|Category:Self-published work|Category:Solitary Populus × canadensis|Category:Taken with Canon PowerShot A1200
34,00034.jpg,File:20120920Populus x canadensis07.jpg,https://commons.wikimedia.org/wiki/File:20120920Populus_x_canadensis07.jpg,https://thumb.wikimedia.org/wikipedia/commons/thumb/c/c4/20120920Populus_x_canadensis07.jpg/1280px-20120920Populus_x_canadensis07.jpg?utm_source=commons.wikimedia.org&utm_campaign=imageinfo&utm_content=thumbnail,2500,1875,AnRo0002,CC0,Populus,broadleaf,Category:CC-Zero|Category:Ketsch photographs taken on 2012-09-20|Category:Populus in Hockenheimer Rheinbogen in September 2012|Category:Populus x canadensis in Hockenheimer Rheinbogen|Category:Populus x canadensis in September|Category:Self-published work|Category:Solitary Populus × canadensis|Category:Taken with Canon PowerShot A1200
35,00035.jpg,File:20120920Populus x canadensis08.jpg,https://commons.wikimedia.org/wiki/File:20120920Populus_x_canadensis08.jpg,https://thumb.wikimedia.org/wikipedia/commons/thumb/e/e6/20120920Populus_x_canadensis08.jpg/1280px-20120920Populus_x_canadensis08.jpg?utm_source=commons.wikimedia.org&utm_campaign=imageinfo&utm_content=thumbnail,2500,1875,AnRo0002,CC0,Populus,broadleaf,Category:CC-Zero|Category:Ketsch photographs taken on 2012-09-20|Category:Populus in Hockenheimer Rheinbogen in September 2012|Category:Populus x canadensis in Hockenheimer Rheinbogen|Category:Populus x canadensis in September|Category:Self-published work|Category:Solitary Populus × canadensis|Category:Taken with Canon PowerShot A1200
36,00036.jpg,File:20120920Populus x canadensis2.jpg,https://commons.wikimedia.org/wiki/File:20120920Populus_x_canadensis2.jpg,https://thumb.wikimedia.org/wikipedia/commons/thumb/7/78/20120920Populus_x_canadensis2.jpg/1280px-20120920Populus_x_canadensis2.jpg?utm_source=commons.wikimedia.org&utm_campaign=imageinfo&utm_content=thumbnail,2063,2750,AnRo0002,CC0,Populus,broadleaf,Category:CC-Zero|Category:Hockenheim photographs taken on 2012-09-20|Category:Populus in Hockenheimer Rheinbogen in September 2012|Category:Populus x canadensis in Hockenheimer Rheinbogen|Category:Populus x canadensis in September|Category:Self-published work|Category:Solitary Populus × canadensis|Category:Taken with Canon PowerShot A1200
37,00037.jpg,File:20120924Betula pendula1.jpg,https://commons.wikimedia.org/wiki/File:20120924Betula_pendula1.jpg,https://thumb.wikimedia.org/wikipedia/commons/thumb/5/5f/20120924Betula_pendula1.jpg/1280px-20120924Betula_pendula1.jpg?utm_source=commons.wikimedia.org&utm_campaign=imageinfo&utm_content=thumbnail,1875,2500,AnRo0002,CC0,Betula,broadleaf,Category:Betula in September|Category:Betula pendula in Reilingen|Category:CC-Zero|Category:Fagales in Reilingen in September|Category:Reilingen photographs taken on 2012-09-24|Category:Self-published work|Category:Solitary Betula pendula|Category:Taken with Canon PowerShot A1200
38,00038.jpg,File:20120924Betula pendula2.jpg,https://commons.wikimedia.org/wiki/File:20120924Betula_pendula2.jpg,https://thumb.wikimedia.org/wikipedia/commons/thumb/b/bf/20120924Betula_pendula2.jpg/1280px-20120924Betula_pendula2.jpg?utm_source=commons.wikimedia.org&utm_campaign=imageinfo&utm_content=thumbnail,1875,2500,AnRo0002,CC0,Betula,broadleaf,Category:Betula in September|Category:Betula pendula in Reilingen|Category:CC-Zero|Category:Fagales in Reilingen in September|Category:Reilingen photographs taken on 2012-09-24|Category:Self-published work|Category:Solitary Betula pendula|Category:Taken with Canon PowerShot A1200
39,00039.jpg,File:20121021Populus x canadensis3.jpg,https://commons.wikimedia.org/wiki/File:20121021Populus_x_canadensis3.jpg,https://thumb.wikimedia.org/wikipedia/commons/thumb/a/a6/20121021Populus_x_canadensis3.jpg/1280px-20121021Populus_x_canadensis3.jpg?utm_source=commons.wikimedia.org&utm_campaign=imageinfo&utm_content=thumbnail,1875,2500,AnRo0002,CC0,Populus,broadleaf,Category:Altlußheim photographs taken on 2012-10-21|Category:Autumn 2012 in Hockenheimer Rheinbogen|Category:CC-Zero|Category:Populus in Hockenheimer Rheinbogen in October 2012|Category:Populus x canadensis in Hockenheimer Rheinbogen|Category:Populus x canadensis in October|Category:Populus × canadensis in autumn|Category:Self-published work|Category:Solitary Populus × canadensis|Category:Taken with Canon PowerShot A1200
40,00040.jpg,File:20121021Populus x canadensis4.jpg,https://commons.wikimedia.org/wiki/File:20121021Populus_x_canadensis4.jpg,https://thumb.wikimedia.org/wikipedia/commons/thumb/5/5d/20121021Populus_x_canadensis4.jpg/1280px-20121021Populus_x_canadensis4.jpg?utm_source=commons.wikimedia.org&utm_campaign=imageinfo&utm_content=thumbnail,1875,2500,AnRo0002,CC0,Populus,broadleaf,Category:Altlußheim photographs taken on 2012-10-21|Category:Autumn 2012 in Hockenheimer Rheinbogen|Category:CC-Zero|Category:Populus in Hockenheimer Rheinbogen in October 2012|Category:Populus x canadensis in Hockenheimer Rheinbogen|Category:Populus x canadensis in October|Category:Populus × canadensis in autumn|Category:Self-published work|Category:Solitary Populus × canadensis|Category:Taken with Canon PowerShot A1200
41,00041.jpg,File:20121022Populus x canadensis.jpg,https://commons.wikimedia.org/wiki/File:20121022Populus_x_canadensis.jpg,https://thumb.wikimedia.org/wikipedia/commons/thumb/c/cc/20121022Populus_x_canadensis.jpg/1280px-20121022Populus_x_canadensis.jpg?utm_source=commons.wikimedia.org&utm_campaign=imageinfo&utm_content=thumbnail,2750,2063,AnRo0002,CC0,Populus,broadleaf,Category:Autumn 2012 in Hockenheimer Rheinbogen|Category:CC-Zero|Category:Hockenheim photographs taken on 2012-10-22|Category:Populus in Hockenheimer Rheinbogen in October 2012|Category:Populus x canadensis in Hockenheimer Rheinbogen|Category:Populus x canadensis in October|Category:Populus × canadensis in autumn|Category:Self-published work|Category:Solitary Populus × canadensis|Category:Taken with Canon PowerShot A1200
42,00042.jpg,File:20130107Populus x canadensis1.jpg,https://commons.wikimedia.org/wiki/File:20130107Populus_x_canadensis1.jpg,https://thumb.wikimedia.org/wikipedia/commons/thumb/0/09/20130107Populus_x_canadensis1.jpg/1280px-20130107Populus_x_canadensis1.jpg?utm_source=commons.wikimedia.org&utm_campaign=imageinfo&utm_content=thumbnail,2500,1875,AnRo0002,CC0,Populus,broadleaf,Category:CC-Zero|Category:Hockenheim photographs taken on 2013-01-07|Category:Populus in Hockenheimer Rheinbogen in January 2013|Category:Populus x canadensis in Hockenheimer Rheinbogen|Category:Populus x canadensis in January|Category:Self-published work|Category:Solitary Populus × canadensis|Category:Taken with Canon PowerShot A1200
43,00043.jpg,File:20130107Populus x canadensis2.jpg,https://commons.wikimedia.org/wiki/File:20130107Populus_x_canadensis2.jpg,https://thumb.wikimedia.org/wikipedia/commons/thumb/a/ad/20130107Populus_x_canadensis2.jpg/1280px-20130107Populus_x_canadensis2.jpg?utm_source=commons.wikimedia.org&utm_campaign=imageinfo&utm_content=thumbnail,2000,1500,AnRo0002,CC0,Populus,broadleaf,Category:CC-Zero|Category:Hockenheim photographs taken on 2013-01-07|Category:Populus in Hockenheimer Rheinbogen in January 2013|Category:Populus x canadensis in Hockenheimer Rheinbogen|Category:Populus x canadensis in January|Category:Self-published work|Category:Solitary Populus × canadensis|Category:Taken with Canon PowerShot A1200
44,00044.jpg,File:20130116Alnus glutinosa09.jpg,https://commons.wikimedia.org/wiki/File:20130116Alnus_glutinosa09.jpg,https://thumb.wikimedia.org/wikipedia/commons/thumb/2/2f/20130116Alnus_glutinosa09.jpg/1280px-20130116Alnus_glutinosa09.jpg?utm_source=commons.wikimedia.org&utm_campaign=imageinfo&utm_content=thumbnail,2000,1500,AnRo0002,CC0,Alnus,broadleaf,Category:Alnus glutinosa in Hockenheimer Rheinbogen|Category:Alnus glutinosa in winter|Category:Alnus in January|Category:CC-Zero|Category:Fagales in Hockenheimer Rheinbogen in January 2013|Category:Hockenheim photographs taken on 2013-01-16|Category:Self-published work|Category:Snow in Hockenheim in January 2013|Category:Solitary Alnus glutinosa|Category:Taken with Canon PowerShot A1200|Category:Winter 2012-2013 in Hockenheimer Rheinbogen
45,00045.jpg,File:20130116Alnus glutinosa10.jpg,https://commons.wikimedia.org/wiki/File:20130116Alnus_glutinosa10.jpg,https://thumb.wikimedia.org/wikipedia/commons/thumb/0/0d/20130116Alnus_glutinosa10.jpg/1280px-20130116Alnus_glutinosa10.jpg?utm_source=commons.wikimedia.org&utm_campaign=imageinfo&utm_content=thumbnail,1500,2000,AnRo0002,CC0,Alnus,broadleaf,Category:Alnus glutinosa in Hockenheimer Rheinbogen|Category:Alnus glutinosa in winter|Category:Alnus in January|Category:CC-Zero|Category:Fagales in Hockenheimer Rheinbogen in January 2013|Category:Hockenheim photographs taken on 2013-01-16|Category:Self-published work|Category:Snow in Hockenheim in January 2013|Category:Solitary Alnus glutinosa|Category:Taken with Canon PowerShot A1200|Category:Winter 2012-2013 in Hockenheimer Rheinbogen
46,00046.jpg,File:20130314Alnus glutinosa1.jpg,https://commons.wikimedia.org/wiki/File:20130314Alnus_glutinosa1.jpg,https://thumb.wikimedia.org/wikipedia/commons/thumb/3/3d/20130314Alnus_glutinosa1.jpg/1280px-20130314Alnus_glutinosa1.jpg?utm_source=commons.wikimedia.org&utm_campaign=imageinfo&utm_content=thumbnail,1500,2000,AnRo0002,CC0,Alnus,broadleaf,Category:Alnus glutinosa in Hockenheimer Rheinbogen|Category:Alnus glutinosa in winter|Category:Alnus in the Northern Hemisphere in March 2013|Category:CC-Zero|Category:Fagales in Hockenheimer Rheinbogen in March 2013|Category:Hockenheim photographs taken on 2013-03-14|Category:Self-published work|Category:Solitary Alnus glutinosa|Category:Taken with Canon PowerShot A1200
47,00047.jpg,File:20130314Birke Hockenheim.jpg,https://commons.wikimedia.org/wiki/File:20130314Birke_Hockenheim.jpg,https://thumb.wikimedia.org/wikipedia/commons/thumb/9/94/20130314Birke_Hockenheim.jpg/1280px-20130314Birke_Hockenheim.jpg?utm_source=commons.wikimedia.org&utm_campaign=imageinfo&utm_content=thumbnail,1500,2000,AnRo0002,CC0,Betula,broadleaf,Category:Betula in March|Category:Betula pendula in Hockenheimer Rheinbogen|Category:CC-Zero|Category:Fagales in Hockenheimer Rheinbogen in March|Category:Self-published work|Category:Solitary Betula pendula|Category:Taken with Canon PowerShot A1200
48,00048.jpg,File:20130407Betula pendula5.jpg,https://commons.wikimedia.org/wiki/File:20130407Betula_pendula5.jpg,https://thumb.wikimedia.org/wikipedia/commons/thumb/e/eb/20130407Betula_pendula5.jpg/1280px-20130407Betula_pendula5.jpg?utm_source=commons.wikimedia.org&utm_campaign=imageinfo&utm_content=thumbnail,1500,2000,AnRo0002,CC0,Betula,broadleaf,"Category:Betula in April|Category:Betula pendula in Saarbrücken|Category:CC-Zero|Category:Fagales in Saarbrücken in April 2013|Category:Saarbrücken photographs taken on 2013-04-07|Category:Self-published work|Category:Solitary Betula pendula|Category:Taken with Canon PowerShot A1200|Category:Trees in Naturschutzgebiet ""St. Arnualer Wiesen"""
49,00049.jpg,File:20130425Quercus robur01.jpg,https://commons.wikimedia.org/wiki/File:20130425Quercus_robur01.jpg,https://thumb.wikimedia.org/wikipedia/commons/thumb/5/58/20130425Quercus_robur01.jpg/1280px-20130425Quercus_robur01.jpg?utm_source=commons.wikimedia.org&utm_campaign=imageinfo&utm_content=thumbnail,2000,1500,AnRo0002,CC0,Quercus,broadleaf,Category:CC-Zero|Category:Ketsch photographs taken on 2013-04-25|Category:Quercus in Hockenheimer Rheinbogen in April 2013|Category:Quercus robur in Hockenheimer Rheinbogen|Category:Quercus robur in spring|Category:Quercus robur in the Northern Hemisphere in April 2013|Category:Self-published work|Category:Solitary Quercus robur|Category:Taken with Canon PowerShot A1200|Category:Trees in Naturschutzgebiet Karl-Ludwig-See|Category:Trees in spring 2013 in Hockenheimer Rheinbogen
50,00050.jpg,File:20130425Quercus robur06.jpg,https://commons.wikimedia.org/wiki/File:20130425Quercus_robur06.jpg,https://thumb.wikimedia.org/wikipedia/commons/thumb/a/af/20130425Quercus_robur06.jpg/1280px-20130425Quercus_robur06.jpg?utm_source=commons.wikimedia.org&utm_campaign=imageinfo&utm_content=thumbnail,2250,1688,AnRo0002,CC0,Quercus,broadleaf,Category:CC-Zero|Category:Fagales in Ketsch|Category:Ketsch photographs taken on 2013-04-25|Category:Quercus in Rhein-Neckar-Kreis in April 2013|Category:Quercus robur in Rhein-Neckar-Kreis|Category:Quercus robur in spring|Category:Quercus robur in the Northern Hemisphere in April 2013|Category:Self-published work|Category:Solitary Quercus robur|Category:Taken with Canon PowerShot A1200
51,00051.jpg,File:20130425Schwarzpappeln Hockenheim1.jpg,https://commons.wikimedia.org/wiki/File:20130425Schwarzpappeln_Hockenheim1.jpg,https://thumb.wikimedia.org/wikipedia/commons/thumb/7/74/20130425Schwarzpappeln_Hockenheim1.jpg/1280px-20130425Schwarzpappeln_Hockenheim1.jpg?utm_source=commons.wikimedia.org&utm_campaign=imageinfo&utm_content=thumbnail,2250,1688,AnRo0002,CC0,Populus,broadleaf,Category:CC-Zero|Category:Populus in Hockenheimer Rheinbogen in April|Category:Populus x canadensis in April|Category:Populus x canadensis in Hockenheimer Rheinbogen|Category:Self-published work|Category:Solitary Populus × canadensis|Category:Taken with Canon PowerShot A1200
52,00052.jpg,File:20130425Schwarzpappeln Hockenheim2.jpg,https://commons.wikimedia.org/wiki/File:20130425Schwarzpappeln_Hockenheim2.jpg,https://thumb.wikimedia.org/wikipedia/commons/thumb/4/41/20130425Schwarzpappeln_Hockenheim2.jpg/1280px-20130425Schwarzpappeln_Hockenheim2.jpg?utm_source=commons.wikimedia.org&utm_campaign=imageinfo&utm_content=thumbnail,2250,1688,AnRo0002,CC0,Populus,broadleaf,Category:CC-Zero|Category:Populus in Hockenheimer Rheinbogen in April|Category:Populus x canadensis in April|Category:Populus x canadensis in Hockenheimer Rheinbogen|Category:Self-published work|Category:Solitary Populus × canadensis|Category:Taken with Canon PowerShot A1200
53,00053.jpg,File:20130820Walnuss Hockenheim4.jpg,https://commons.wikimedia.org/wiki/File:20130820Walnuss_Hockenheim4.jpg,https://thumb.wikimedia.org/wikipedia/commons/thumb/5/5d/20130820Walnuss_Hockenheim4.jpg/1280px-20130820Walnuss_Hockenheim4.jpg?utm_source=commons.wikimedia.org&utm_campaign=imageinfo&utm_content=thumbnail,3648,2736,AnRo0002,CC0,Juglans,broadleaf,Category:August 2013 in agriculture in Hockenheim|Category:CC-Zero|Category:Fagales in Hockenheim in August|Category:Hockenheim photographs taken on 2013-08-20|Category:Juglandaceae in August|Category:Juglans regia in Hockenheim|Category:Self-published work|Category:Solitary Juglans regia
54,00054.jpg,File:20130820Walnuss Hockenheim5.jpg,https://commons.wikimedia.org/wiki/File:20130820Walnuss_Hockenheim5.jpg,https://thumb.wikimedia.org/wikipedia/commons/thumb/3/3f/20130820Walnuss_Hockenheim5.jpg/1280px-20130820Walnuss_Hockenheim5.jpg?utm_source=commons.wikimedia.org&utm_campaign=imageinfo&utm_content=thumbnail,3648,2736,AnRo0002,CC0,Juglans,broadleaf,Category:August 2013 in agriculture in Hockenheim|Category:CC-Zero|Category:Hockenheim photographs taken on 2013-08-20|Category:Juglandaceae in August|Category:Juglans regia in Hockenheim|Category:Self-published work|Category:Solitary Juglans regia|Category:Trees in Hockenheim in August
55,00055.jpg,File:20130820Walnuss Reilingen1.jpg,https://commons.wikimedia.org/wiki/File:20130820Walnuss_Reilingen1.jpg,https://thumb.wikimedia.org/wikipedia/commons/thumb/1/15/20130820Walnuss_Reilingen1.jpg/1280px-20130820Walnuss_Reilingen1.jpg?utm_source=commons.wikimedia.org&utm_campaign=imageinfo&utm_content=thumbnail,3648,2736,AnRo0002,CC0,Juglans,broadleaf,Category:CC-Zero|Category:Fagales in Reilingen in August|Category:Juglandaceae in August|Category:Juglans regia in Reilingen|Category:Self-published work|Category:Solitary Juglans regia|Category:Summer 2013 in Reilingen
56,00056.jpg,File:20130820Walnuss Reilingen2.jpg,https://commons.wikimedia.org/wiki/File:20130820Walnuss_Reilingen2.jpg,https://thumb.wikimedia.org/wikipedia/commons/thumb/f/f6/20130820Walnuss_Reilingen2.jpg/1280px-20130820Walnuss_Reilingen2.jpg?utm_source=commons.wikimedia.org&utm_campaign=imageinfo&utm_content=thumbnail,3648,2736,AnRo0002,CC0,Juglans,broadleaf,Category:CC-Zero|Category:Fagales in Reilingen in August|Category:Juglandaceae in August|Category:Juglans regia in Reilingen|Category:Self-published work|Category:Solitary Juglans regia|Category:Summer 2013 in Reilingen
57,00057.jpg,File:20130909Juglans regia1.jpg,https://commons.wikimedia.org/wiki/File:20130909Juglans_regia1.jpg,https://thumb.wikimedia.org/wikipedia/commons/thumb/6/6b/20130909Juglans_regia1.jpg/1280px-20130909Juglans_regia1.jpg?utm_source=commons.wikimedia.org&utm_campaign=imageinfo&utm_content=thumbnail,3000,2250,AnRo0002,CC0,Juglans,broadleaf,Category:CC-Zero|Category:Fagales in Ketsch|Category:Fagales in Rhein-Neckar-Kreis in September|Category:Flora of Ketsch in September|Category:Juglandaceae in September|Category:Juglans regia in Rhein-Neckar-Kreis|Category:Ketsch photographs taken on 2013-09-09|Category:Self-published work|Category:September 2013 in agriculture in Ketsch|Category:Solitary Juglans regia|Category:Taken with Canon Digital IXUS 510 HS
58,00058.jpg,File:20130909Juglans regia2.jpg,https://commons.wikimedia.org/wiki/File:20130909Juglans_regia2.jpg,https://thumb.wikimedia.org/wikipedia/commons/thumb/c/ce/20130909Juglans_regia2.jpg/1280px-20130909Juglans_regia2.jpg?utm_source=commons.wikimedia.org&utm_campaign=imageinfo&utm_content=thumbnail,3000,2250,AnRo0002,CC0,Juglans,broadleaf,Category:CC-Zero|Category:Diseases and disorders of Juglans regia|Category:Fagales in Ketsch|Category:Fagales in Rhein-Neckar-Kreis in September|Category:Flora of Ketsch in September|Category:Juglandaceae in September|Category:Juglans regia in Rhein-Neckar-Kreis|Category:Ketsch photographs taken on 2013-09-09|Category:Self-published work|Category:September 2013 in agriculture in Ketsch|Category:Solitary Juglans regia|Category:Taken with Canon Digital IXUS 510 HS
59,00059.jpg,File:20130909Juglans regia3.jpg,https://commons.wikimedia.org/wiki/File:20130909Juglans_regia3.jpg,https://thumb.wikimedia.org/wikipedia/commons/thumb/a/af/20130909Juglans_regia3.jpg/1280px-20130909Juglans_regia3.jpg?utm_source=commons.wikimedia.org&utm_campaign=imageinfo&utm_content=thumbnail,3000,2250,AnRo0002,CC0,Juglans,broadleaf,Category:CC-Zero|Category:Diseases and disorders of Juglans regia|Category:Fagales in Ketsch|Category:Fagales in Rhein-Neckar-Kreis in September|Category:Flora of Ketsch in September|Category:Juglandaceae in September|Category:Juglans regia in Rhein-Neckar-Kreis|Category:Ketsch photographs taken on 2013-09-09|Category:Self-published work|Category:September 2013 in agriculture in Ketsch|Category:Solitary Juglans regia|Category:Taken with Canon Digital IXUS 510 HS
60,00060.jpg,File:20130921Walnuss Hockenheim2.jpg,https://commons.wikimedia.org/wiki/File:20130921Walnuss_Hockenheim2.jpg,https://thumb.wikimedia.org/wikipedia/commons/thumb/b/b2/20130921Walnuss_Hockenheim2.jpg/1280px-20130921Walnuss_Hockenheim2.jpg?utm_source=commons.wikimedia.org&utm_campaign=imageinfo&utm_content=thumbnail,2736,3648,AnRo0002,CC0,Juglans,broadleaf,Category:CC-Zero|Category:Juglandaceae in September|Category:Juglans regia in Hockenheimer Rheinbogen|Category:Rhein-Neckar-Kreis photographs taken on 2013-09-21|Category:Self-published work|Category:September 2013 in agriculture in Hockenheimer Rheinbogen|Category:Solitary Juglans regia|Category:Trees in Hockenheimer Rheinbogen in September
61,00061.jpg,File:20131019Walnuss Reilingen.jpg,https://commons.wikimedia.org/wiki/File:20131019Walnuss_Reilingen.jpg,https://thumb.wikimedia.org/wikipedia/commons/thumb/5/54/20131019Walnuss_Reilingen.jpg/1280px-20131019Walnuss_Reilingen.jpg?utm_source=commons.wikimedia.org&utm_campaign=imageinfo&utm_content=thumbnail,3648,2736,AnRo0002,CC0,Juglans,broadleaf,Category:CC-Zero|Category:Fagales in Reilingen in October|Category:Juglandaceae in October|Category:Juglans regia in Reilingen|Category:Juglans regia in autumn|Category:Self-published work|Category:Solitary Juglans regia|Category:Trees in Reilingen in October
62,00062.jpg,File:20131022Populus x canadensis.jpg,https://commons.wikimedia.org/wiki/File:20131022Populus_x_canadensis.jpg,https://thumb.wikimedia.org/wikipedia/commons/thumb/b/bd/20131022Populus_x_canadensis.jpg/1280px-20131022Populus_x_canadensis.jpg?utm_source=commons.wikimedia.org&utm_campaign=imageinfo&utm_content=thumbnail,3648,2736,AnRo0002,CC0,Populus,broadleaf,Category:CC-Zero|Category:Hockenheim photographs taken on 2013-10-22|Category:Populus in Hockenheimer Rheinbogen in October 2013|Category:Populus x canadensis in Hockenheimer Rheinbogen|Category:Populus x canadensis in October|Category:Populus × canadensis in autumn|Category:Self-published work|Category:Solitary Populus × canadensis
63,00063.jpg,File:20131126Populus x canadensis Ketschau.jpg,https://commons.wikimedia.org/wiki/File:20131126Populus_x_canadensis_Ketschau.jpg,https://thumb.wikimedia.org/wikipedia/commons/thumb/6/61/20131126Populus_x_canadensis_Ketschau.jpg/1280px-20131126Populus_x_canadensis_Ketschau.jpg?utm_source=commons.wikimedia.org&utm_campaign=imageinfo&utm_content=thumbnail,3648,2736,AnRo0002,CC0,Populus,broadleaf,Category:CC-Zero|Category:Fields in Hockenheimer Rheinbogen in November|Category:Hockenheim photographs taken on 2013-11-26|Category:Mustard fields in Hockenheimer Rheinbogen|Category:Mustard fields in Rhein-Neckar-Kreis in November|Category:November 2011 in agriculture in Hockenheimer Rheinbogen|Category:Populus in Hockenheimer Rheinbogen in November 2013|Category:Populus x canadensis in Hockenheimer Rheinbogen|Category:Populus x canadensis in November|Category:Populus × canadensis in autumn|Category:Self-published work|Category:Solitary Populus × canadensis
64,00064.jpg,File:2013KorteDuinen05.jpg,https://commons.wikimedia.org/wiki/File:2013KorteDuinen05.jpg,https://thumb.wikimedia.org/wikipedia/commons/thumb/0/03/2013KorteDuinen05.jpg/1280px-2013KorteDuinen05.jpg?utm_source=commons.wikimedia.org&utm_campaign=imageinfo&utm_content=thumbnail,3648,2736,user:Dick Bos,CC BY-SA 3.0 nl,Pinus,conifer,Category:CC-BY-SA-3.0-NL|Category:Pinus sylvestris in snow|Category:Pinus sylvestris in the Netherlands|Category:Soester Duinen|Category:Solitary Pinus sylvestris|Category:Taken with Olympus E-410
65,00065.jpg,File:2013KorteDuinen06.jpg,https://commons.wikimedia.org/wiki/File:2013KorteDuinen06.jpg,https://thumb.wikimedia.org/wikipedia/commons/thumb/2/2a/2013KorteDuinen06.jpg/1280px-2013KorteDuinen06.jpg?utm_source=commons.wikimedia.org&utm_campaign=imageinfo&utm_content=thumbnail,2154,1384,user:Dick Bos,CC BY-SA 3.0 nl,Pinus,conifer,Category:CC-BY-SA-3.0-NL|Category:Pinus sylvestris in snow|Category:Pinus sylvestris in the Netherlands|Category:Soester Duinen|Category:Solitary Pinus sylvestris|Category:Taken with Olympus E-410
66,00066.jpg,File:2013LangeDuinen01.jpg,https://commons.wikimedia.org/wiki/File:2013LangeDuinen01.jpg,https://thumb.wikimedia.org/wikipedia/commons/thumb/6/60/2013LangeDuinen01.jpg/1280px-2013LangeDuinen01.jpg?utm_source=commons.wikimedia.org&utm_campaign=imageinfo&utm_content=thumbnail,3644,2290,user:Dick Bos,CC BY-SA 3.0 nl,Pinus,conifer,Category:CC-BY-SA-3.0-NL|Category:Pinus sylvestris in snow|Category:Pinus sylvestris in the Netherlands|Category:Soester Duinen|Category:Solitary Pinus sylvestris|Category:Taken with Olympus E-410
67,00067.jpg,File:2013LangeDuinen02.jpg,https://commons.wikimedia.org/wiki/File:2013LangeDuinen02.jpg,https://thumb.wikimedia.org/wikipedia/commons/thumb/0/04/2013LangeDuinen02.jpg/1280px-2013LangeDuinen02.jpg?utm_source=commons.wikimedia.org&utm_campaign=imageinfo&utm_content=thumbnail,3646,2471,user:Dick Bos,CC BY-SA 3.0 nl,Pinus,conifer,Category:CC-BY-SA-3.0-NL|Category:Pinus sylvestris in snow|Category:Pinus sylvestris in the Netherlands|Category:Soester Duinen|Category:Solitary Pinus sylvestris|Category:Taken with Olympus E-410
68,00068.jpg,File:2013LangeDuinen03.jpg,https://commons.wikimedia.org/wiki/File:2013LangeDuinen03.jpg,https://thumb.wikimedia.org/wikipedia/commons/thumb/c/ca/2013LangeDuinen03.jpg/1280px-2013LangeDuinen03.jpg?utm_source=commons.wikimedia.org&utm_campaign=imageinfo&utm_content=thumbnail,3569,2336,user:Dick Bos,CC BY-SA 3.0 nl,Pinus,conifer,Category:CC-BY-SA-3.0-NL|Category:Pinus sylvestris in snow|Category:Pinus sylvestris in the Netherlands|Category:Soester Duinen|Category:Solitary Pinus sylvestris|Category:Taken with Olympus E-410
69,00069.jpg,File:20140118Juglans regia1.jpg,https://commons.wikimedia.org/wiki/File:20140118Juglans_regia1.jpg,https://thumb.wikimedia.org/wikipedia/commons/thumb/d/d2/20140118Juglans_regia1.jpg/1280px-20140118Juglans_regia1.jpg?utm_source=commons.wikimedia.org&utm_campaign=imageinfo&utm_content=thumbnail,3648,2736,AnRo0002,CC0,Juglans,broadleaf,Category:Altlußheim photographs taken on 2014-01-18|Category:Bare trees in Altlußheim|Category:CC-Zero|Category:January 2014 in agriculture in Altlußheim|Category:Juglandaceae in January|Category:Juglans regia in Altlußheim|Category:Self-published work|Category:Solitary Juglans regia|Category:Taken with Canon Digital IXUS 510 HS|Category:Trees in Altlußheim in January
70,00070.jpg,File:20140118Juglans regia2.jpg,https://commons.wikimedia.org/wiki/File:20140118Juglans_regia2.jpg,https://thumb.wikimedia.org/wikipedia/commons/thumb/7/7b/20140118Juglans_regia2.jpg/1280px-20140118Juglans_regia2.jpg?utm_source=commons.wikimedia.org&utm_campaign=imageinfo&utm_content=thumbnail,3648,2736,AnRo0002,CC0,Juglans,broadleaf,Category:Altlußheim photographs taken on 2014-01-18|Category:Bare trees in Altlußheim|Category:CC-Zero|Category:January 2014 in agriculture in Altlußheim|Category:Juglandaceae in January|Category:Juglans regia in Altlußheim|Category:Self-published work|Category:Solitary Juglans regia|Category:Taken with Canon Digital IXUS 510 HS|Category:Trees in Altlußheim in January
71,00071.jpg,File:20140212Juglans regia Walldorf1.jpg,https://commons.wikimedia.org/wiki/File:20140212Juglans_regia_Walldorf1.jpg,https://thumb.wikimedia.org/wikipedia/commons/thumb/5/52/20140212Juglans_regia_Walldorf1.jpg/1280px-20140212Juglans_regia_Walldorf1.jpg?utm_source=commons.wikimedia.org&utm_campaign=imageinfo&utm_content=thumbnail,3648,2736,AnRo0002,CC0,Juglans,broadleaf,Category:Bare trees in Walldorf (Baden)|Category:CC-Zero|Category:February 2014 in agriculture in Walldorf (Baden)|Category:Juglandaceae in February|Category:Juglans regia in Walldorf (Baden)|Category:Self-published work|Category:Solitary Juglans regia|Category:Trees in Walldorf (Baden) in February|Category:Walldorf (Baden) photographs taken on 2014-02-12
72,00072.jpg,File:20140212Juglans regia Walldorf2.jpg,https://commons.wikimedia.org/wiki/File:20140212Juglans_regia_Walldorf2.jpg,https://thumb.wikimedia.org/wikipedia/commons/thumb/4/45/20140212Juglans_regia_Walldorf2.jpg/1280px-20140212Juglans_regia_Walldorf2.jpg?utm_source=commons.wikimedia.org&utm_campaign=imageinfo&utm_content=thumbnail,2736,3648,AnRo0002,CC0,Juglans,broadleaf,Category:Bare trees in Walldorf (Baden)|Category:CC-Zero|Category:February 2014 in agriculture in Walldorf (Baden)|Category:Juglandaceae in February|Category:Juglans regia in Walldorf (Baden)|Category:Self-published work|Category:Solitary Juglans regia|Category:Trees in Walldorf (Baden) in February|Category:Walldorf (Baden) photographs taken on 2014-02-12
73,00073.jpg,File:20140517Juglans regia.jpg,https://commons.wikimedia.org/wiki/File:20140517Juglans_regia.jpg,https://thumb.wikimedia.org/wikipedia/commons/thumb/f/f3/20140517Juglans_regia.jpg/1280px-20140517Juglans_regia.jpg?utm_source=commons.wikimedia.org&utm_campaign=imageinfo&utm_content=thumbnail,3648,2736,AnRo0002,CC0,Juglans,broadleaf,Category:CC-Zero|Category:Fagales in Reilingen in May|Category:Juglandaceae in May|Category:Juglans regia in Reilingen|Category:Self-published work|Category:Solitary Juglans regia|Category:Taken with Canon Digital IXUS 510 HS|Category:Trees in Reilingen in May|Category:Trees in spring 2014 in Reilingen
74,00074.jpg,File:20140612Juglans regia.jpg,https://commons.wikimedia.org/wiki/File:20140612Juglans_regia.jpg,https://thumb.wikimedia.org/wikipedia/commons/thumb/8/82/20140612Juglans_regia.jpg/1280px-20140612Juglans_regia.jpg?utm_source=commons.wikimedia.org&utm_campaign=imageinfo&utm_content=thumbnail,3648,2736,AnRo0002,CC0,Juglans,broadleaf,"Category:CC-Zero|Category:Images from Wiki Loves Earth 2014|Category:Images from Wiki Loves Earth 2014 in Germany|Category:Images from Wiki Loves Earth 2014, DE-BW|Category:Images from Wiki Loves Earth missing SDC depicts|Category:Images from Wiki Loves Earth missing SDC location of creation|Category:Juglandaceae in June|Category:Juglans regia in Hockenheimer Rheinbogen|Category:June 2014 in agriculture in Hockenheimer Rheinbogen|Category:Rhein-Neckar-Kreis photographs taken on 2014-06-12|Category:Self-published work|Category:Solitary Juglans regia|Category:Taken with Canon Digital IXUS 510 HS|Category:Trees in Hockenheimer Rheinbogen in June"
75,00075.jpg,File:20141017Kali tragus1.jpg,https://commons.wikimedia.org/wiki/File:20141017Kali_tragus1.jpg,https://thumb.wikimedia.org/wikipedia/commons/thumb/4/40/20141017Kali_tragus1.jpg/1280px-20141017Kali_tragus1.jpg?utm_source=commons.wikimedia.org&utm_campaign=imageinfo&utm_content=thumbnail,2250,3000,AnRo0002,CC0,Pinus,conifer,Category:CC-Zero|Category:Caryophyllales in Naturschutzgebiet Hirschacker und Dossenwald|Category:Caryophyllales in Schwetzingen in October|Category:Dried Salsola tragus|Category:Pinales in Naturschutzgebiet Hirschacker und Dossenwald|Category:Pinales in Schwetzingen in October|Category:Pinus sylvestris in Schwetzingen|Category:Pinus sylvestris in the Northern Hemisphere in October|Category:Salsoloideae in Schwetzingen|Category:Salsoloideae in the Northern Hemisphere in October|Category:Schwetzingen photographs taken on 2014-10-17|Category:Self-published work|Category:Solitary Pinus sylvestris|Category:Taken with Canon Digital IXUS 510 HS
76,00076.jpg,File:20141019Juglans regia.jpg,https://commons.wikimedia.org/wiki/File:20141019Juglans_regia.jpg,https://thumb.wikimedia.org/wikipedia/commons/thumb/9/96/20141019Juglans_regia.jpg/1280px-20141019Juglans_regia.jpg?utm_source=commons.wikimedia.org&utm_campaign=imageinfo&utm_content=thumbnail,2000,1500,AnRo0002,CC0,Juglans,broadleaf,Category:CC-Zero|Category:Fagales in Hockenheim in October|Category:Hockenheim photographs taken on 2014-10-19|Category:Juglandaceae in October|Category:Juglans regia in Hockenheim|Category:October 2014 in agriculture in Hockenheim|Category:Self-published work|Category:Solitary Juglans regia|Category:Taken with Canon PowerShot A1400
77,00077.jpg,File:20141101Juglans regia3.jpg,https://commons.wikimedia.org/wiki/File:20141101Juglans_regia3.jpg,https://thumb.wikimedia.org/wikipedia/commons/thumb/1/1e/20141101Juglans_regia3.jpg/1280px-20141101Juglans_regia3.jpg?utm_source=commons.wikimedia.org&utm_campaign=imageinfo&utm_content=thumbnail,1500,2000,AnRo0002,CC0,Juglans,broadleaf,Category:Autumn 2014 in Hockenheim|Category:Bare trees in Hockenheim|Category:CC-Zero|Category:Fagales in Hockenheim in November|Category:Hockenheim photographs taken on 2014-11-01|Category:Juglandaceae in November|Category:Juglans regia in Hockenheim|Category:Juglans regia in autumn|Category:November 2014 in agriculture in Hockenheim|Category:Self-published work|Category:Solitary Juglans regia|Category:Taken with Canon PowerShot A1400
78,00078.jpg,File:20150316Alnus glutinosa.jpg,https://commons.wikimedia.org/wiki/File:20150316Alnus_glutinosa.jpg,https://thumb.wikimedia.org/wikipedia/commons/thumb/3/3d/20150316Alnus_glutinosa.jpg/1280px-20150316Alnus_glutinosa.jpg?utm_source=commons.wikimedia.org&utm_campaign=imageinfo&utm_content=thumbnail,3000,2250,AnRo0002,CC0,Alnus,broadleaf,Category:Alnus glutinosa in Hockenheimer Rheinbogen|Category:Alnus glutinosa in winter|Category:Alnus in the Northern Hemisphere in March 2015|Category:CC-Zero|Category:Fagales in Hockenheimer Rheinbogen in March 2015|Category:Rhein-Neckar-Kreis photographs taken on 2015-03-16|Category:Self-published work|Category:Solitary Alnus glutinosa
79,00079.jpg,File:20150316Populus x canadensis.jpg,https://commons.wikimedia.org/wiki/File:20150316Populus_x_canadensis.jpg,https://thumb.wikimedia.org/wikipedia/commons/thumb/a/a2/20150316Populus_x_canadensis.jpg/1280px-20150316Populus_x_canadensis.jpg?utm_source=commons.wikimedia.org&utm_campaign=imageinfo&utm_content=thumbnail,3000,2250,AnRo0002,CC0,Populus,broadleaf,Category:CC-Zero|Category:Hockenheim photographs taken on 2015-03-16|Category:Populus in Hockenheimer Rheinbogen in March 2015|Category:Populus x canadensis in Hockenheimer Rheinbogen|Category:Populus x canadensis in March|Category:Self-published work|Category:Solitary Populus × canadensis
80,00080.jpg,File:20150519Populus alba1.jpg,https://commons.wikimedia.org/wiki/File:20150519Populus_alba1.jpg,https://thumb.wikimedia.org/wikipedia/commons/thumb/8/80/20150519Populus_alba1.jpg/1280px-20150519Populus_alba1.jpg?utm_source=commons.wikimedia.org&utm_campaign=imageinfo&utm_content=thumbnail,3000,2250,AnRo0002,CC0,Populus,broadleaf,"Category:CC-Zero|Category:Hockenheim photographs taken on 2015-05-19|Category:Images from Wiki Loves Earth 2015|Category:Images from Wiki Loves Earth 2015 in Germany|Category:Images from Wiki Loves Earth 2015, DE-BW|Category:Images from Wiki Loves Earth missing SDC creator|Category:Images from Wiki Loves Earth missing SDC depicts|Category:Images from Wiki Loves Earth missing SDC location of creation|Category:Malpighiales in Hockenheimer Rheinbogen in May 2015|Category:Populus alba in Hockenheimer Rheinbogen|Category:Populus alba in May|Category:Populus in Hockenheimer Rheinbogen in May|Category:Populus in Naturschutzgebiet Bachwiesen/Leopoldswiesen (Hockenheim)|Category:Self-published work|Category:Solitary Populus alba|Category:Specimen missing SDC depicts"
81,00081.jpg,File:20150519Populus alba2.jpg,https://commons.wikimedia.org/wiki/File:20150519Populus_alba2.jpg,https://thumb.wikimedia.org/wikipedia/commons/thumb/b/b0/20150519Populus_alba2.jpg/1280px-20150519Populus_alba2.jpg?utm_source=commons.wikimedia.org&utm_campaign=imageinfo&utm_content=thumbnail,3000,2250,AnRo0002,CC0,Populus,broadleaf,"Category:CC-Zero|Category:Hockenheim photographs taken on 2015-05-19|Category:Images from Wiki Loves Earth 2015|Category:Images from Wiki Loves Earth 2015 in Germany|Category:Images from Wiki Loves Earth 2015, DE-BW|Category:Images from Wiki Loves Earth missing SDC creator|Category:Images from Wiki Loves Earth missing SDC depicts|Category:Images from Wiki Loves Earth missing SDC location of creation|Category:Malpighiales in Hockenheimer Rheinbogen in May 2015|Category:Populus alba in Hockenheimer Rheinbogen|Category:Populus alba in May|Category:Populus in Hockenheimer Rheinbogen in May|Category:Populus in Naturschutzgebiet Bachwiesen/Leopoldswiesen (Hockenheim)|Category:Self-published work|Category:Solitary Populus alba|Category:Specimen missing SDC depicts"
82,00082.jpg,File:20150627Gewann Frankreich-Wiesental1.jpg,https://commons.wikimedia.org/wiki/File:20150627Gewann_Frankreich-Wiesental1.jpg,https://thumb.wikimedia.org/wikipedia/commons/thumb/6/62/20150627Gewann_Frankreich-Wiesental1.jpg/1280px-20150627Gewann_Frankreich-Wiesental1.jpg?utm_source=commons.wikimedia.org&utm_campaign=imageinfo&utm_content=thumbnail,3648,2736,AnRo0002,CC0,Pinus,conifer,"Category:CC-Zero|Category:Files with coordinates missing SDC location of creation (49° N, 8° E)|Category:Naturschutzgebiet Gewann Frankreich-Wiesental|Category:Pinales in Baden-Württemberg in June 2015|Category:Pinus sylvestris in Landkreis Karlsruhe|Category:Pinus sylvestris in the Northern Hemisphere in June 2015|Category:Self-published work|Category:Solitary Pinus sylvestris|Category:Trees in Landkreis Karlsruhe in June|Category:Trees in Waghäusel|Category:Waghäusel photographs taken on 2015-06-27"
83,00083.jpg,File:20150627Gewann Frankreich-Wiesental2.jpg,https://commons.wikimedia.org/wiki/File:20150627Gewann_Frankreich-Wiesental2.jpg,https://thumb.wikimedia.org/wikipedia/commons/thumb/a/a9/20150627Gewann_Frankreich-Wiesental2.jpg/1280px-20150627Gewann_Frankreich-Wiesental2.jpg?utm_source=commons.wikimedia.org&utm_campaign=imageinfo&utm_content=thumbnail,3000,2250,AnRo0002,CC0,Pinus,conifer,"Category:CC-Zero|Category:Files with coordinates missing SDC location of creation (49° N, 8° E)|Category:Naturschutzgebiet Gewann Frankreich-Wiesental|Category:Pinales in Baden-Württemberg in June 2015|Category:Pinus sylvestris in Landkreis Karlsruhe|Category:Pinus sylvestris in the Northern Hemisphere in June 2015|Category:Self-published work|Category:Solitary Pinus sylvestris|Category:Trees in Landkreis Karlsruhe in June|Category:Trees in Waghäusel|Category:Waghäusel photographs taken on 2015-06-27"
84,00084.jpg,File:20150627Gewann Frankreich-Wiesental4.jpg,https://commons.wikimedia.org/wiki/File:20150627Gewann_Frankreich-Wiesental4.jpg,https://thumb.wikimedia.org/wikipedia/commons/thumb/6/64/20150627Gewann_Frankreich-Wiesental4.jpg/1280px-20150627Gewann_Frankreich-Wiesental4.jpg?utm_source=commons.wikimedia.org&utm_campaign=imageinfo&utm_content=thumbnail,3000,2250,AnRo0002,CC0,Pinus,conifer,"Category:CC-Zero|Category:Files with coordinates missing SDC location of creation (49° N, 8° E)|Category:Naturschutzgebiet Gewann Frankreich-Wiesental|Category:Pinales in Baden-Württemberg in June 2015|Category:Pinus sylvestris in Landkreis Karlsruhe|Category:Pinus sylvestris in the Northern Hemisphere in June 2015|Category:Self-published work|Category:Solitary Pinus sylvestris|Category:Trees in Landkreis Karlsruhe in June|Category:Trees in Waghäusel|Category:Waghäusel photographs taken on 2015-06-27"
85,00085.jpg,File:20150628Gewann Frankreich-Wiesental1.jpg,https://commons.wikimedia.org/wiki/File:20150628Gewann_Frankreich-Wiesental1.jpg,https://thumb.wikimedia.org/wikipedia/commons/thumb/9/9f/20150628Gewann_Frankreich-Wiesental1.jpg/1280px-20150628Gewann_Frankreich-Wiesental1.jpg?utm_source=commons.wikimedia.org&utm_campaign=imageinfo&utm_content=thumbnail,3000,2250,AnRo0002,CC0,Pinus,conifer,"Category:CC-Zero|Category:Files with coordinates missing SDC location of creation (49° N, 8° E)|Category:Naturschutzgebiet Gewann Frankreich-Wiesental|Category:Pinales in Baden-Württemberg in June 2015|Category:Pinus sylvestris in Landkreis Karlsruhe|Category:Pinus sylvestris in the Northern Hemisphere in June 2015|Category:Self-published work|Category:Solitary Pinus sylvestris|Category:Trees in Landkreis Karlsruhe in June|Category:Trees in Waghäusel|Category:Waghäusel photographs taken on 2015-06-28"
86,00086.jpg,File:20150722Juglans regia1.jpg,https://commons.wikimedia.org/wiki/File:20150722Juglans_regia1.jpg,https://thumb.wikimedia.org/wikipedia/commons/thumb/0/02/20150722Juglans_regia1.jpg/1280px-20150722Juglans_regia1.jpg?utm_source=commons.wikimedia.org&utm_campaign=imageinfo&utm_content=thumbnail,3000,2250,AnRo0002,CC0,Juglans,broadleaf,"Category:CC-Zero|Category:Files with coordinates missing SDC location of creation (50° N, 8° E)|Category:Juglandaceae in July|Category:Juglans regia in Hesse|Category:Self-published work|Category:Solitary Juglans regia|Category:Specimen missing SDC depicts|Category:Trees in Hesse in July|Category:Trees in Wiesbaden|Category:Vineyards of Mainz-Kostheim|Category:Vineyards of Rheingau in July|Category:Wiesbaden photographs taken on 2015-07-22"
87,00087.jpg,File:20150723Juglans regia1.jpg,https://commons.wikimedia.org/wiki/File:20150723Juglans_regia1.jpg,https://thumb.wikimedia.org/wikipedia/commons/thumb/e/e1/20150723Juglans_regia1.jpg/1280px-20150723Juglans_regia1.jpg?utm_source=commons.wikimedia.org&utm_campaign=imageinfo&utm_content=thumbnail,3000,2250,AnRo0002,CC0,Juglans,broadleaf,"Category:Ancient Roman sites in Wiesbaden|Category:CC-Zero|Category:Elisabethenstraße (Rhein-Main)|Category:Files with coordinates missing SDC location of creation (50° N, 8° E)|Category:Juglandaceae in July|Category:Juglans regia in Hesse|Category:Municipal roads in Hesse|Category:Self-published work|Category:Solitary Juglans regia|Category:Specimen missing SDC depicts|Category:Trees in Hesse in July|Category:Trees in Wiesbaden|Category:Wiesbaden photographs taken on 2015-07-23"
88,00088.jpg,File:20150731Pinus sylvestris1.jpg,https://commons.wikimedia.org/wiki/File:20150731Pinus_sylvestris1.jpg,https://thumb.wikimedia.org/wikipedia/commons/thumb/2/2b/20150731Pinus_sylvestris1.jpg/1280px-20150731Pinus_sylvestris1.jpg?utm_source=commons.wikimedia.org&utm_campaign=imageinfo&utm_content=thumbnail,3000,2250,AnRo0002,CC0,Pinus,conifer,"Category:CC-Zero|Category:Files with coordinates missing SDC location of creation (49° N, 8° E)|Category:Friedenshöhe (Oftersheim)|Category:Oftersheim photographs taken on 2015-07-31|Category:Pinales in Oftersheim in July|Category:Pinus sylvestris in Oftersheimer Dünen|Category:Self-published work|Category:Solitary Pinus sylvestris|Category:Specimen missing SDC depicts"
89,00089.jpg,File:20150731Pinus sylvestris2.jpg,https://commons.wikimedia.org/wiki/File:20150731Pinus_sylvestris2.jpg,https://thumb.wikimedia.org/wikipedia/commons/thumb/2/25/20150731Pinus_sylvestris2.jpg/1280px-20150731Pinus_sylvestris2.jpg?utm_source=commons.wikimedia.org&utm_campaign=imageinfo&utm_content=thumbnail,3000,2250,AnRo0002,CC0,Pinus,conifer,"Category:CC-Zero|Category:Files with coordinates missing SDC location of creation (49° N, 8° E)|Category:Friedenshöhe (Oftersheim)|Category:Oftersheim photographs taken on 2015-07-31|Category:Pinales in Oftersheim in July|Category:Pinus sylvestris in Oftersheimer Dünen|Category:Self-published work|Category:Solitary Pinus sylvestris|Category:Specimen missing SDC depicts"
90,00090.jpg,File:20150827Populus alba.jpg,https://commons.wikimedia.org/wiki/File:20150827Populus_alba.jpg,https://thumb.wikimedia.org/wikipedia/commons/thumb/b/b8/20150827Populus_alba.jpg/1280px-20150827Populus_alba.jpg?utm_source=commons.wikimedia.org&utm_campaign=imageinfo&utm_content=thumbnail,2500,1875,AnRo0002,CC0,Populus,broadleaf,"Category:CC-Zero|Category:Files with coordinates missing SDC location of creation (49° N, 8° E)|Category:Hockenheim photographs taken on 2015-08-27|Category:Populus alba in August|Category:Populus alba in Hockenheimer Rheinbogen|Category:Populus in Hockenheimer Rheinbogen in August 2015|Category:Populus in Naturschutzgebiet Bachwiesen/Leopoldswiesen (Hockenheim)|Category:Self-published work|Category:Solitary Populus alba|Category:Specimen missing SDC depicts"
91,00091.jpg,File:20150830Juglans regia.jpg,https://commons.wikimedia.org/wiki/File:20150830Juglans_regia.jpg,https://thumb.wikimedia.org/wikipedia/commons/thumb/c/c0/20150830Juglans_regia.jpg/1280px-20150830Juglans_regia.jpg?utm_source=commons.wikimedia.org&utm_campaign=imageinfo&utm_content=thumbnail,2500,1875,AnRo0002,CC0,Juglans,broadleaf,"Category:August 2015 in agriculture in Hockenheimer Rheinbogen|Category:CC-Zero|Category:Files with coordinates missing SDC location of creation (49° N, 8° E)|Category:Juglandaceae in August|Category:Juglans regia in Hockenheimer Rheinbogen|Category:Rhein-Neckar-Kreis photographs taken on 2015-08-30|Category:Self-published work|Category:Solitary Juglans regia|Category:Specimen missing SDC depicts|Category:Trees in Hockenheimer Rheinbogen in August|Category:Trees in Naturschutzgebiet Karl-Ludwig-See"
92,00092.jpg,File:20151003Pinus sylvestris1.jpg,https://commons.wikimedia.org/wiki/File:20151003Pinus_sylvestris1.jpg,https://thumb.wikimedia.org/wikipedia/commons/thumb/f/f1/20151003Pinus_sylvestris1.jpg/1280px-20151003Pinus_sylvestris1.jpg?utm_source=commons.wikimedia.org&utm_campaign=imageinfo&utm_content=thumbnail,3000,2250,AnRo0002,CC0,Pinus,conifer,"Category:CC-Zero|Category:Files with coordinates missing SDC location of creation (49° N, 8° E)|Category:Friedenshöhe (Oftersheim)|Category:Oftersheim photographs taken on 2015-10-03|Category:Pinales in Oftersheim in October|Category:Pinus sylvestris in Oftersheimer Dünen|Category:Self-published work|Category:Solitary Pinus sylvestris|Category:Specimen missing SDC depicts"
93,00093.jpg,File:20151024Pinus sylvestris Acer.jpg,https://commons.wikimedia.org/wiki/File:20151024Pinus_sylvestris_Acer.jpg,https://thumb.wikimedia.org/wikipedia/commons/thumb/a/ac/20151024Pinus_sylvestris_Acer.jpg/1280px-20151024Pinus_sylvestris_Acer.jpg?utm_source=commons.wikimedia.org&utm_campaign=imageinfo&utm_content=thumbnail,2500,1875,AnRo0002,CC0,Acer,broadleaf,"Category:Acer in Oftersheim|Category:Acer in Oftersheim in October|Category:Acer in Rhein-Neckar-Kreis in October 2015|Category:Acer platanoides in autumn 2015|Category:Acer platanoides in the Northern Hemisphere in October 2015|Category:CC-Zero|Category:Files with coordinates missing SDC location of creation (49° N, 8° E)|Category:Friedenshöhe (Oftersheim)|Category:Oftersheim photographs taken on 2015-10-24|Category:Pinales in Oftersheim in October|Category:Pinales in Rhein-Neckar-Kreis in October 2015|Category:Pinus sylvestris in Oftersheimer Dünen|Category:Self-published work|Category:Solitary Pinus sylvestris|Category:Specimen missing SDC depicts|Category:Trees in autumn 2015 in Oftersheim"
94,00094.jpg,File:20151024Pinus sylvestris.jpg,https://commons.wikimedia.org/wiki/File:20151024Pinus_sylvestris.jpg,https://thumb.wikimedia.org/wikipedia/commons/thumb/f/fc/20151024Pinus_sylvestris.jpg/1280px-20151024Pinus_sylvestris.jpg?utm_source=commons.wikimedia.org&utm_campaign=imageinfo&utm_content=thumbnail,2500,1875,AnRo0002,CC0,Pinus,conifer,"Category:CC-Zero|Category:Files with coordinates missing SDC location of creation (49° N, 8° E)|Category:Friedenshöhe (Oftersheim)|Category:Oftersheim photographs taken on 2015-10-24|Category:Pinales in Oftersheim in October|Category:Pinus sylvestris in Oftersheimer Dünen|Category:Self-published work|Category:Solitary Pinus sylvestris|Category:Specimen missing SDC depicts"
95,00095.jpg,File:20151225Juglans regia1.jpg,https://commons.wikimedia.org/wiki/File:20151225Juglans_regia1.jpg,https://thumb.wikimedia.org/wikipedia/commons/thumb/f/f3/20151225Juglans_regia1.jpg/1280px-20151225Juglans_regia1.jpg?utm_source=commons.wikimedia.org&utm_campaign=imageinfo&utm_content=thumbnail,2500,1875,AnRo0002,CC0,Juglans,broadleaf,"Category:Bare trees in Hockenheim|Category:CC-Zero|Category:December 2015 in agriculture in Hockenheim|Category:Fagales in Hockenheim in December|Category:Files with coordinates missing SDC location of creation (49° N, 8° E)|Category:Hockenheim photographs taken on 2015-12-25|Category:Juglandaceae in December|Category:Juglans regia in Hockenheim|Category:Self-published work|Category:Solitary Juglans regia|Category:Specimen missing SDC depicts"
96,00096.jpg,File:20151225Juglans regia2.jpg,https://commons.wikimedia.org/wiki/File:20151225Juglans_regia2.jpg,https://thumb.wikimedia.org/wikipedia/commons/thumb/4/44/20151225Juglans_regia2.jpg/1280px-20151225Juglans_regia2.jpg?utm_source=commons.wikimedia.org&utm_campaign=imageinfo&utm_content=thumbnail,2500,1875,AnRo0002,CC0,Juglans,broadleaf,"Category:Bare trees in Hockenheim|Category:CC-Zero|Category:December 2015 in agriculture in Hockenheim|Category:Fagales in Hockenheim in December|Category:Files with coordinates missing SDC location of creation (49° N, 8° E)|Category:Hockenheim photographs taken on 2015-12-25|Category:Juglandaceae in December|Category:Juglans regia in Hockenheim|Category:Self-published work|Category:Solitary Juglans regia|Category:Specimen missing SDC depicts"
97,00097.jpg,File:20160407Betula pendula1.jpg,https://commons.wikimedia.org/wiki/File:20160407Betula_pendula1.jpg,https://thumb.wikimedia.org/wikipedia/commons/thumb/0/0c/20160407Betula_pendula1.jpg/1280px-20160407Betula_pendula1.jpg?utm_source=commons.wikimedia.org&utm_campaign=imageinfo&utm_content=thumbnail,1875,2500,AnRo0002,CC0,Betula,broadleaf,"Category:Betula in April|Category:Betula pendula in Reilingen|Category:Betula pendula in spring|Category:CC-Zero|Category:Fagales in Reilingen in April 2016|Category:Files with coordinates missing SDC location of creation (49° N, 8° E)|Category:Reilingen photographs taken on 2016-04-07|Category:Self-published work|Category:Solitary Betula pendula|Category:Specimen missing SDC depicts|Category:Trees in spring 2016 in Reilingen"
98,00098.jpg,File:20160503Quercus robur.jpg,https://commons.wikimedia.org/wiki/File:20160503Quercus_robur.jpg,https://thumb.wikimedia.org/wikipedia/commons/thumb/3/30/20160503Quercus_robur.jpg/1280px-20160503Quercus_robur.jpg?utm_source=commons.wikimedia.org&utm_campaign=imageinfo&utm_content=thumbnail,2500,1875,AnRo0002,CC0,Quercus,broadleaf,"Category:CC-Zero|Category:Files with coordinates missing SDC location of creation (49° N, 8° E)|Category:Hockenheim photographs taken on 2016-05-03|Category:Images from Wiki Loves Earth 2016|Category:Images from Wiki Loves Earth 2016 in Germany|Category:Images from Wiki Loves Earth 2016, DE-BW|Category:Images from Wiki Loves Earth missing SDC creator|Category:Images from Wiki Loves Earth missing SDC depicts|Category:Images from Wiki Loves Earth missing SDC location of creation|Category:Quercus in Hockenheimer Rheinbogen in May 2016|Category:Quercus robur in Hockenheimer Rheinbogen|Category:Quercus robur in spring|Category:Quercus robur in the Northern Hemisphere in May 2016|Category:Self-published work|Category:Solitary Quercus robur|Category:Specimen missing SDC depicts|Category:Trees in spring 2016 in Hockenheimer Rheinbogen"
99,00099.jpg,File:20160516Populus alba.jpg,https://commons.wikimedia.org/wiki/File:20160516Populus_alba.jpg,https://thumb.wikimedia.org/wikipedia/commons/thumb/1/1b/20160516Populus_alba.jpg/1280px-20160516Populus_alba.jpg?utm_source=commons.wikimedia.org&utm_campaign=imageinfo&utm_content=thumbnail,2500,1875,AnRo0002,CC0,Populus,broadleaf,"Category:CC-Zero|Category:Files with coordinates missing SDC location of creation (49° N, 8° E)|Category:Hockenheim photographs taken on 2016-05-16|Category:Images from Wiki Loves Earth 2016|Category:Images from Wiki Loves Earth 2016 in Germany|Category:Images from Wiki Loves Earth 2016, DE-BW|Category:Images from Wiki Loves Earth missing SDC creator|Category:Images from Wiki Loves Earth missing SDC depicts|Category:Images from Wiki Loves Earth missing SDC location of creation|Category:Malpighiales in Hockenheimer Rheinbogen in May 2016|Category:Populus alba in Hockenheimer Rheinbogen|Category:Populus alba in May|Category:Populus in Hockenheimer Rheinbogen in May|Category:Populus in Naturschutzgebiet Bachwiesen/Leopoldswiesen (Hockenheim)|Category:Self-published work|Category:Solitary Populus alba|Category:Specimen missing SDC depicts"
100,00100.jpg,File:20160813Juglans regia3.jpg,https://commons.wikimedia.org/wiki/File:20160813Juglans_regia3.jpg,https://thumb.wikimedia.org/wikipedia/commons/thumb/9/94/20160813Juglans_regia3.jpg/1280px-20160813Juglans_regia3.jpg?utm_source=commons.wikimedia.org&utm_campaign=imageinfo&utm_content=thumbnail,3000,2250,AnRo0002,CC0,Juglans,broadleaf,"Category:August 2016 in agriculture in Hockenheim|Category:CC-Zero|Category:Fagales in Hockenheim in August|Category:Files with coordinates missing SDC location of creation (49° N, 8° E)|Category:Hockenheim photographs taken on 2016-08-13|Category:Juglandaceae in August|Category:Juglans regia in Hockenheim|Category:Self-published work|Category:Solitary Juglans regia|Category:Specimen missing SDC depicts"
101,00101.jpg,File:20160816Alnus glutinosa1.jpg,https://commons.wikimedia.org/wiki/File:20160816Alnus_glutinosa1.jpg,https://thumb.wikimedia.org/wikipedia/commons/thumb/3/37/20160816Alnus_glutinosa1.jpg/1280px-20160816Alnus_glutinosa1.jpg?utm_source=commons.wikimedia.org&utm_campaign=imageinfo&utm_content=thumbnail,2500,1875,AnRo0002,CC0,Alnus,broadleaf,"Category:Alnus glutinosa in Reilingen|Category:Alnus glutinosa in summer|Category:Alnus in August|Category:CC-Zero|Category:Fagales in Reilingen in August|Category:Files with coordinates missing SDC location of creation (49° N, 8° E)|Category:Reilingen photographs taken on 2016-08-16|Category:Self-published work|Category:Solitary Alnus glutinosa|Category:Specimen missing SDC depicts"
102,00102.jpg,File:20160816Alnus glutinosa2.jpg,https://commons.wikimedia.org/wiki/File:20160816Alnus_glutinosa2.jpg,https://thumb.wikimedia.org/wikipedia/commons/thumb/e/ec/20160816Alnus_glutinosa2.jpg/1280px-20160816Alnus_glutinosa2.jpg?utm_source=commons.wikimedia.org&utm_campaign=imageinfo&utm_content=thumbnail,2500,1875,AnRo0002,CC0,Alnus,broadleaf,"Category:Alnus glutinosa in Reilingen|Category:Alnus glutinosa in summer|Category:Alnus in August|Category:CC-Zero|Category:Fagales in Reilingen in August|Category:Files with coordinates missing SDC location of creation (49° N, 8° E)|Category:Reilingen photographs taken on 2016-08-16|Category:Self-published work|Category:Solitary Alnus glutinosa|Category:Specimen missing SDC depicts"
103,00103.jpg,File:20160816Betula pendula1.jpg,https://commons.wikimedia.org/wiki/File:20160816Betula_pendula1.jpg,https://thumb.wikimedia.org/wikipedia/commons/thumb/4/4b/20160816Betula_pendula1.jpg/1280px-20160816Betula_pendula1.jpg?utm_source=commons.wikimedia.org&utm_campaign=imageinfo&utm_content=thumbnail,1875,2500,AnRo0002,CC0,Betula,broadleaf,"Category:Betula in August|Category:Betula pendula in Reilingen|Category:CC-Zero|Category:Fagales in Reilingen in August|Category:Files with coordinates missing SDC location of creation (49° N, 8° E)|Category:Reilingen photographs taken on 2016-08-16|Category:Self-published work|Category:Solitary Betula pendula|Category:Specimen missing SDC depicts"
104,00104.jpg,File:20160816Betula pendula2.jpg,https://commons.wikimedia.org/wiki/File:20160816Betula_pendula2.jpg,https://thumb.wikimedia.org/wikipedia/commons/thumb/4/43/20160816Betula_pendula2.jpg/1280px-20160816Betula_pendula2.jpg?utm_source=commons.wikimedia.org&utm_campaign=imageinfo&utm_content=thumbnail,1875,2500,AnRo0002,CC0,Betula,broadleaf,"Category:Betula in August|Category:Betula pendula in Reilingen|Category:CC-Zero|Category:Fagales in Reilingen in August|Category:Files with coordinates missing SDC location of creation (49° N, 8° E)|Category:Reilingen photographs taken on 2016-08-16|Category:Self-published work|Category:Solitary Betula pendula|Category:Specimen missing SDC depicts"
105,00105.jpg,File:20160816Populus x canadensis1.jpg,https://commons.wikimedia.org/wiki/File:20160816Populus_x_canadensis1.jpg,https://thumb.wikimedia.org/wikipedia/commons/thumb/0/0a/20160816Populus_x_canadensis1.jpg/1280px-20160816Populus_x_canadensis1.jpg?utm_source=commons.wikimedia.org&utm_campaign=imageinfo&utm_content=thumbnail,1875,2500,AnRo0002,CC0,Populus,broadleaf,"Category:CC-Zero|Category:Files with coordinates missing SDC location of creation (49° N, 8° E)|Category:Populus in Reilingen in August 2016|Category:Populus x canadensis in August|Category:Populus x canadensis in Reilingen|Category:Reilingen photographs taken on 2016-08-16|Category:Self-published work|Category:Solitary Populus × canadensis|Category:Specimen missing SDC depicts"
106,00106.jpg,File:20160816Populus x canadensis2.jpg,https://commons.wikimedia.org/wiki/File:20160816Populus_x_canadensis2.jpg,https://thumb.wikimedia.org/wikipedia/commons/thumb/b/bb/20160816Populus_x_canadensis2.jpg/1280px-20160816Populus_x_canadensis2.jpg?utm_source=commons.wikimedia.org&utm_campaign=imageinfo&utm_content=thumbnail,1875,2500,AnRo0002,CC0,Populus,broadleaf,"Category:CC-Zero|Category:Files with coordinates missing SDC location of creation (49° N, 8° E)|Category:Populus in Reilingen in August 2016|Category:Populus x canadensis in August|Category:Populus x canadensis in Reilingen|Category:Reilingen photographs taken on 2016-08-16|Category:Self-published work|Category:Solitary Populus × canadensis|Category:Specimen missing SDC depicts"
107,00107.jpg,File:20160917Populus alba1.jpg,https://commons.wikimedia.org/wiki/File:20160917Populus_alba1.jpg,https://thumb.wikimedia.org/wikipedia/commons/thumb/7/7c/20160917Populus_alba1.jpg/1280px-20160917Populus_alba1.jpg?utm_source=commons.wikimedia.org&utm_campaign=imageinfo&utm_content=thumbnail,2500,1875,AnRo0002,CC0,Populus,broadleaf,"Category:Autumn 2016 in Hockenheimer Rheinbogen|Category:CC-Zero|Category:Files with coordinates missing SDC location of creation (49° N, 8° E)|Category:Hockenheim photographs taken on 2016-09-17|Category:Populus alba in Hockenheimer Rheinbogen|Category:Populus alba in September|Category:Populus in Hockenheimer Rheinbogen in September 2016|Category:Populus in Naturschutzgebiet Bachwiesen/Leopoldswiesen (Hockenheim)|Category:Self-published work|Category:Solitary Populus alba|Category:Specimen missing SDC depicts"
108,00108.jpg,File:20160917Populus alba2.jpg,https://commons.wikimedia.org/wiki/File:20160917Populus_alba2.jpg,https://thumb.wikimedia.org/wikipedia/commons/thumb/9/98/20160917Populus_alba2.jpg/1280px-20160917Populus_alba2.jpg?utm_source=commons.wikimedia.org&utm_campaign=imageinfo&utm_content=thumbnail,2500,1875,AnRo0002,CC0,Populus,broadleaf,"Category:Autumn 2016 in Hockenheimer Rheinbogen|Category:CC-Zero|Category:Files with coordinates missing SDC location of creation (49° N, 8° E)|Category:Hockenheim photographs taken on 2016-09-17|Category:Populus alba in Hockenheimer Rheinbogen|Category:Populus alba in September|Category:Populus in Hockenheimer Rheinbogen in September 2016|Category:Populus in Naturschutzgebiet Bachwiesen/Leopoldswiesen (Hockenheim)|Category:Self-published work|Category:Solitary Populus alba|Category:Specimen missing SDC depicts"
109,00109.jpg,File:20160917Populus alba3.jpg,https://commons.wikimedia.org/wiki/File:20160917Populus_alba3.jpg,https://thumb.wikimedia.org/wikipedia/commons/thumb/8/8a/20160917Populus_alba3.jpg/1280px-20160917Populus_alba3.jpg?utm_source=commons.wikimedia.org&utm_campaign=imageinfo&utm_content=thumbnail,1875,2500,AnRo0002,CC0,Populus,broadleaf,"Category:Autumn 2016 in Hockenheimer Rheinbogen|Category:CC-Zero|Category:Files with coordinates missing SDC location of creation (49° N, 8° E)|Category:Hockenheim photographs taken on 2016-09-17|Category:Populus alba in Hockenheimer Rheinbogen|Category:Populus alba in September|Category:Populus in Hockenheimer Rheinbogen in September 2016|Category:Populus in Naturschutzgebiet Bachwiesen/Leopoldswiesen (Hockenheim)|Category:Self-published work|Category:Solitary Populus alba|Category:Specimen missing SDC depicts"
110,00110.jpg,File:20161005Pinus sylvestris1.jpg,https://commons.wikimedia.org/wiki/File:20161005Pinus_sylvestris1.jpg,https://thumb.wikimedia.org/wikipedia/commons/thumb/a/a4/20161005Pinus_sylvestris1.jpg/1280px-20161005Pinus_sylvestris1.jpg?utm_source=commons.wikimedia.org&utm_campaign=imageinfo&utm_content=thumbnail,2500,1875,AnRo0002,CC0,Pinus,conifer,"Category:CC-Zero|Category:Files with coordinates missing SDC location of creation (49° N, 8° E)|Category:Naturschutzgebiet Gewann Frankreich-Wiesental|Category:Pinales in Baden-Württemberg in October|Category:Pinus sylvestris in Landkreis Karlsruhe|Category:Pinus sylvestris in the Northern Hemisphere in October|Category:Self-published work|Category:Solitary Pinus sylvestris|Category:Specimen missing SDC depicts|Category:Trees in Landkreis Karlsruhe in October|Category:Trees in Waghäusel|Category:Waghäusel photographs taken on 2016-10-05"
111,00111.jpg,File:20161005Pinus sylvestris2.jpg,https://commons.wikimedia.org/wiki/File:20161005Pinus_sylvestris2.jpg,https://thumb.wikimedia.org/wikipedia/commons/thumb/4/41/20161005Pinus_sylvestris2.jpg/1280px-20161005Pinus_sylvestris2.jpg?utm_source=commons.wikimedia.org&utm_campaign=imageinfo&utm_content=thumbnail,2500,1875,AnRo0002,CC0,Pinus,conifer,"Category:CC-Zero|Category:Files with coordinates missing SDC location of creation (49° N, 8° E)|Category:Naturschutzgebiet Gewann Frankreich-Wiesental|Category:Pinales in Baden-Württemberg in October|Category:Pinus sylvestris in Landkreis Karlsruhe|Category:Pinus sylvestris in the Northern Hemisphere in October|Category:Self-published work|Category:Solitary Pinus sylvestris|Category:Specimen missing SDC depicts|Category:Trees in Landkreis Karlsruhe in October|Category:Trees in Waghäusel|Category:Waghäusel photographs taken on 2016-10-05"
112,00112.jpg,File:20161005Pinus sylvestris3.jpg,https://commons.wikimedia.org/wiki/File:20161005Pinus_sylvestris3.jpg,https://thumb.wikimedia.org/wikipedia/commons/thumb/7/7e/20161005Pinus_sylvestris3.jpg/1280px-20161005Pinus_sylvestris3.jpg?utm_source=commons.wikimedia.org&utm_campaign=imageinfo&utm_content=thumbnail,2500,1875,AnRo0002,CC0,Pinus,conifer,"Category:CC-Zero|Category:Files with coordinates missing SDC location of creation (49° N, 8° E)|Category:Naturschutzgebiet Gewann Frankreich-Wiesental|Category:Pinales in Baden-Württemberg in October|Category:Pinus sylvestris in Landkreis Karlsruhe|Category:Pinus sylvestris in the Northern Hemisphere in October|Category:Self-published work|Category:Solitary Pinus sylvestris|Category:Specimen missing SDC depicts|Category:Trees in Landkreis Karlsruhe in October|Category:Trees in Waghäusel|Category:Waghäusel photographs taken on 2016-10-05"
113,00113.jpg,File:20161005Pinus sylvestris4.jpg,https://commons.wikimedia.org/wiki/File:20161005Pinus_sylvestris4.jpg,https://thumb.wikimedia.org/wikipedia/commons/thumb/1/19/20161005Pinus_sylvestris4.jpg/1280px-20161005Pinus_sylvestris4.jpg?utm_source=commons.wikimedia.org&utm_campaign=imageinfo&utm_content=thumbnail,2500,1875,AnRo0002,CC0,Pinus,conifer,"Category:CC-Zero|Category:Files with coordinates missing SDC location of creation (49° N, 8° E)|Category:Naturschutzgebiet Gewann Frankreich-Wiesental|Category:Pinales in Baden-Württemberg in October|Category:Pinus sylvestris in Landkreis Karlsruhe|Category:Pinus sylvestris in the Northern Hemisphere in October|Category:Self-published work|Category:Solitary Pinus sylvestris|Category:Specimen missing SDC depicts|Category:Trees in Landkreis Karlsruhe in October|Category:Trees in Waghäusel|Category:Waghäusel photographs taken on 2016-10-05"
114,00114.jpg,File:20161005Pinus sylvestris5.jpg,https://commons.wikimedia.org/wiki/File:20161005Pinus_sylvestris5.jpg,https://thumb.wikimedia.org/wikipedia/commons/thumb/5/56/20161005Pinus_sylvestris5.jpg/1280px-20161005Pinus_sylvestris5.jpg?utm_source=commons.wikimedia.org&utm_campaign=imageinfo&utm_content=thumbnail,2500,1875,AnRo0002,CC0,Pinus,conifer,"Category:CC-Zero|Category:Files with coordinates missing SDC location of creation (49° N, 8° E)|Category:Naturschutzgebiet Gewann Frankreich-Wiesental|Category:Pinales in Baden-Württemberg in October|Category:Pinus sylvestris in Landkreis Karlsruhe|Category:Pinus sylvestris in the Northern Hemisphere in October|Category:Self-published work|Category:Solitary Pinus sylvestris|Category:Specimen missing SDC depicts|Category:Trees in Landkreis Karlsruhe in October|Category:Trees in Waghäusel|Category:Waghäusel photographs taken on 2016-10-05"
115,00115.jpg,File:20161005Pinus sylvestris6.jpg,https://commons.wikimedia.org/wiki/File:20161005Pinus_sylvestris6.jpg,https://thumb.wikimedia.org/wikipedia/commons/thumb/c/c6/20161005Pinus_sylvestris6.jpg/1280px-20161005Pinus_sylvestris6.jpg?utm_source=commons.wikimedia.org&utm_campaign=imageinfo&utm_content=thumbnail,2500,1875,AnRo0002,CC0,Pinus,conifer,"Category:CC-Zero|Category:Files with coordinates missing SDC location of creation (49° N, 8° E)|Category:Naturschutzgebiet Gewann Frankreich-Wiesental|Category:Pinales in Baden-Württemberg in October|Category:Pinus sylvestris in Landkreis Karlsruhe|Category:Pinus sylvestris in the Northern Hemisphere in October|Category:Self-published work|Category:Solitary Pinus sylvestris|Category:Specimen missing SDC depicts|Category:Trees in Landkreis Karlsruhe in October|Category:Trees in Waghäusel|Category:Waghäusel photographs taken on 2016-10-05"
116,00116.jpg,File:20161005Pinus sylvestris7.jpg,https://commons.wikimedia.org/wiki/File:20161005Pinus_sylvestris7.jpg,https://thumb.wikimedia.org/wikipedia/commons/thumb/b/bc/20161005Pinus_sylvestris7.jpg/1280px-20161005Pinus_sylvestris7.jpg?utm_source=commons.wikimedia.org&utm_campaign=imageinfo&utm_content=thumbnail,2500,1875,AnRo0002,CC0,Pinus,conifer,"Category:CC-Zero|Category:Files with coordinates missing SDC location of creation (49° N, 8° E)|Category:Naturschutzgebiet Gewann Frankreich-Wiesental|Category:Pinales in Baden-Württemberg in October|Category:Pinus sylvestris in Landkreis Karlsruhe|Category:Pinus sylvestris in the Northern Hemisphere in October|Category:Self-published work|Category:Solitary Pinus sylvestris|Category:Specimen missing SDC depicts|Category:Trees in Landkreis Karlsruhe in October|Category:Trees in Waghäusel|Category:Waghäusel photographs taken on 2016-10-05"
117,00117.jpg,File:20161005Pinus sylvestris8.jpg,https://commons.wikimedia.org/wiki/File:20161005Pinus_sylvestris8.jpg,https://thumb.wikimedia.org/wikipedia/commons/thumb/6/61/20161005Pinus_sylvestris8.jpg/1280px-20161005Pinus_sylvestris8.jpg?utm_source=commons.wikimedia.org&utm_campaign=imageinfo&utm_content=thumbnail,2500,1875,AnRo0002,CC0,Pinus,conifer,"Category:CC-Zero|Category:Files with coordinates missing SDC location of creation (49° N, 8° E)|Category:Naturschutzgebiet Gewann Frankreich-Wiesental|Category:Pinales in Baden-Württemberg in October|Category:Pinus sylvestris in Landkreis Karlsruhe|Category:Pinus sylvestris in the Northern Hemisphere in October|Category:Self-published work|Category:Solitary Pinus sylvestris|Category:Specimen missing SDC depicts|Category:Trees in Landkreis Karlsruhe in October|Category:Trees in Waghäusel|Category:Waghäusel photographs taken on 2016-10-05"
118,00118.jpg,File:20161005Populus x canadensis1.jpg,https://commons.wikimedia.org/wiki/File:20161005Populus_x_canadensis1.jpg,https://thumb.wikimedia.org/wikipedia/commons/thumb/6/6b/20161005Populus_x_canadensis1.jpg/1280px-20161005Populus_x_canadensis1.jpg?utm_source=commons.wikimedia.org&utm_campaign=imageinfo&utm_content=thumbnail,1875,2500,AnRo0002,CC0,Populus,broadleaf,"Category:Autumn 2016 in Landkreis Karlsruhe|Category:CC-Zero|Category:Files with coordinates missing SDC location of creation (49° N, 8° E)|Category:Malpighiales in Landkreis Karlsruhe in October|Category:Malpighiales in Naturschutzgebiet Gewann Frankreich-Wiesental|Category:Populus in Baden-Württemberg in October|Category:Populus x canadensis in October|Category:Populus × canadensis in Landkreis Karlsruhe|Category:Populus × canadensis in autumn|Category:Self-published work|Category:Solitary Populus × canadensis|Category:Specimen missing SDC depicts|Category:Trees in Landkreis Karlsruhe in October|Category:Trees in Waghäusel|Category:Waghäusel photographs taken on 2016-10-05"
119,00119.jpg,File:20161005Populus x canadensis2.jpg,https://commons.wikimedia.org/wiki/File:20161005Populus_x_canadensis2.jpg,https://thumb.wikimedia.org/wikipedia/commons/thumb/4/48/20161005Populus_x_canadensis2.jpg/1280px-20161005Populus_x_canadensis2.jpg?utm_source=commons.wikimedia.org&utm_campaign=imageinfo&utm_content=thumbnail,1875,2500,AnRo0002,CC0,Populus,broadleaf,"Category:Autumn 2016 in Landkreis Karlsruhe|Category:CC-Zero|Category:Files with coordinates missing SDC location of creation (49° N, 8° E)|Category:Malpighiales in Landkreis Karlsruhe in October|Category:Malpighiales in Naturschutzgebiet Gewann Frankreich-Wiesental|Category:Populus in Baden-Württemberg in October|Category:Populus x canadensis in October|Category:Populus × canadensis in Landkreis Karlsruhe|Category:Populus × canadensis in autumn|Category:Self-published work|Category:Solitary Populus × canadensis|Category:Specimen missing SDC depicts|Category:Trees in Landkreis Karlsruhe in October|Category:Trees in Waghäusel|Category:Waghäusel photographs taken on 2016-10-05"
120,00120.jpg,File:20161005Populus x canadensis3.jpg,https://commons.wikimedia.org/wiki/File:20161005Populus_x_canadensis3.jpg,https://thumb.wikimedia.org/wikipedia/commons/thumb/d/d2/20161005Populus_x_canadensis3.jpg/1280px-20161005Populus_x_canadensis3.jpg?utm_source=commons.wikimedia.org&utm_campaign=imageinfo&utm_content=thumbnail,1875,2500,AnRo0002,CC0,Populus,broadleaf,"Category:Autumn 2016 in Landkreis Karlsruhe|Category:CC-Zero|Category:Files with coordinates missing SDC location of creation (49° N, 8° E)|Category:Malpighiales in Landkreis Karlsruhe in October|Category:Malpighiales in Naturschutzgebiet Gewann Frankreich-Wiesental|Category:Populus in Baden-Württemberg in October|Category:Populus x canadensis in October|Category:Populus × canadensis in Landkreis Karlsruhe|Category:Populus × canadensis in autumn|Category:Self-published work|Category:Solitary Populus × canadensis|Category:Specimen missing SDC depicts|Category:Trees in Landkreis Karlsruhe in October|Category:Trees in Waghäusel|Category:Waghäusel photographs taken on 2016-10-05"
121,00121.jpg,File:20161005Quercus robur1.jpg,https://commons.wikimedia.org/wiki/File:20161005Quercus_robur1.jpg,https://thumb.wikimedia.org/wikipedia/commons/thumb/e/e2/20161005Quercus_robur1.jpg/1280px-20161005Quercus_robur1.jpg?utm_source=commons.wikimedia.org&utm_campaign=imageinfo&utm_content=thumbnail,2500,1875,AnRo0002,CC0,Quercus,broadleaf,"Category:CC-Zero|Category:Files with coordinates missing SDC location of creation (49° N, 8° E)|Category:Naturschutzgebiet Gewann Frankreich-Wiesental|Category:Quercus in Baden-Württemberg in October 2016|Category:Quercus robur in Landkreis Karlsruhe|Category:Quercus robur in the Northern Hemisphere in October 2016|Category:Self-published work|Category:Solitary Quercus robur|Category:Specimen missing SDC depicts|Category:Trees in Landkreis Karlsruhe in October|Category:Trees in Waghäusel|Category:Waghäusel photographs taken on 2016-10-05"
122,00122.jpg,File:20161005Quercus robur2.jpg,https://commons.wikimedia.org/wiki/File:20161005Quercus_robur2.jpg,https://thumb.wikimedia.org/wikipedia/commons/thumb/3/3e/20161005Quercus_robur2.jpg/1280px-20161005Quercus_robur2.jpg?utm_source=commons.wikimedia.org&utm_campaign=imageinfo&utm_content=thumbnail,2500,1875,AnRo0002,CC0,Quercus,broadleaf,"Category:CC-Zero|Category:Files with coordinates missing SDC location of creation (49° N, 8° E)|Category:Naturschutzgebiet Gewann Frankreich-Wiesental|Category:Quercus in Baden-Württemberg in October 2016|Category:Quercus robur in Landkreis Karlsruhe|Category:Quercus robur in the Northern Hemisphere in October 2016|Category:Self-published work|Category:Solitary Quercus robur|Category:Specimen missing SDC depicts|Category:Trees in Landkreis Karlsruhe in October|Category:Trees in Waghäusel|Category:Waghäusel photographs taken on 2016-10-05"
123,00123.jpg,File:20161214Juglans regia1.jpg,https://commons.wikimedia.org/wiki/File:20161214Juglans_regia1.jpg,https://thumb.wikimedia.org/wikipedia/commons/thumb/8/85/20161214Juglans_regia1.jpg/1280px-20161214Juglans_regia1.jpg?utm_source=commons.wikimedia.org&utm_campaign=imageinfo&utm_content=thumbnail,2500,1875,AnRo0002,CC0,Juglans,broadleaf,"Category:Bare trees in Hockenheim|Category:CC-Zero|Category:December 2016 in agriculture in Hockenheim|Category:Fagales in Hockenheim in December|Category:Files with coordinates missing SDC location of creation (49° N, 8° E)|Category:Hockenheim photographs taken on 2016-12-14|Category:Juglandaceae in December|Category:Juglans regia in Hockenheim|Category:Juglans regia in autumn|Category:Self-published work|Category:Solitary Juglans regia|Category:Specimen missing SDC depicts|Category:Trees in autumn 2016 in Hockenheim"
124,00124.jpg,File:20161214Juglans regia2.jpg,https://commons.wikimedia.org/wiki/File:20161214Juglans_regia2.jpg,https://thumb.wikimedia.org/wikipedia/commons/thumb/c/cf/20161214Juglans_regia2.jpg/1280px-20161214Juglans_regia2.jpg?utm_source=commons.wikimedia.org&utm_campaign=imageinfo&utm_content=thumbnail,1875,2500,AnRo0002,CC0,Juglans,broadleaf,"Category:Bare trees in Hockenheim|Category:CC-Zero|Category:December 2016 in agriculture in Hockenheim|Category:Fagales in Hockenheim in December|Category:Files with coordinates missing SDC location of creation (49° N, 8° E)|Category:Hockenheim photographs taken on 2016-12-14|Category:Juglandaceae in December|Category:Juglans regia in Hockenheim|Category:Juglans regia in autumn|Category:Self-published work|Category:Solitary Juglans regia|Category:Specimen missing SDC depicts|Category:Trees in autumn 2016 in Hockenheim"
125,00125.jpg,File:20170927Pinus sylvestris.jpg,https://commons.wikimedia.org/wiki/File:20170927Pinus_sylvestris.jpg,https://thumb.wikimedia.org/wikipedia/commons/thumb/7/7a/20170927Pinus_sylvestris.jpg/1280px-20170927Pinus_sylvestris.jpg?utm_source=commons.wikimedia.org&utm_campaign=imageinfo&utm_content=thumbnail,2469,1875,AnRo0002,CC0,Pinus,conifer,"Category:CC-Zero|Category:Files with coordinates missing SDC location of creation (49° N, 8° E)|Category:Oftersheim photographs taken on 2017-09-27|Category:Pinales in Oftersheim in September|Category:Pinales in Rhein-Neckar-Kreis in September 2017|Category:Pinus sylvestris in Oftersheimer Dünen|Category:Pinus sylvestris in the Northern Hemisphere in September 2017|Category:Self-published work|Category:Solitary Pinus sylvestris|Category:Specimen missing SDC depicts|Category:Wingertsbuckel (Oftersheim)"
126,00126.jpg,File:20171015Juglans regia2.jpg,https://commons.wikimedia.org/wiki/File:20171015Juglans_regia2.jpg,https://thumb.wikimedia.org/wikipedia/commons/thumb/a/ae/20171015Juglans_regia2.jpg/1280px-20171015Juglans_regia2.jpg?utm_source=commons.wikimedia.org&utm_campaign=imageinfo&utm_content=thumbnail,2500,1875,AnRo0002,CC0,Juglans,broadleaf,"Category:Autumn 2017 in Neulußheim|Category:CC-Zero|Category:Fagales in Neulußheim in October|Category:Files with coordinates missing SDC location of creation (49° N, 8° E)|Category:Juglandaceae in October|Category:Juglans regia in Neulußheim|Category:Juglans regia in autumn|Category:Neulußheim photographs taken on 2017-10-15|Category:October 2017 in agriculture in Neulußheim|Category:Self-published work|Category:Solitary Juglans regia|Category:Specimen missing SDC depicts|Category:Trees in autumn 2017 in Rhein-Neckar-Kreis"
127,00127.jpg,File:20180501Populus alba1.jpg,https://commons.wikimedia.org/wiki/File:20180501Populus_alba1.jpg,https://thumb.wikimedia.org/wikipedia/commons/thumb/7/7f/20180501Populus_alba1.jpg/1280px-20180501Populus_alba1.jpg?utm_source=commons.wikimedia.org&utm_campaign=imageinfo&utm_content=thumbnail,2000,1500,AnRo0002,CC0,Populus,broadleaf,"Category:CC-Zero|Category:Files with coordinates missing SDC location of creation (49° N, 8° E)|Category:Hockenheim photographs taken on 2018-05-01|Category:Images from Wiki Loves Earth 2018|Category:Images from Wiki Loves Earth 2018 in Germany|Category:Images from Wiki Loves Earth 2018, DE-BW|Category:Images from Wiki Loves Earth missing SDC creator|Category:Images from Wiki Loves Earth missing SDC depicts|Category:Images from Wiki Loves Earth missing SDC location of creation|Category:Malpighiales in Hockenheimer Rheinbogen in May 2018|Category:Populus alba in Hockenheimer Rheinbogen|Category:Populus alba in May|Category:Populus in Hockenheimer Rheinbogen in May|Category:Populus in Naturschutzgebiet Bachwiesen/Leopoldswiesen (Hockenheim)|Category:Self-published work|Category:Solitary Populus alba|Category:Specimen missing SDC depicts"
128,00128.jpg,File:20180501Populus alba2.jpg,https://commons.wikimedia.org/wiki/File:20180501Populus_alba2.jpg,https://thumb.wikimedia.org/wikipedia/commons/thumb/1/11/20180501Populus_alba2.jpg/1280px-20180501Populus_alba2.jpg?utm_source=commons.wikimedia.org&utm_campaign=imageinfo&utm_content=thumbnail,2000,1500,AnRo0002,CC0,Populus,broadleaf,"Category:CC-Zero|Category:Files with coordinates missing SDC location of creation (49° N, 8° E)|Category:Hockenheim photographs taken on 2018-05-01|Category:Images from Wiki Loves Earth 2018|Category:Images from Wiki Loves Earth 2018 in Germany|Category:Images from Wiki Loves Earth 2018, DE-BW|Category:Images from Wiki Loves Earth missing SDC creator|Category:Images from Wiki Loves Earth missing SDC depicts|Category:Images from Wiki Loves Earth missing SDC location of creation|Category:Malpighiales in Hockenheimer Rheinbogen in May 2018|Category:Populus alba in Hockenheimer Rheinbogen|Category:Populus alba in May|Category:Populus in Hockenheimer Rheinbogen in May|Category:Populus in Naturschutzgebiet Bachwiesen/Leopoldswiesen (Hockenheim)|Category:Self-published work|Category:Solitary Populus alba|Category:Specimen missing SDC depicts"
129,00129.jpg,File:20180501Populus alba3.jpg,https://commons.wikimedia.org/wiki/File:20180501Populus_alba3.jpg,https://thumb.wikimedia.org/wikipedia/commons/thumb/d/d4/20180501Populus_alba3.jpg/1280px-20180501Populus_alba3.jpg?utm_source=commons.wikimedia.org&utm_campaign=imageinfo&utm_content=thumbnail,2500,1875,AnRo0002,CC0,Populus,broadleaf,"Category:CC-Zero|Category:Files with coordinates missing SDC location of creation (49° N, 8° E)|Category:Hockenheim photographs taken on 2018-05-01|Category:Images from Wiki Loves Earth 2018|Category:Images from Wiki Loves Earth 2018 in Germany|Category:Images from Wiki Loves Earth 2018, DE-BW|Category:Images from Wiki Loves Earth missing SDC creator|Category:Images from Wiki Loves Earth missing SDC depicts|Category:Images from Wiki Loves Earth missing SDC location of creation|Category:Malpighiales in Hockenheimer Rheinbogen in May 2018|Category:Populus alba in Hockenheimer Rheinbogen|Category:Populus alba in May|Category:Populus in Hockenheimer Rheinbogen in May|Category:Populus in Naturschutzgebiet Bachwiesen/Leopoldswiesen (Hockenheim)|Category:Self-published work|Category:Solitary Populus alba|Category:Specimen missing SDC depicts"
130,00130.jpg,File:20190222Pinus sylvestris3.jpg,https://commons.wikimedia.org/wiki/File:20190222Pinus_sylvestris3.jpg,https://thumb.wikimedia.org/wikipedia/commons/thumb/b/b6/20190222Pinus_sylvestris3.jpg/1280px-20190222Pinus_sylvestris3.jpg?utm_source=commons.wikimedia.org&utm_campaign=imageinfo&utm_content=thumbnail,2500,1875,AnRo0002,CC0,Pinus,conifer,"Category:CC-Zero|Category:Files with coordinates missing SDC location of creation (49° N, 8° E)|Category:Friedenshöhe (Oftersheim)|Category:Oftersheim photographs taken on 2019-02-22|Category:Pinales in Oftersheim in February|Category:Pinus sylvestris in Oftersheimer Dünen|Category:Pinus sylvestris in the Northern Hemisphere in February|Category:Self-published work|Category:Solitary Pinus sylvestris|Category:Specimen missing SDC depicts"
131,00131.jpg,File:20190222Pinus sylvestris4.jpg,https://commons.wikimedia.org/wiki/File:20190222Pinus_sylvestris4.jpg,https://thumb.wikimedia.org/wikipedia/commons/thumb/a/a1/20190222Pinus_sylvestris4.jpg/1280px-20190222Pinus_sylvestris4.jpg?utm_source=commons.wikimedia.org&utm_campaign=imageinfo&utm_content=thumbnail,2500,1875,AnRo0002,CC0,Pinus,conifer,"Category:CC-Zero|Category:Files with coordinates missing SDC location of creation (49° N, 8° E)|Category:Friedenshöhe (Oftersheim)|Category:Oftersheim photographs taken on 2019-02-22|Category:Pinales in Oftersheim in February|Category:Pinus sylvestris in Oftersheimer Dünen|Category:Pinus sylvestris in the Northern Hemisphere in February|Category:Self-published work|Category:Solitary Pinus sylvestris|Category:Specimen missing SDC depicts"
132,00132.jpg,File:20190222Pinus sylvestris5.jpg,https://commons.wikimedia.org/wiki/File:20190222Pinus_sylvestris5.jpg,https://thumb.wikimedia.org/wikipedia/commons/thumb/0/04/20190222Pinus_sylvestris5.jpg/1280px-20190222Pinus_sylvestris5.jpg?utm_source=commons.wikimedia.org&utm_campaign=imageinfo&utm_content=thumbnail,3000,2250,AnRo0002,CC0,Pinus,conifer,"Category:CC-Zero|Category:Files with coordinates missing SDC location of creation (49° N, 8° E)|Category:Flora of Friedenshöhe (Oftersheim)|Category:Oftersheim photographs taken on 2019-02-22|Category:Pinales in Oftersheim in February|Category:Pinus sylvestris in Oftersheimer Dünen|Category:Pinus sylvestris in the Northern Hemisphere in February|Category:Self-published work|Category:Solitary Pinus sylvestris|Category:Specimen missing SDC depicts"
133,00133.jpg,File:20190222Pinus sylvestris6.jpg,https://commons.wikimedia.org/wiki/File:20190222Pinus_sylvestris6.jpg,https://thumb.wikimedia.org/wikipedia/commons/thumb/6/6a/20190222Pinus_sylvestris6.jpg/1280px-20190222Pinus_sylvestris6.jpg?utm_source=commons.wikimedia.org&utm_campaign=imageinfo&utm_content=thumbnail,2500,1875,AnRo0002,CC0,Pinus,conifer,"Category:CC-Zero|Category:Files with coordinates missing SDC location of creation (49° N, 8° E)|Category:Friedenshöhe (Oftersheim)|Category:Oftersheim photographs taken on 2019-02-22|Category:Pinales in Oftersheim in February|Category:Pinus sylvestris in Oftersheimer Dünen|Category:Pinus sylvestris in the Northern Hemisphere in February|Category:Self-published work|Category:Solitary Pinus sylvestris|Category:Specimen missing SDC depicts"
134,00134.jpg,File:20190319 Populus alba 1.jpg,https://commons.wikimedia.org/wiki/File:20190319_Populus_alba_1.jpg,https://thumb.wikimedia.org/wikipedia/commons/thumb/8/85/20190319_Populus_alba_1.jpg/1280px-20190319_Populus_alba_1.jpg?utm_source=commons.wikimedia.org&utm_campaign=imageinfo&utm_content=thumbnail,4608,3456,AnRo0002,CC0,Populus,broadleaf,"Category:CC-Zero|Category:Files with coordinates missing SDC location of creation (49° N, 8° E)|Category:Hockenheim photographs taken on 2019-03-19|Category:Populus alba in Hockenheimer Rheinbogen|Category:Populus alba in March|Category:Populus in Hockenheimer Rheinbogen in March 2019|Category:Populus in Naturschutzgebiet Bachwiesen/Leopoldswiesen (Hockenheim)|Category:Self-published work|Category:Solitary Populus alba|Category:Specimen missing SDC depicts|Category:Trees in spring 2019 in Hockenheimer Rheinbogen"
135,00135.jpg,File:20190319 Populus alba 2.jpg,https://commons.wikimedia.org/wiki/File:20190319_Populus_alba_2.jpg,https://thumb.wikimedia.org/wikipedia/commons/thumb/f/f6/20190319_Populus_alba_2.jpg/1280px-20190319_Populus_alba_2.jpg?utm_source=commons.wikimedia.org&utm_campaign=imageinfo&utm_content=thumbnail,4608,3456,AnRo0002,CC0,Populus,broadleaf,"Category:CC-Zero|Category:Files with coordinates missing SDC location of creation (49° N, 8° E)|Category:Hockenheim photographs taken on 2019-03-19|Category:Populus alba in Hockenheimer Rheinbogen|Category:Populus alba in March|Category:Populus in Hockenheimer Rheinbogen in March 2019|Category:Populus in Naturschutzgebiet Bachwiesen/Leopoldswiesen (Hockenheim)|Category:Self-published work|Category:Solitary Populus alba|Category:Specimen missing SDC depicts|Category:Trees in spring 2019 in Hockenheimer Rheinbogen"
136,00136.jpg,File:20190507Pinus sylvestris1.jpg,https://commons.wikimedia.org/wiki/File:20190507Pinus_sylvestris1.jpg,https://thumb.wikimedia.org/wikipedia/commons/thumb/a/af/20190507Pinus_sylvestris1.jpg/1280px-20190507Pinus_sylvestris1.jpg?utm_source=commons.wikimedia.org&utm_campaign=imageinfo&utm_content=thumbnail,2500,1875,AnRo0002,CC0,Pinus,conifer,"Category:CC-Zero|Category:Files with coordinates missing SDC location of creation (49° N, 8° E)|Category:Friedenshöhe (Oftersheim)|Category:Images from Wiki Loves Earth 2019|Category:Images from Wiki Loves Earth 2019 in Germany|Category:Images from Wiki Loves Earth 2019, DE-BW|Category:Images from Wiki Loves Earth missing SDC depicts|Category:Images from Wiki Loves Earth missing SDC location of creation|Category:Oftersheim photographs taken on 2019-05-07|Category:Pinales in Oftersheim in May|Category:Pinales in Rhein-Neckar-Kreis in May 2019|Category:Pinus sylvestris in Oftersheimer Dünen|Category:Pinus sylvestris in the Northern Hemisphere in May 2019|Category:Self-published work|Category:Solitary Pinus sylvestris|Category:Specimen missing SDC depicts"
137,00137.jpg,File:20201210Pinus sylvestris1.jpg,https://commons.wikimedia.org/wiki/File:20201210Pinus_sylvestris1.jpg,https://thumb.wikimedia.org/wikipedia/commons/thumb/b/b6/20201210Pinus_sylvestris1.jpg/1280px-20201210Pinus_sylvestris1.jpg?utm_source=commons.wikimedia.org&utm_campaign=imageinfo&utm_content=thumbnail,2750,2063,AnRo0002,CC0,Pinus,conifer,"Category:CC-Zero|Category:Files with coordinates missing SDC location of creation (49° N, 6° E)|Category:Flora of Bergehalde Grühlingstraße|Category:Pinales in Jägersfreude|Category:Pinales in Saarbrücken in December 2020|Category:Pinus sylvestris in December|Category:Pinus sylvestris in Saarbrücken|Category:Saarbrücken photographs taken on 2020-12-10|Category:Self-published work|Category:Solitary Pinus sylvestris|Category:Specimen missing SDC depicts|Category:Staatsforst Saarbrücken in December 2020"
138,00138.jpg,File:20250806Pinus sylvestris1.jpg,https://commons.wikimedia.org/wiki/File:20250806Pinus_sylvestris1.jpg,https://thumb.wikimedia.org/wikipedia/commons/thumb/0/05/20250806Pinus_sylvestris1.jpg/1280px-20250806Pinus_sylvestris1.jpg?utm_source=commons.wikimedia.org&utm_campaign=imageinfo&utm_content=thumbnail,3000,2250,AnRo0002,CC0,Pinus,conifer,"Category:CC-Zero|Category:Files with coordinates missing SDC location of creation (49° N, 7° E)|Category:Flora of Naturschutzgebiet Limbacher Sanddüne|Category:Pinales in Saarland in August 2025|Category:Pinales in Saarpfalz-Kreis|Category:Pinus sylvestris in Saarland|Category:Pinus sylvestris in the Northern Hemisphere in August 2025|Category:Saarland photographs taken on 2025-08-06|Category:Self-published work|Category:Solitary Pinus sylvestris|Category:Specimen missing SDC depicts"
139,00139.jpg,File:20250806Pinus sylvestris2.jpg,https://commons.wikimedia.org/wiki/File:20250806Pinus_sylvestris2.jpg,https://thumb.wikimedia.org/wikipedia/commons/thumb/1/1f/20250806Pinus_sylvestris2.jpg/1280px-20250806Pinus_sylvestris2.jpg?utm_source=commons.wikimedia.org&utm_campaign=imageinfo&utm_content=thumbnail,3000,2250,AnRo0002,CC0,Pinus,conifer,"Category:CC-Zero|Category:Files with coordinates missing SDC location of creation (49° N, 7° E)|Category:Flora of Naturschutzgebiet Limbacher Sanddüne|Category:Pinales in Saarland in August 2025|Category:Pinales in Saarpfalz-Kreis|Category:Pinus sylvestris in Saarland|Category:Pinus sylvestris in the Northern Hemisphere in August 2025|Category:Saarland photographs taken on 2025-08-06|Category:Self-published work|Category:Solitary Pinus sylvestris|Category:Specimen missing SDC depicts"
140,00140.jpg,File:20250806Pinus sylvestris3.jpg,https://commons.wikimedia.org/wiki/File:20250806Pinus_sylvestris3.jpg,https://thumb.wikimedia.org/wikipedia/commons/thumb/5/5f/20250806Pinus_sylvestris3.jpg/1280px-20250806Pinus_sylvestris3.jpg?utm_source=commons.wikimedia.org&utm_campaign=imageinfo&utm_content=thumbnail,3000,2250,AnRo0002,CC0,Pinus,conifer,"Category:CC-Zero|Category:Files with coordinates missing SDC location of creation (49° N, 7° E)|Category:Flora of Naturschutzgebiet Limbacher Sanddüne|Category:Pinales in Saarland in August 2025|Category:Pinales in Saarpfalz-Kreis|Category:Pinus sylvestris in Saarland|Category:Pinus sylvestris in the Northern Hemisphere in August 2025|Category:Saarland photographs taken on 2025-08-06|Category:Self-published work|Category:Solitary Pinus sylvestris|Category:Specimen missing SDC depicts"
141,00141.jpg,File:20250806Quercus robur.jpg,https://commons.wikimedia.org/wiki/File:20250806Quercus_robur.jpg,https://thumb.wikimedia.org/wikipedia/commons/thumb/c/c4/20250806Quercus_robur.jpg/1280px-20250806Quercus_robur.jpg?utm_source=commons.wikimedia.org&utm_campaign=imageinfo&utm_content=thumbnail,3000,2250,AnRo0002,CC0,Quercus,broadleaf,"Category:CC-Zero|Category:Fagales in Saarland in August 2025|Category:Fagales in Saarpfalz-Kreis|Category:Files with coordinates missing SDC location of creation (49° N, 7° E)|Category:Flora of Naturschutzgebiet Limbacher Sanddüne|Category:Quercus robur in August 2025|Category:Quercus robur in Saarland|Category:Saarland photographs taken on 2025-08-06|Category:Self-published work|Category:Solitary Quercus robur|Category:Specimen missing SDC depicts"
142,00142.jpg,File:Aizkraukle 08 (32533514864).jpg,https://commons.wikimedia.org/wiki/File:Aizkraukle_08_(32533514864).jpg,https://thumb.wikimedia.org/wikipedia/commons/thumb/e/e4/Aizkraukle_08_%2832533514864%29.jpg/1280px-Aizkraukle_08_%2832533514864%29.jpg?utm_source=commons.wikimedia.org&utm_campaign=imageinfo&utm_content=thumbnail,2816,2112,"Егор Журавлёв from Smarde, Latvia",CC BY-SA 2.0,Pinus,conifer,Category:CC-BY-SA-2.0|Category:Files with coordinates missing SDC location of creation|Category:Flickr images reviewed by FlickreviewR|Category:Latvia photographs taken on 2017-03-08|Category:Pļaviņas Hydro Power Plant|Category:Solitary Pinus sylvestris
143,00143.jpg,"File:B. pendula, Koivu Birch end of Sept.jpg","https://commons.wikimedia.org/wiki/File:B._pendula,_Koivu_Birch_end_of_Sept.jpg",https://thumb.wikimedia.org/wikipedia/commons/thumb/1/19/B._pendula%2C_Koivu_Birch_end_of_Sept.jpg/1280px-B._pendula%2C_Koivu_Birch_end_of_Sept.jpg?utm_source=commons.wikimedia.org&utm_campaign=imageinfo&utm_content=thumbnail,2200,3301,Abc10,CC BY-SA 4.0,Betula,broadleaf,Category:Barley fields|Category:Barley fields in Finland|Category:Betula in August|Category:Betula pendula in Finland|Category:CC-BY-SA-4.0|Category:Fog in Finland|Category:Self-published work|Category:Solitary Betula pendula
144,00144.jpg,"File:B. pendula, Koivu Birch, end of August 1.jpg","https://commons.wikimedia.org/wiki/File:B._pendula,_Koivu_Birch,_end_of_August_1.jpg",https://thumb.wikimedia.org/wikipedia/commons/thumb/3/37/B._pendula%2C_Koivu_Birch%2C_end_of_August_1.jpg/1280px-B._pendula%2C_Koivu_Birch%2C_end_of_August_1.jpg?utm_source=commons.wikimedia.org&utm_campaign=imageinfo&utm_content=thumbnail,1728,2592,Abc10,CC BY-SA 4.0,Betula,broadleaf,Category:Barley fields|Category:Barley fields in Finland|Category:Betula in August|Category:Betula pendula in Finland|Category:CC-BY-SA-4.0|Category:Self-published work|Category:Solitary Betula pendula
145,00145.jpg,"File:B. pendula, Koivu Birch, end of August 2.jpg","https://commons.wikimedia.org/wiki/File:B._pendula,_Koivu_Birch,_end_of_August_2.jpg",https://thumb.wikimedia.org/wikipedia/commons/thumb/0/08/B._pendula%2C_Koivu_Birch%2C_end_of_August_2.jpg/1280px-B._pendula%2C_Koivu_Birch%2C_end_of_August_2.jpg?utm_source=commons.wikimedia.org&utm_campaign=imageinfo&utm_content=thumbnail,1728,2592,Abc10,CC BY-SA 4.0,Betula,broadleaf,Category:Barley fields|Category:Barley fields in Finland|Category:Betula in August|Category:Betula pendula in Finland|Category:CC-BY-SA-4.0|Category:Self-published work|Category:Solitary Betula pendula
146,00146.jpg,File:Baum Boberger Niederung.JPG,https://commons.wikimedia.org/wiki/File:Baum_Boberger_Niederung.JPG,https://thumb.wikimedia.org/wikipedia/commons/thumb/d/d3/Baum_Boberger_Niederung.JPG/1280px-Baum_Boberger_Niederung.JPG?utm_source=commons.wikimedia.org&utm_campaign=imageinfo&utm_content=thumbnail,3264,2448,AnneChrist Simon,CC BY-SA 3.0,Pinus,conifer,"Category:Boberger Dünen|Category:CC-BY-SA-3.0|Category:Images from Wiki Loves Earth 2015|Category:Images from Wiki Loves Earth 2015 in Germany|Category:Images from Wiki Loves Earth 2015, DE-HH|Category:Images from Wiki Loves Earth missing SDC depicts|Category:Images from Wiki Loves Earth missing SDC location of creation|Category:Pinales in Hamburg|Category:Pinus sylvestris in Germany|Category:Self-published work|Category:Solitary Pinus sylvestris|Category:Uploaded via Campaign:wle-de-hh"
147,00147.jpg,File:Betula pendula winter.jpg,https://commons.wikimedia.org/wiki/File:Betula_pendula_winter.jpg,https://upload.wikimedia.org/wikipedia/commons/5/5a/Betula_pendula_winter.jpg?utm_source=commons.wikimedia.org&utm_campaign=imageinfo&utm_content=thumbnail_unscaled,750,1000,Maplan,CC BY-SA 3.0,Betula,broadleaf,Category:Betula pendula in winter|Category:CC-BY-SA-3.0-migrated|Category:GFDL|Category:License migration completed|Category:Meilen|Category:Solitary Betula pendula|Category:Switzerland photographs taken on 2004-12-25
148,00148.jpg,File:Bielefeld - Walnussbaum bei Jagdweg 113 - 2.jpg,https://commons.wikimedia.org/wiki/File:Bielefeld_-_Walnussbaum_bei_Jagdweg_113_-_2.jpg,https://thumb.wikimedia.org/wikipedia/commons/thumb/4/45/Bielefeld_-_Walnussbaum_bei_Jagdweg_113_-_2.jpg/1280px-Bielefeld_-_Walnussbaum_bei_Jagdweg_113_-_2.jpg?utm_source=commons.wikimedia.org&utm_campaign=imageinfo&utm_content=thumbnail,3648,4864,Ath,CC0,Juglans,broadleaf,Category:CC-Zero|Category:Juglans regia in North Rhine-Westphalia|Category:Juglans regia in spring|Category:Natural monuments in Bielefeld|Category:Self-published work|Category:Solitary Juglans regia|Category:Stieghorst|Category:Trees in Bielefeld
149,00149.jpg,File:Bielefeld - Walnussbaum bei Jagdweg 113.jpg,https://commons.wikimedia.org/wiki/File:Bielefeld_-_Walnussbaum_bei_Jagdweg_113.jpg,https://thumb.wikimedia.org/wikipedia/commons/thumb/c/cb/Bielefeld_-_Walnussbaum_bei_Jagdweg_113.jpg/1280px-Bielefeld_-_Walnussbaum_bei_Jagdweg_113.jpg?utm_source=commons.wikimedia.org&utm_campaign=imageinfo&utm_content=thumbnail,3445,3680,Ath,CC0,Juglans,broadleaf,Category:CC-Zero|Category:Juglans regia in North Rhine-Westphalia|Category:Juglans regia in spring|Category:Natural monuments in Bielefeld|Category:Self-published work|Category:Solitary Juglans regia|Category:Stieghorst|Category:Trees in Bielefeld
150,00150.jpg,File:Birke bei Ebersburg im Herbst.jpg,https://commons.wikimedia.org/wiki/File:Birke_bei_Ebersburg_im_Herbst.jpg,https://thumb.wikimedia.org/wikipedia/commons/thumb/a/a1/Birke_bei_Ebersburg_im_Herbst.jpg/1280px-Birke_bei_Ebersburg_im_Herbst.jpg?utm_source=commons.wikimedia.org&utm_campaign=imageinfo&utm_content=thumbnail,7360,4912,Jörg Braukmann,CC BY-SA 4.0,Betula,broadleaf,"Category:Autumn in Hesse|Category:Betula pendula in Hesse|Category:CC-BY-SA-4.0|Category:Files with coordinates missing SDC location of creation (50° N, 9° E)|Category:Images from Wiki Loves Earth 2025|Category:Images from Wiki Loves Earth 2025 in Germany|Category:Images from Wiki Loves Earth 2025, DE landscape|Category:Images from Wiki Loves Earth missing SDC location of creation|Category:Naturpark Hessische Rhön|Category:Quality images|Category:Quality images from Wiki Loves Earth 2025 in Germany|Category:Self-published work|Category:Solitary Betula pendula|Category:Uploaded via Campaign:wle-de"
151,00151.jpg,"File:Björk vid Bergsjön, den 23 oktober 2005..JPG","https://commons.wikimedia.org/wiki/File:Bj%C3%B6rk_vid_Bergsj%C3%B6n,_den_23_oktober_2005..JPG",https://thumb.wikimedia.org/wikipedia/commons/thumb/e/e9/Bj%C3%B6rk_vid_Bergsj%C3%B6n%2C_den_23_oktober_2005..JPG/1280px-Bj%C3%B6rk_vid_Bergsj%C3%B6n%2C_den_23_oktober_2005..JPG?utm_source=commons.wikimedia.org&utm_campaign=imageinfo&utm_content=thumbnail,1536,2048,User Västgöten on sv.wikipedia,CC BY-SA 3.0,Betula,broadleaf,Category:Betula pendula in autumn|Category:CC-BY-SA-3.0-migrated|Category:Files by User:Västgöten from sv.wikipedia|Category:GFDL|Category:License migration completed|Category:Solitary Betula pendula
152,00152.jpg,File:Blown by the Wind (9633600990).jpg,https://commons.wikimedia.org/wiki/File:Blown_by_the_Wind_(9633600990).jpg,https://thumb.wikimedia.org/wikipedia/commons/thumb/3/35/Blown_by_the_Wind_%289633600990%29.jpg/1280px-Blown_by_the_Wind_%289633600990%29.jpg?utm_source=commons.wikimedia.org&utm_campaign=imageinfo&utm_content=thumbnail,1600,1200,Šarūnas Burdulis from USA,CC BY-SA 2.0,Pinus,conifer,Category:CC-BY-SA-2.0|Category:Files with coordinates missing SDC location of creation|Category:Flickr images reviewed by File Upload Bot (Magnus Manske)|Category:Juodkrantė|Category:Lithuania photographs taken on 2013-08-16|Category:Photographs by Šarūnas Burdulis|Category:Pinus in Lithuania|Category:Solitary Pinus sylvestris|Category:Taken with Olympus E-M5
153,00153.jpg,File:Borovice u Salaspilsu.jpg,https://commons.wikimedia.org/wiki/File:Borovice_u_Salaspilsu.jpg,https://thumb.wikimedia.org/wikipedia/commons/thumb/1/11/Borovice_u_Salaspilsu.jpg/1280px-Borovice_u_Salaspilsu.jpg?utm_source=commons.wikimedia.org&utm_campaign=imageinfo&utm_content=thumbnail,2112,2816,Dezidor,CC BY 3.0,Pinus,conifer,Category:CC-BY-3.0|Category:Files by User:Dezidor|Category:Salaspils|Category:Self-published work|Category:Solitary Pinus sylvestris|Category:Taken with Canon Digital IXUS 800 IS
154,00154.jpg,File:Breza na jesen.jpg,https://commons.wikimedia.org/wiki/File:Breza_na_jesen.jpg,https://thumb.wikimedia.org/wikipedia/commons/thumb/c/c4/Breza_na_jesen.jpg/1280px-Breza_na_jesen.jpg?utm_source=commons.wikimedia.org&utm_campaign=imageinfo&utm_content=thumbnail,1944,2592,Silverije,CC BY-SA 4.0,Betula,broadleaf,Category:Autumn in Međimurje County|Category:Betula pendula in autumn|Category:CC-BY-SA-4.0|Category:Self-published work|Category:Solitary Betula pendula|Category:Trees in Međimurje County|Category:Trees in autumn
155,00155.jpg,File:Brzoza na Lublinku.JPG,https://commons.wikimedia.org/wiki/File:Brzoza_na_Lublinku.JPG,https://thumb.wikimedia.org/wikipedia/commons/thumb/6/64/Brzoza_na_Lublinku.JPG/1280px-Brzoza_na_Lublinku.JPG?utm_source=commons.wikimedia.org&utm_campaign=imageinfo&utm_content=thumbnail,1544,2080,Avalokitesvara,CC BY-SA 3.0,Betula,broadleaf,Category:Betula pendula in Poland|Category:CC-BY-SA-3.0-migrated|Category:GFDL|Category:Las Lublinek|Category:License migration completed|Category:Solitary Betula pendula|Category:Trees in Łódź
156,00156.jpg,File:Celakovicky dub-2017-11-sedlcanky.jpg,https://commons.wikimedia.org/wiki/File:Celakovicky_dub-2017-11-sedlcanky.jpg,https://thumb.wikimedia.org/wikipedia/commons/thumb/c/c5/Celakovicky_dub-2017-11-sedlcanky.jpg/1280px-Celakovicky_dub-2017-11-sedlcanky.jpg?utm_source=commons.wikimedia.org&utm_campaign=imageinfo&utm_content=thumbnail,6000,4000,The photonaut,CC BY-SA 4.0,Quercus,broadleaf,Category:CC-BY-SA-4.0|Category:Quercus robur in the Northern Hemisphere in November|Category:Self-published work|Category:Solitary Quercus robur|Category:Taken with Sony DSC-RX1R|Category:Čelákovický dub
157,00157.jpg,File:Chmielno brzoza.jpg,https://commons.wikimedia.org/wiki/File:Chmielno_brzoza.jpg,https://thumb.wikimedia.org/wikipedia/commons/thumb/3/36/Chmielno_brzoza.jpg/1280px-Chmielno_brzoza.jpg?utm_source=commons.wikimedia.org&utm_campaign=imageinfo&utm_content=thumbnail,2112,2816,Andrzej Otrębski,CC BY-SA 3.0,Betula,broadleaf,"Category:Betula pendula in Poland|Category:CC-BY-SA-3.0|Category:Chmielno, Pomeranian Voivodeship|Category:July 2012 in Pomeranian Voivodeship|Category:Photos by User:Andrzej O|Category:Poland photographs taken on 2012-07-01|Category:Self-published work|Category:Solitary Betula pendula|Category:Taken with Olympus SP-500UZ"
158,00158.jpg,File:Common alder in Holma.jpg,https://commons.wikimedia.org/wiki/File:Common_alder_in_Holma.jpg,https://thumb.wikimedia.org/wikipedia/commons/thumb/6/62/Common_alder_in_Holma.jpg/1280px-Common_alder_in_Holma.jpg?utm_source=commons.wikimedia.org&utm_campaign=imageinfo&utm_content=thumbnail,3283,4201,W.carter,CC0,Alnus,broadleaf,Category:CC-Zero|Category:Files with coordinates missing SDC location of creation|Category:Holma säteri|Category:Images by W.carter|Category:Poales in Västra Götaland County|Category:Self-published work|Category:Solitary Alnus glutinosa|Category:Trees in Lysekil Municipality
159,00159.jpg,File:DarbėnaiOlše01.JPG,https://commons.wikimedia.org/wiki/File:Darb%C4%97naiOl%C5%A1e01.JPG,https://thumb.wikimedia.org/wikipedia/commons/thumb/b/b9/Darb%C4%97naiOl%C5%A1e01.JPG/1280px-Darb%C4%97naiOl%C5%A1e01.JPG?utm_source=commons.wikimedia.org&utm_campaign=imageinfo&utm_content=thumbnail,2112,2816,Kusurija,CC BY-SA 4.0,Alnus,broadleaf,Category:CC-BY-SA-4.0|Category:Darbėnai|Category:Self-published work|Category:Solitary Alnus glutinosa
160,00160.jpg,File:De Alde Feanen Jan Durkspolder.JPG,https://commons.wikimedia.org/wiki/File:De_Alde_Feanen_Jan_Durkspolder.JPG,https://thumb.wikimedia.org/wikipedia/commons/thumb/f/f5/De_Alde_Feanen_Jan_Durkspolder.JPG/1280px-De_Alde_Feanen_Jan_Durkspolder.JPG?utm_source=commons.wikimedia.org&utm_campaign=imageinfo&utm_content=thumbnail,2435,3044,Dominicus Johannes Bergsma,CC BY-SA 3.0 nl,Betula,broadleaf,Category:Betula pendula in the Netherlands|Category:CC-BY-SA-3.0-NL|Category:De Alde Feanen|Category:Images from Wiki Loves Earth 2014|Category:Images from Wiki Loves Earth 2014 in the Netherlands|Category:Images from Wiki Loves Earth 2014 in the Netherlands - landscape|Category:Images from Wiki Loves Earth missing SDC depicts|Category:Images from Wiki Loves Earth missing SDC location of creation|Category:Jan Durkspolder|Category:Netherlands photographs taken on 2014-01-12|Category:Quality images|Category:Quality images by Famberhorst|Category:Quality images from Wiki Loves Earth 2014 in the Netherlands|Category:Quality images missing SDC depicts|Category:Self-published work|Category:Solitary Betula pendula|Category:Taken with Canon EOS M|Category:Uploaded via Campaign:wle-nl|Category:Witch's broom in Betula
161,00161.jpg,File:Deutsche Eiche Jahreszeiten.jpg,https://commons.wikimedia.org/wiki/File:Deutsche_Eiche_Jahreszeiten.jpg,https://thumb.wikimedia.org/wikipedia/commons/thumb/c/c7/Deutsche_Eiche_Jahreszeiten.jpg/1280px-Deutsche_Eiche_Jahreszeiten.jpg?utm_source=commons.wikimedia.org&utm_campaign=imageinfo&utm_content=thumbnail,1600,1200,J.hagelüken,CC BY-SA 4.0,Quercus,broadleaf,Category:CC-BY-SA-4.0|Category:Nature of Velbert|Category:Quercus in Germany|Category:Self-published work|Category:Solitary Quercus robur|Category:Trees in all seasons|Category:Unidentified Quercus
162,00162.jpg,File:Duvelskuul Afferden Lb.jpg,https://commons.wikimedia.org/wiki/File:Duvelskuul_Afferden_Lb.jpg,https://thumb.wikimedia.org/wikipedia/commons/thumb/8/81/Duvelskuul_Afferden_Lb.jpg/1280px-Duvelskuul_Afferden_Lb.jpg?utm_source=commons.wikimedia.org&utm_campaign=imageinfo&utm_content=thumbnail,5184,3456,Lieblingsgouda,CC BY-SA 3.0 nl,Quercus,broadleaf,Category:CC-BY-SA-3.0-NL|Category:De Maasduinen|Category:Images from Wiki Loves Earth 2014|Category:Images from Wiki Loves Earth 2014 in the Netherlands|Category:Images from Wiki Loves Earth 2014 in the Netherlands - landscape|Category:Images from Wiki Loves Earth missing SDC depicts|Category:Images from Wiki Loves Earth missing SDC location of creation|Category:Netherlands photographs taken on 2014-06-06|Category:Quercus robur in the Northern Hemisphere in June|Category:Self-published work|Category:Solitary Quercus robur|Category:Taken with Canon EOS 600D|Category:Uploaded via Campaign:wle-nl
163,00163.jpg,File:Dwingelderveld-2.jpg,https://commons.wikimedia.org/wiki/File:Dwingelderveld-2.jpg,https://thumb.wikimedia.org/wikipedia/commons/thumb/7/79/Dwingelderveld-2.jpg/1280px-Dwingelderveld-2.jpg?utm_source=commons.wikimedia.org&utm_campaign=imageinfo&utm_content=thumbnail,2896,1944,Herman-Jonkman,CC BY-SA 3.0 nl,Quercus,broadleaf,Category:CC-BY-SA-3.0-NL|Category:Dwingelderveld|Category:Images from Wiki Loves Earth 2014|Category:Images from Wiki Loves Earth 2014 in the Netherlands|Category:Images from Wiki Loves Earth 2014 in the Netherlands - landscape|Category:Images from Wiki Loves Earth missing SDC location of creation|Category:Netherlands photographs taken on 2008-10-10|Category:Quercus robur in the Northern Hemisphere in October|Category:Self-published work|Category:Solitary Quercus robur|Category:Taken with Nikon D80|Category:Uploaded via Campaign:wle-nl
164,00164.jpg,File:Ei hengebjørk.JPG,https://commons.wikimedia.org/wiki/File:Ei_hengebj%C3%B8rk.JPG,https://thumb.wikimedia.org/wikipedia/commons/thumb/1/1e/Ei_hengebj%C3%B8rk.JPG/1280px-Ei_hengebj%C3%B8rk.JPG?utm_source=commons.wikimedia.org&utm_campaign=imageinfo&utm_content=thumbnail,3456,5184,Øyvind Holmstad,CC BY-SA 4.0,Betula,broadleaf,Category:Betula in Norway|Category:CC-BY-SA-4.0|Category:Norway photographs taken on 2015-06-20|Category:Self-published work|Category:Solitary Betula pendula
165,00165.jpg,"File:Eiche bei Graditz, a.jpg","https://commons.wikimedia.org/wiki/File:Eiche_bei_Graditz,_a.jpg",https://thumb.wikimedia.org/wikipedia/commons/thumb/b/bb/Eiche_bei_Graditz%2C_a.jpg/1280px-Eiche_bei_Graditz%2C_a.jpg?utm_source=commons.wikimedia.org&utm_campaign=imageinfo&utm_content=thumbnail,4704,3136,Rainer Lippert,CC BY-SA 4.0,Quercus,broadleaf,"Category:CC-BY-SA-4.0|Category:Fagales in Germany in September 2016|Category:Featured pictures on Wikipedia, German|Category:Files with Assessments template missing SDC Commons no value quality assessment|Category:Graditz|Category:Quercus robur in Landkreis Nordsachsen|Category:Quercus robur in the Northern Hemisphere in September 2016|Category:Self-published work|Category:Solitary Quercus robur|Category:Stieleiche Graditz Elbaue|Category:Taken with Sigma DP2 Merrill"
166,00166.jpg,File:Eiche mit Rauhreif 2.jpg,https://commons.wikimedia.org/wiki/File:Eiche_mit_Rauhreif_2.jpg,https://thumb.wikimedia.org/wikipedia/commons/thumb/1/17/Eiche_mit_Rauhreif_2.jpg/1280px-Eiche_mit_Rauhreif_2.jpg?utm_source=commons.wikimedia.org&utm_campaign=imageinfo&utm_content=thumbnail,4912,3264,Pagenkopf&amp;foto,CC BY-SA 4.0,Quercus,broadleaf,"Category:CC-BY-SA-4.0|Category:Files with coordinates missing SDC location of creation|Category:Germany photographs taken on 2016-11-12|Category:Images from Wiki Loves Earth 2017|Category:Images from Wiki Loves Earth 2017 in Germany|Category:Images from Wiki Loves Earth 2017, DE-MV|Category:Images from Wiki Loves Earth missing SDC depicts|Category:Images from Wiki Loves Earth missing SDC location of creation|Category:Landschaftsschutzgebiet Dobbertiner Seenlandschaft und mittleres Mildenitztal (Lks. Parchim)|Category:Quercus in Mecklenburg-Vorpommern in November 2016|Category:Quercus robur in Landkreis Ludwigslust-Parchim|Category:Quercus robur in the Northern Hemisphere in November 2016|Category:Self-published work|Category:Solitary Quercus robur|Category:Uploaded via Campaign:wle-de-mv"
167,00167.jpg,File:Galve de Sorbe 1975 01.jpg,https://commons.wikimedia.org/wiki/File:Galve_de_Sorbe_1975_01.jpg,https://upload.wikimedia.org/wikipedia/commons/7/70/Galve_de_Sorbe_1975_01.jpg?utm_source=commons.wikimedia.org&utm_campaign=imageinfo&utm_content=thumbnail_unscaled,1064,669,LBM1948,CC BY-SA 4.0,Pinus,conifer,Category:1974 in the province of Guadalajara|Category:1975 in the province of Guadalajara|Category:CC-BY-SA-4.0|Category:June in the province of Guadalajara|Category:Nature of Galve de Sorbe|Category:Photographs by LBM1948|Category:Pinus in Castile-La Mancha|Category:Self-published work|Category:Solitary Pinus sylvestris
168,00168.jpg,File:Gamla eken och Torrevalla damm 6975.jpg,https://commons.wikimedia.org/wiki/File:Gamla_eken_och_Torrevalla_damm_6975.jpg,https://thumb.wikimedia.org/wikipedia/commons/thumb/1/19/Gamla_eken_och_Torrevalla_damm_6975.jpg/1280px-Gamla_eken_och_Torrevalla_damm_6975.jpg?utm_source=commons.wikimedia.org&utm_campaign=imageinfo&utm_content=thumbnail,4608,3456,Gunnar Creutz,CC BY-SA 4.0,Quercus,broadleaf,"Category:2021 in Falköping Municipality|Category:CC BY-SA 4.0 Files by Gunnar Creutz|Category:CC-BY-SA-4.0|Category:October 2021 in Västra Götaland County|Category:Photos of plants by User:Achird|Category:Plants in Sörby Parish, Västergötland|Category:Quercus robur in Sweden|Category:Quercus robur in the Northern Hemisphere in October|Category:Self-published work|Category:Solitary Quercus robur|Category:Sweden photographs taken on 2021-10-22|Category:Taken with Canon Digital IXUS 135|Category:Torrevalla|Category:Torrevalla damm"
169,00169.jpg,File:Gamla eken vid Torrevalla 3917.jpg,https://commons.wikimedia.org/wiki/File:Gamla_eken_vid_Torrevalla_3917.jpg,https://thumb.wikimedia.org/wikipedia/commons/thumb/9/9a/Gamla_eken_vid_Torrevalla_3917.jpg/1280px-Gamla_eken_vid_Torrevalla_3917.jpg?utm_source=commons.wikimedia.org&utm_campaign=imageinfo&utm_content=thumbnail,3456,4608,Gunnar Creutz,CC BY-SA 4.0,Quercus,broadleaf,"Category:2021 in Falköping Municipality|Category:CC BY-SA 4.0 Files by Gunnar Creutz|Category:CC-BY-SA-4.0|Category:March 2021 in Västra Götaland County|Category:Photos of plants by User:Achird|Category:Plants in Sörby Parish, Västergötland|Category:Quercus robur in Sweden|Category:Quercus robur in the Northern Hemisphere in March|Category:Self-published work|Category:Solitary Quercus robur|Category:Sweden photographs taken on 2021-03-28|Category:Taken with Canon Digital IXUS 135|Category:Torrevalla"
170,00170.jpg,File:Gamla eken vid Torrevalla 4007.jpg,https://commons.wikimedia.org/wiki/File:Gamla_eken_vid_Torrevalla_4007.jpg,https://thumb.wikimedia.org/wikipedia/commons/thumb/7/76/Gamla_eken_vid_Torrevalla_4007.jpg/1280px-Gamla_eken_vid_Torrevalla_4007.jpg?utm_source=commons.wikimedia.org&utm_campaign=imageinfo&utm_content=thumbnail,3456,4093,Gunnar Creutz,CC BY-SA 4.0,Quercus,broadleaf,"Category:2020 in Falköping Municipality|Category:CC BY-SA 4.0 Files by Gunnar Creutz|Category:CC-BY-SA-4.0|Category:Photos of plants by User:Achird|Category:Plants in Sörby Parish, Västergötland|Category:Quercus robur in Sweden|Category:Quercus robur in the Northern Hemisphere in September 2020|Category:Self-published work|Category:September 2020 in Västra Götaland County|Category:Solitary Quercus robur|Category:Sweden photographs taken on 2020-09-07|Category:Taken with Casio Exilim EX-ZR200|Category:Torrevalla"
171,00171.jpg,File:Gullbranna 18 maj 2023 - 02.jpg,https://commons.wikimedia.org/wiki/File:Gullbranna_18_maj_2023_-_02.jpg,https://thumb.wikimedia.org/wikipedia/commons/thumb/c/ca/Gullbranna_18_maj_2023_-_02.jpg/1280px-Gullbranna_18_maj_2023_-_02.jpg?utm_source=commons.wikimedia.org&utm_campaign=imageinfo&utm_content=thumbnail,4169,3456,"This image was produced by me, David Castor (user:dcastor). The pictures I submit to the Wikipedia Project are released ",CC0,Pinus,conifer,Category:CC-Zero|Category:Gullbranna naturreservat|Category:Images by David Castor-Gullbranna naturreservat|Category:Images by David Castor-WLE 2023|Category:Images from Wiki Loves Earth 2023|Category:Images from Wiki Loves Earth 2023 in Sweden|Category:Images from Wiki Loves Earth missing SDC creator|Category:Images from Wiki Loves Earth missing SDC depicts|Category:Pinus sylvestris ecosystems|Category:Pinus sylvestris in Halland County|Category:Pinus sylvestris in the Northern Hemisphere in May 2023|Category:Protected areas of Sweden with known IDs|Category:Solitary Pinus sylvestris|Category:Uploaded with LrMediaWiki|Category:Vegetated dunes|Category:Windswept trees
172,00172.jpg,File:Gullkrona 01.jpg,https://commons.wikimedia.org/wiki/File:Gullkrona_01.jpg,https://thumb.wikimedia.org/wikipedia/commons/thumb/9/96/Gullkrona_01.jpg/1280px-Gullkrona_01.jpg?utm_source=commons.wikimedia.org&utm_campaign=imageinfo&utm_content=thumbnail,1600,1067,Asea,CC BY 2.5,Pinus,conifer,Category:CC-BY-2.5|Category:CC-BY-SA-3.0-migrated|Category:Files with coordinates missing SDC location of creation|Category:Finland photographs taken on 2006-08-02|Category:GFDL|Category:Gullkrona|Category:License migration redundant|Category:Pinus sylvestris in Finland|Category:Seascapes of the Baltic Sea|Category:Self-published work|Category:Solitary Pinus sylvestris|Category:Southern Archipelago Sea|Category:Taken with Canon EOS 350D|Category:Uppslagsverket Nagu
173,00173.jpg,"File:Gutenbergstraße, Schwerin - Stieleiche (2026-07-15).jpg","https://commons.wikimedia.org/wiki/File:Gutenbergstra%C3%9Fe,_Schwerin_-_Stieleiche_(2026-07-15).jpg",https://thumb.wikimedia.org/wikipedia/commons/thumb/a/a7/Gutenbergstra%C3%9Fe%2C_Schwerin_-_Stieleiche_%282026-07-15%29.jpg/1280px-Gutenbergstra%C3%9Fe%2C_Schwerin_-_Stieleiche_%282026-07-15%29.jpg?utm_source=commons.wikimedia.org&utm_campaign=imageinfo&utm_content=thumbnail,2630,2430,Tmv23,CC BY 4.0,Quercus,broadleaf,Category:CC-BY-4.0|Category:Creative Commons Attribution 4.0 missing SDC copyright license|Category:Creative Commons Attribution missing SDC copyright status|Category:Gutenbergstraße (Schwerin)|Category:Images by tmv23|Category:July 2026 in Schwerin|Category:Natural monuments in Schwerin|Category:Quercus robur in Schwerin|Category:Quercus robur in summer|Category:Solitary Quercus robur
174,00174.jpg,File:Götlunda Fårtallen.JPG,https://commons.wikimedia.org/wiki/File:G%C3%B6tlunda_F%C3%A5rtallen.JPG,https://thumb.wikimedia.org/wikipedia/commons/thumb/a/a9/G%C3%B6tlunda_F%C3%A5rtallen.JPG/1280px-G%C3%B6tlunda_F%C3%A5rtallen.JPG?utm_source=commons.wikimedia.org&utm_campaign=imageinfo&utm_content=thumbnail,2592,1944,Phlanx,CC BY 3.0,Pinus,conifer,Category:2010 in Arboga Municipality|Category:CC-BY-3.0|Category:GFDL|Category:Götlunda|Category:July 2010 in Västmanland County|Category:License migration redundant|Category:Self-published work|Category:Solitary Pinus sylvestris|Category:Taken with Sony DSC-W55
175,00175.jpg,File:Hulshorsterzand-Hulshorsterheide.jpg,https://commons.wikimedia.org/wiki/File:Hulshorsterzand-Hulshorsterheide.jpg,https://thumb.wikimedia.org/wikipedia/commons/thumb/3/3e/Hulshorsterzand-Hulshorsterheide.jpg/1280px-Hulshorsterzand-Hulshorsterheide.jpg?utm_source=commons.wikimedia.org&utm_campaign=imageinfo&utm_content=thumbnail,3057,3417,Agnes Monkelbaan,CC BY-SA 4.0,Pinus,conifer,Category:CC-BY-SA-4.0|Category:Hulshorsterzand|Category:Netherlands photographs taken on 2017-05-25|Category:Pinus sylvestris in the Netherlands|Category:Pinus sylvestris in the Northern Hemisphere in May 2017|Category:Self-published work|Category:Solitary Pinus sylvestris
176,00176.jpg,File:ID 1046 Kiefer bei Murau 005.jpg,https://commons.wikimedia.org/wiki/File:ID_1046_Kiefer_bei_Murau_005.jpg,https://thumb.wikimedia.org/wikipedia/commons/thumb/f/f1/ID_1046_Kiefer_bei_Murau_005.jpg/1280px-ID_1046_Kiefer_bei_Murau_005.jpg?utm_source=commons.wikimedia.org&utm_campaign=imageinfo&utm_content=thumbnail,3300,2200,Christian Pirkl,CC BY-SA 4.0,Pinus,conifer,Category:CC-BY-SA-4.0|Category:Files with coordinates missing SDC location of creation|Category:Murau|Category:Natural monuments in Austria needing check|Category:Natural monuments in Austria with known ID|Category:Natural monuments in Bezirk Murau|Category:Pinus sylvestris|Category:Self-published work|Category:Solitary Pinus sylvestris|Category:Uploaded via Campaign:wle-at-nd
177,00177.jpg,File:ID 339 Kiefer 0008.jpg,https://commons.wikimedia.org/wiki/File:ID_339_Kiefer_0008.jpg,https://thumb.wikimedia.org/wikipedia/commons/thumb/6/68/ID_339_Kiefer_0008.jpg/1280px-ID_339_Kiefer_0008.jpg?utm_source=commons.wikimedia.org&utm_campaign=imageinfo&utm_content=thumbnail,3000,2000,Christian Pirkl,CC BY-SA 3.0 at,Pinus,conifer,Category:Austria photographs taken on 2015-06-25|Category:CC-BY-SA-3.0-AT|Category:Files with coordinates missing SDC location of creation|Category:Grundlsee|Category:Grundlsee (municipality)|Category:Images from Wiki Loves Earth 2015|Category:Images from Wiki Loves Earth 2015 in Austria|Category:Images from Wiki Loves Earth missing SDC depicts|Category:Images from Wiki Loves Earth missing SDC location of creation|Category:Natural monuments in Austria needing check|Category:Natural monuments in Austria with known ID|Category:Natural monuments in Bezirk Liezen|Category:Self-published work|Category:Solitary Pinus sylvestris|Category:Uploaded via Campaign:wle-at-nd
178,00178.jpg,File:Ivenacker Tiergarten 07.jpg,https://commons.wikimedia.org/wiki/File:Ivenacker_Tiergarten_07.jpg,https://thumb.wikimedia.org/wikipedia/commons/thumb/a/a0/Ivenacker_Tiergarten_07.jpg/1280px-Ivenacker_Tiergarten_07.jpg?utm_source=commons.wikimedia.org&utm_campaign=imageinfo&utm_content=thumbnail,4171,3543,J.-H. Janßen,CC BY-SA 4.0,Quercus,broadleaf,"Category:CC-BY-SA-4.0|Category:Dama dama (groups)|Category:Dama dama eating|Category:Dama dama in Ivenacker Tiergarten|Category:Dead Quercus|Category:Dead trees in Mecklenburg-Vorpommern|Category:Files with coordinates missing SDC location of creation|Category:Images from Wiki Loves Earth 2019|Category:Images from Wiki Loves Earth 2019 in Germany|Category:Images from Wiki Loves Earth 2019, DE-MV|Category:Images from Wiki Loves Earth missing SDC location of creation|Category:Ivenack photographs taken on 2018-06-22|Category:Ivenacker Eichen|Category:Photographs by J.-H. Janßen/Wiki Loves Earth|Category:Photographs by Jan-Herm Janßen/Ivenack|Category:Protected areas with known WDPA-ID|Category:Quercus in Mecklenburg-Vorpommern in June 2018|Category:Quercus robur (dead)|Category:Quercus robur in the Northern Hemisphere in June 2018|Category:Solitary Quercus robur|Category:Taken with Canon EOS 6D and Canon EF 24-105mm F4L IS USM"
179,00179.jpg,File:Ivenacker Tiergarten 08.jpg,https://commons.wikimedia.org/wiki/File:Ivenacker_Tiergarten_08.jpg,https://thumb.wikimedia.org/wikipedia/commons/thumb/f/f8/Ivenacker_Tiergarten_08.jpg/1280px-Ivenacker_Tiergarten_08.jpg?utm_source=commons.wikimedia.org&utm_campaign=imageinfo&utm_content=thumbnail,5472,3648,J.-H. Janßen,CC BY-SA 4.0,Quercus,broadleaf,"Category:CC-BY-SA-4.0|Category:Dama dama (groups)|Category:Dama dama eating|Category:Dama dama in Ivenacker Tiergarten|Category:Dead Quercus|Category:Dead trees in Mecklenburg-Vorpommern|Category:Files with coordinates missing SDC location of creation|Category:Images from Wiki Loves Earth 2019|Category:Images from Wiki Loves Earth 2019 in Germany|Category:Images from Wiki Loves Earth 2019, DE-MV|Category:Images from Wiki Loves Earth missing SDC location of creation|Category:Ivenack photographs taken on 2018-06-22|Category:Ivenacker Eichen|Category:Photographs by J.-H. Janßen/Wiki Loves Earth|Category:Photographs by Jan-Herm Janßen/Ivenack|Category:Protected areas with known WDPA-ID|Category:Quercus in Mecklenburg-Vorpommern in June 2018|Category:Quercus robur (dead)|Category:Quercus robur in the Northern Hemisphere in June 2018|Category:Solitary Quercus robur|Category:Taken with Canon EOS 6D and Canon EF 24-105mm F4L IS USM"
180,00180.jpg,File:Kolomenskoe in white - Dec12 - 02 snow.jpg,https://commons.wikimedia.org/wiki/File:Kolomenskoe_in_white_-_Dec12_-_02_snow.jpg,https://thumb.wikimedia.org/wikipedia/commons/thumb/b/be/Kolomenskoe_in_white_-_Dec12_-_02_snow.jpg/1280px-Kolomenskoe_in_white_-_Dec12_-_02_snow.jpg?utm_source=commons.wikimedia.org&utm_campaign=imageinfo&utm_content=thumbnail,4289,3200,A.Savin,CC BY-SA 3.0,Betula,broadleaf,"Category:Betula pendula in Russia|Category:Betula pendula in snow|Category:Betula pendula in winter|Category:CC-BY-SA-3.0,2.5,2.0,1.0|Category:FAL|Category:Files with coordinates missing SDC location of creation|Category:Frost on Betula|Category:Frost on trees in Russia|Category:Gardens in Kolomenskoe|Category:Hoar frost in Russia|Category:Moscow photographs taken on 2012-12-24|Category:Moskva River in Kolomenskoe|Category:Photographs by A.Savin taken in 2012|Category:Photographs by A.Savin/Russia|Category:Quality images|Category:Quality images missing SDC depicts|Category:Quality images missing SDC inception|Category:Quality images of Kolomenskoe|Category:Quality images of frost|Category:Snowy landscapes in Russia|Category:Solitary Betula pendula|Category:Taken with Canon EOS 550D|Category:Taken with Tamron SP AF 17-50mm F2.8|Category:Trees in winter 2012-2013 in Russia|Category:Winter in Kolomenskoe"
181,00181.jpg,File:Lone tree in fog in Brastad 1.jpg,https://commons.wikimedia.org/wiki/File:Lone_tree_in_fog_in_Brastad_1.jpg,https://thumb.wikimedia.org/wikipedia/commons/thumb/7/73/Lone_tree_in_fog_in_Brastad_1.jpg/1280px-Lone_tree_in_fog_in_Brastad_1.jpg?utm_source=commons.wikimedia.org&utm_campaign=imageinfo&utm_content=thumbnail,3648,5472,W.carter,CC BY-SA 4.0,Alnus,broadleaf,"Category:Alnus glutinosa in spring|Category:CC-BY-SA-4.0|Category:Files with coordinates missing SDC location of creation|Category:Fog in Lysekil Municipality|Category:Images by W.carter|Category:Images by W.carter, my own favorites|Category:Lawns in Sweden|Category:Minimalist photographs of landscapes|Category:Self-published work|Category:Silhouettes of trees in Sweden|Category:Solitary Alnus glutinosa|Category:Trees in Brastad"
182,00182.jpg,File:Lone tree in fog in Brastad 2.jpg,https://commons.wikimedia.org/wiki/File:Lone_tree_in_fog_in_Brastad_2.jpg,https://thumb.wikimedia.org/wikipedia/commons/thumb/8/85/Lone_tree_in_fog_in_Brastad_2.jpg/1280px-Lone_tree_in_fog_in_Brastad_2.jpg?utm_source=commons.wikimedia.org&utm_campaign=imageinfo&utm_content=thumbnail,5472,3648,W.carter,CC BY-SA 4.0,Alnus,broadleaf,Category:Alnus glutinosa in spring|Category:CC-BY-SA-4.0|Category:Files with coordinates missing SDC location of creation|Category:Fog in Lysekil Municipality|Category:Images by W.carter|Category:Lawns in Sweden|Category:Minimalist photographs of landscapes|Category:Self-published work|Category:Silhouettes of trees in Sweden|Category:Solitary Alnus glutinosa|Category:Trees in Brastad
183,00183.jpg,File:Lonely birch (14616433241).jpg,https://commons.wikimedia.org/wiki/File:Lonely_birch_(14616433241).jpg,https://thumb.wikimedia.org/wikipedia/commons/thumb/1/1e/Lonely_birch_%2814616433241%29.jpg/1280px-Lonely_birch_%2814616433241%29.jpg?utm_source=commons.wikimedia.org&utm_campaign=imageinfo&utm_content=thumbnail,5184,3888,"YuJeen from Riga, Latvia",CC BY 2.0,Betula,broadleaf,Category:CC-BY-2.0|Category:Flickr images reviewed by FlickreviewR|Category:Forests in Latvia|Category:Landscapes of Latvia|Category:Photographs by Jevgēnijs Šlihto|Category:Solitary Betula pendula|Category:Taken with Sony DSC-HX300|Category:Trees in Riga
184,00184.jpg,File:Lonely tree of birch.jpg,https://commons.wikimedia.org/wiki/File:Lonely_tree_of_birch.jpg,https://thumb.wikimedia.org/wikipedia/commons/thumb/0/0e/Lonely_tree_of_birch.jpg/1280px-Lonely_tree_of_birch.jpg?utm_source=commons.wikimedia.org&utm_campaign=imageinfo&utm_content=thumbnail,4000,6000,Øyvind Holmstad,CC BY-SA 4.0,Betula,broadleaf,Category:Betula pendula in snow|Category:Betula pendula in winter|Category:CC-BY-SA-4.0|Category:Self-published work|Category:Solitary Betula pendula
185,00185.jpg,File:Mehlinger Heide 1 (Hans Buch).jpg,https://commons.wikimedia.org/wiki/File:Mehlinger_Heide_1_(Hans_Buch).jpg,https://thumb.wikimedia.org/wikipedia/commons/thumb/6/6b/Mehlinger_Heide_1_%28Hans_Buch%29.jpg/1280px-Mehlinger_Heide_1_%28Hans_Buch%29.jpg?utm_source=commons.wikimedia.org&utm_campaign=imageinfo&utm_content=thumbnail,2163,1761,"--Immanuel Giel 08:02, 4 May 2007 (UTC)",Public domain,Quercus,broadleaf,Category:Naturschutzgebiet Mehlinger Heide|Category:PD-self|Category:Quercus robur in May 2007|Category:Quercus robur in Rhineland-Palatinate|Category:Self-published work|Category:Solitary Quercus robur|Category:Taken with Canon Digital IXUS 500|Category:Trees in Landkreis Kaiserslautern
186,00186.jpg,File:Millstätter Berg Birke Lammersdorf.JPG,https://commons.wikimedia.org/wiki/File:Millst%C3%A4tter_Berg_Birke_Lammersdorf.JPG,https://thumb.wikimedia.org/wikipedia/commons/thumb/c/c7/Millst%C3%A4tter_Berg_Birke_Lammersdorf.JPG/1280px-Millst%C3%A4tter_Berg_Birke_Lammersdorf.JPG?utm_source=commons.wikimedia.org&utm_campaign=imageinfo&utm_content=thumbnail,1944,2592,Joadl,CC BY-SA 4.0,Betula,broadleaf,"Category:Austria photographs taken on 2008-11-02|Category:Autumn 2008 in Carinthia|Category:Betula pendula in autumn|Category:CC-BY-SA-4.0|Category:Files by User:Joadl|Category:Files with coordinates missing SDC location of creation|Category:Flora of Carinthia|Category:Joadl AUST A|Category:Lammersdorf, Carinthia|Category:Self-published work|Category:Solitary Betula pendula|Category:Taken with Canon PowerShot G9|Category:Trees with blue sky background"
187,00187.jpg,File:Mombach fg08.jpg,https://commons.wikimedia.org/wiki/File:Mombach_fg08.jpg,https://upload.wikimedia.org/wikipedia/commons/3/39/Mombach_fg08.jpg?utm_source=commons.wikimedia.org&utm_campaign=imageinfo&utm_content=thumbnail_unscaled,1200,798,Fritz Geller-Grimm,CC BY-SA 3.0,Pinus,conifer,Category:CC-BY-SA-3.0|Category:Erosion in Rhineland-Palatinate|Category:Mainzer Sand|Category:Self-published work|Category:Solitary Pinus sylvestris
188,00188.jpg,File:Nationaal Park Weerribben-Wieden. Vlonderpad in de Wieden.JPG,https://commons.wikimedia.org/wiki/File:Nationaal_Park_Weerribben-Wieden._Vlonderpad_in_de_Wieden.JPG,https://thumb.wikimedia.org/wikipedia/commons/thumb/4/48/Nationaal_Park_Weerribben-Wieden._Vlonderpad_in_de_Wieden.JPG/1280px-Nationaal_Park_Weerribben-Wieden._Vlonderpad_in_de_Wieden.JPG?utm_source=commons.wikimedia.org&utm_campaign=imageinfo&utm_content=thumbnail,2574,3334,Dominicus Johannes Bergsma,CC BY-SA 3.0 nl,Alnus,broadleaf,Category:Boardwalks in Weerribben-Wieden|Category:CC-BY-SA-3.0-NL|Category:De Wieden|Category:Images from Wiki Loves Earth 2014|Category:Images from Wiki Loves Earth 2014 in the Netherlands|Category:Images from Wiki Loves Earth 2014 in the Netherlands - humans|Category:Images from Wiki Loves Earth in the Netherlands - Weerribben-Wieden|Category:Images from Wiki Loves Earth missing SDC location of creation|Category:Netherlands photographs taken on 2014-06-07|Category:Quality images|Category:Quality images by Famberhorst|Category:Quality images from Wiki Loves Earth 2014 in the Netherlands|Category:Quality images of boardwalks|Category:Quality images of nature|Category:Self-published work|Category:Solitary Alnus glutinosa|Category:Taken with Canon EOS M|Category:Uploaded via Campaign:wle-nl
189,00189.jpg,File:Oak in Durbuy.jpg,https://commons.wikimedia.org/wiki/File:Oak_in_Durbuy.jpg,https://thumb.wikimedia.org/wikipedia/commons/thumb/f/f3/Oak_in_Durbuy.jpg/1280px-Oak_in_Durbuy.jpg?utm_source=commons.wikimedia.org&utm_campaign=imageinfo&utm_content=thumbnail,2848,4288,Pierre-Jacques DESPA,CC BY-SA 4.0,Quercus,broadleaf,"Category:2017 in Durbuy|Category:Autumn 2017 in Belgium|Category:Belgium photographs taken on 2017-10-29|Category:CC-BY-SA-4.0|Category:Files with coordinates missing SDC location of creation (50° N, 5° E)|Category:Quality images|Category:Quality images by PJDespa|Category:Quality images missing SDC depicts|Category:Quality images of Durbuy|Category:Quality images of Quercus robur|Category:Quercus robur in Belgium|Category:Quercus robur in autumn|Category:Quercus robur in the Northern Hemisphere in October|Category:Self-published work|Category:Solitary Quercus robur|Category:Taken with Nikon D90|Category:Tohogne|Category:Trees in Durbuy"
190,00190.jpg,File:Old Oak in Mont.jpg,https://commons.wikimedia.org/wiki/File:Old_Oak_in_Mont.jpg,https://thumb.wikimedia.org/wikipedia/commons/thumb/7/7d/Old_Oak_in_Mont.jpg/1280px-Old_Oak_in_Mont.jpg?utm_source=commons.wikimedia.org&utm_campaign=imageinfo&utm_content=thumbnail,2848,4288,Pierre-Jacques DESPA,CC BY-SA 4.0,Quercus,broadleaf,"Category:2018 in Comblain-au-Pont|Category:Bare trees in Belgium|Category:Belgium photographs taken on 2018-03-11|Category:CC-BY-SA-4.0|Category:Files with coordinates missing SDC location of creation (50° N, 5° E)|Category:GR 57 in Comblain-au-Pont|Category:March 2018 in Wallonia|Category:Mont, Comblain-au-Pont|Category:Quality images|Category:Quality images by PJDespa|Category:Quality images of Comblain-au-Pont|Category:Quality images of Quercus robur|Category:Quercus in Belgium|Category:Self-published work|Category:Solitary Quercus robur|Category:Tige du Raideux|Category:Trees in Comblain-au-Pont|Category:Winter 2017-2018 in Belgium"
191,00191.jpg,File:Pino cerca del Peñalara en la Sierra de Guadarrama.jpg,https://commons.wikimedia.org/wiki/File:Pino_cerca_del_Pe%C3%B1alara_en_la_Sierra_de_Guadarrama.jpg,https://thumb.wikimedia.org/wikipedia/commons/thumb/5/57/Pino_cerca_del_Pe%C3%B1alara_en_la_Sierra_de_Guadarrama.jpg/1280px-Pino_cerca_del_Pe%C3%B1alara_en_la_Sierra_de_Guadarrama.jpg?utm_source=commons.wikimedia.org&utm_campaign=imageinfo&utm_content=thumbnail,6000,4000,Tanja Freibott,CC BY-SA 4.0,Pinus,conifer,Category:All media supported by Wikimedia España in 2023|Category:CC-BY-SA-4.0|Category:Cuenca del Guadarrama (Special Area of Conservation)|Category:Images from Wiki Loves Earth 2023|Category:Images from Wiki Loves Earth 2023 in Spain|Category:Images from Wiki Loves Earth missing SDC depicts|Category:Images from Wiki Loves Earth missing SDC location of creation|Category:Nature of Spain in 2022|Category:Peñalara|Category:Self-published work|Category:Solitary Pinus sylvestris|Category:Special Areas of Conservation in Spain with known IDs|Category:Uploaded via Campaign:wle-es|Category:Windswept trees
192,00192.jpg,File:Pinus sylvestris (458528427).jpg,https://commons.wikimedia.org/wiki/File:Pinus_sylvestris_(458528427).jpg,https://thumb.wikimedia.org/wikipedia/commons/thumb/e/e7/Pinus_sylvestris_%28458528427%29.jpg/1280px-Pinus_sylvestris_%28458528427%29.jpg?utm_source=commons.wikimedia.org&utm_campaign=imageinfo&utm_content=thumbnail,3872,2592,"Randi Hausken from Bærum, Norway",CC BY-SA 2.0,Pinus,conifer,Category:April in Telemark|Category:CC-BY-SA-2.0|Category:Flickr images reviewed by File Upload Bot (Magnus Manske)|Category:Forests in Telemark|Category:Norway photographs taken on 2007-04-01|Category:Norway puzzle|Category:Photographs of Telemark by Randi Hausken|Category:Pinus sylvestris in Telemark|Category:Snowy landscapes in Telemark|Category:Solitary Pinus sylvestris|Category:Taken with Sony DSLR-A100|Category:Unidentified locations in Telemark|Category:Valleys of Telemark
193,00193.jpg,File:Pinus sylvestris (462928103).jpg,https://commons.wikimedia.org/wiki/File:Pinus_sylvestris_(462928103).jpg,https://thumb.wikimedia.org/wikipedia/commons/thumb/9/9a/Pinus_sylvestris_%28462928103%29.jpg/1280px-Pinus_sylvestris_%28462928103%29.jpg?utm_source=commons.wikimedia.org&utm_campaign=imageinfo&utm_content=thumbnail,3872,2592,"Randi Hausken from Bærum, Norway",CC BY-SA 2.0,Pinus,conifer,Category:April in Telemark|Category:CC-BY-SA-2.0|Category:Countryside in Telemark|Category:Flickr images reviewed by File Upload Bot (Magnus Manske)|Category:Mountains of Telemark|Category:Norway photographs taken on 2007-04-01|Category:Norway puzzle|Category:Photographs of Telemark by Randi Hausken|Category:Pinus sylvestris in Telemark|Category:Snowy landscapes in Telemark|Category:Solitary Pinus sylvestris|Category:Taken with Sony DSLR-A100|Category:Valleys of Telemark
194,00194.jpg,File:Pinus sylvestris TK 2023-05-06 3.jpg,https://commons.wikimedia.org/wiki/File:Pinus_sylvestris_TK_2023-05-06_3.jpg,https://thumb.wikimedia.org/wikipedia/commons/thumb/1/1b/Pinus_sylvestris_TK_2023-05-06_3.jpg/1280px-Pinus_sylvestris_TK_2023-05-06_3.jpg?utm_source=commons.wikimedia.org&utm_campaign=imageinfo&utm_content=thumbnail,4101,6151,T. Kebert,CC BY-SA 4.0,Pinus,conifer,Category:CC-BY-SA-4.0|Category:Photos by Nefronus|Category:Pinus sylvestris in the Czech Republic|Category:Self-published work|Category:Solitary Pinus sylvestris
195,00195.jpg,File:Pinus sylvestris TK 2023-05-06 4.jpg,https://commons.wikimedia.org/wiki/File:Pinus_sylvestris_TK_2023-05-06_4.jpg,https://thumb.wikimedia.org/wikipedia/commons/thumb/3/3f/Pinus_sylvestris_TK_2023-05-06_4.jpg/1280px-Pinus_sylvestris_TK_2023-05-06_4.jpg?utm_source=commons.wikimedia.org&utm_campaign=imageinfo&utm_content=thumbnail,4071,6106,T. Kebert,CC BY-SA 4.0,Pinus,conifer,Category:CC-BY-SA-4.0|Category:Photos by Nefronus|Category:Pinus sylvestris in the Czech Republic|Category:Quality images|Category:Quality images by Nefronus|Category:Quality images missing SDC depicts|Category:Self-published work|Category:Solitary Pinus sylvestris
196,00196.jpg,File:Pinus sylvestris growing solitary in Semey Ormany.jpg,https://commons.wikimedia.org/wiki/File:Pinus_sylvestris_growing_solitary_in_Semey_Ormany.jpg,https://thumb.wikimedia.org/wikipedia/commons/thumb/2/2f/Pinus_sylvestris_growing_solitary_in_Semey_Ormany.jpg/1280px-Pinus_sylvestris_growing_solitary_in_Semey_Ormany.jpg?utm_source=commons.wikimedia.org&utm_campaign=imageinfo&utm_content=thumbnail,2048,1536,Ruslan Kastani,CC BY-SA 4.0,Pinus,conifer,Category:CC-BY-SA-4.0|Category:Files with coordinates missing SDC location of creation|Category:Images from Wiki Loves Earth 2022|Category:Images from Wiki Loves Earth 2022 in Kazakhstan|Category:Images from Wiki Loves Earth missing SDC location of creation|Category:Kazakhstan photographs taken on 2019-07-28|Category:Self-published work|Category:Semey Ormany|Category:Solitary Pinus sylvestris|Category:Uploaded via Campaign:wle-kz
197,00197.jpg,File:Pinus sylvestris in Bua Hed.jpg,https://commons.wikimedia.org/wiki/File:Pinus_sylvestris_in_Bua_Hed.jpg,https://thumb.wikimedia.org/wikipedia/commons/thumb/9/9a/Pinus_sylvestris_in_Bua_Hed.jpg/1280px-Pinus_sylvestris_in_Bua_Hed.jpg?utm_source=commons.wikimedia.org&utm_campaign=imageinfo&utm_content=thumbnail,5496,3670,Averater,CC BY 3.0,Pinus,conifer,Category:Bua Hed|Category:CC-BY-3.0|Category:Files with coordinates missing SDC location of creation|Category:GFDL|Category:License migration redundant|Category:Photos by Averater around Sotenäs|Category:Self-published work|Category:Solitary Pinus sylvestris
198,00198.jpg,File:Pinus sylvestris in Semey Ormany 1.jpg,https://commons.wikimedia.org/wiki/File:Pinus_sylvestris_in_Semey_Ormany_1.jpg,https://thumb.wikimedia.org/wikipedia/commons/thumb/7/7a/Pinus_sylvestris_in_Semey_Ormany_1.jpg/1280px-Pinus_sylvestris_in_Semey_Ormany_1.jpg?utm_source=commons.wikimedia.org&utm_campaign=imageinfo&utm_content=thumbnail,2048,1536,Ruslan Kastani,CC BY-SA 4.0,Pinus,conifer,Category:CC-BY-SA-4.0|Category:Files with coordinates missing SDC location of creation|Category:Images from Wiki Loves Earth 2022|Category:Images from Wiki Loves Earth 2022 in Kazakhstan|Category:Images from Wiki Loves Earth missing SDC location of creation|Category:Kazakhstan photographs taken on 2019-07-22|Category:Self-published work|Category:Semey Ormany|Category:Solitary Pinus sylvestris|Category:Uploaded via Campaign:wle-kz
199,00199.jpg,File:Pinus sylvestris in Semey Ormany 4.jpg,https://commons.wikimedia.org/wiki/File:Pinus_sylvestris_in_Semey_Ormany_4.jpg,https://thumb.wikimedia.org/wikipedia/commons/thumb/9/9d/Pinus_sylvestris_in_Semey_Ormany_4.jpg/1280px-Pinus_sylvestris_in_Semey_Ormany_4.jpg?utm_source=commons.wikimedia.org&utm_campaign=imageinfo&utm_content=thumbnail,2048,1536,Ruslan Kastani,CC BY-SA 4.0,Pinus,conifer,Category:CC-BY-SA-4.0|Category:Files with coordinates missing SDC location of creation|Category:Images from Wiki Loves Earth 2022|Category:Images from Wiki Loves Earth 2022 in Kazakhstan|Category:Images from Wiki Loves Earth missing SDC location of creation|Category:Kazakhstan photographs taken on 2019-07-22|Category:Self-published work|Category:Semey Ormany|Category:Solitary Pinus sylvestris|Category:Uploaded via Campaign:wle-kz
200,00200.jpg,File:Pinus sylvestris in Semey Ormany 6.jpg,https://commons.wikimedia.org/wiki/File:Pinus_sylvestris_in_Semey_Ormany_6.jpg,https://thumb.wikimedia.org/wikipedia/commons/thumb/7/7f/Pinus_sylvestris_in_Semey_Ormany_6.jpg/1280px-Pinus_sylvestris_in_Semey_Ormany_6.jpg?utm_source=commons.wikimedia.org&utm_campaign=imageinfo&utm_content=thumbnail,2048,1536,Ruslan Kastani,CC BY-SA 4.0,Pinus,conifer,Category:CC-BY-SA-4.0|Category:Files with coordinates missing SDC location of creation|Category:Images from Wiki Loves Earth 2022|Category:Images from Wiki Loves Earth 2022 in Kazakhstan|Category:Images from Wiki Loves Earth missing SDC location of creation|Category:Kazakhstan photographs taken on 2019-07-28|Category:Self-published work|Category:Semey Ormany|Category:Solitary Pinus sylvestris|Category:Uploaded via Campaign:wle-kz
201,00201.jpg,File:Pinus sylvestris in Semey Ormany 8.jpg,https://commons.wikimedia.org/wiki/File:Pinus_sylvestris_in_Semey_Ormany_8.jpg,https://thumb.wikimedia.org/wikipedia/commons/thumb/9/90/Pinus_sylvestris_in_Semey_Ormany_8.jpg/1280px-Pinus_sylvestris_in_Semey_Ormany_8.jpg?utm_source=commons.wikimedia.org&utm_campaign=imageinfo&utm_content=thumbnail,2048,1536,Ruslan Kastani,CC BY-SA 4.0,Pinus,conifer,Category:CC-BY-SA-4.0|Category:Files with coordinates missing SDC location of creation|Category:Images from Wiki Loves Earth 2022|Category:Images from Wiki Loves Earth 2022 in Kazakhstan|Category:Images from Wiki Loves Earth missing SDC location of creation|Category:Kazakhstan photographs taken on 2019-07-28|Category:Self-published work|Category:Semey Ormany|Category:Solitary Pinus sylvestris|Category:Uploaded via Campaign:wle-kz
202,00202.jpg,File:Pinus sylvestris solitary tree in Semey Ormany.jpg,https://commons.wikimedia.org/wiki/File:Pinus_sylvestris_solitary_tree_in_Semey_Ormany.jpg,https://thumb.wikimedia.org/wikipedia/commons/thumb/9/91/Pinus_sylvestris_solitary_tree_in_Semey_Ormany.jpg/1280px-Pinus_sylvestris_solitary_tree_in_Semey_Ormany.jpg?utm_source=commons.wikimedia.org&utm_campaign=imageinfo&utm_content=thumbnail,2048,1536,Ruslan Kastani,CC BY-SA 4.0,Pinus,conifer,Category:CC-BY-SA-4.0|Category:Files with coordinates missing SDC location of creation|Category:Images from Wiki Loves Earth 2022|Category:Images from Wiki Loves Earth 2022 in Kazakhstan|Category:Images from Wiki Loves Earth missing SDC location of creation|Category:Kazakhstan photographs taken on 2019-07-22|Category:Self-published work|Category:Semey Ormany|Category:Solitary Pinus sylvestris|Category:Uploaded via Campaign:wle-kz
203,00203.jpg,File:Pinus sylvestris subsp. sylvestris sl4.jpg,https://commons.wikimedia.org/wiki/File:Pinus_sylvestris_subsp._sylvestris_sl4.jpg,https://thumb.wikimedia.org/wikipedia/commons/thumb/2/21/Pinus_sylvestris_subsp._sylvestris_sl4.jpg/1280px-Pinus_sylvestris_subsp._sylvestris_sl4.jpg?utm_source=commons.wikimedia.org&utm_campaign=imageinfo&utm_content=thumbnail,3936,4720,Stefan.lefnaer,CC BY-SA 4.0,Pinus,conifer,Category:CC-BY-SA-4.0|Category:Files with coordinates missing SDC location of creation|Category:Flora of Ernstbrunner Wald|Category:Flora of Göllersdorf|Category:Pannonian Flora|Category:Plants of Austria in March|Category:Self-published work|Category:Solitary Pinus sylvestris
204,00204.jpg,"File:Pinus sylvestris, Luulamminsuo, Urho Kekkonen National Park, Lapland, Finland, 2017-06-09 - 35410796780.jpg","https://commons.wikimedia.org/wiki/File:Pinus_sylvestris,_Luulamminsuo,_Urho_Kekkonen_National_Park,_Lapland,_Finland,_2017-06-09_-_35410796780.jpg",https://thumb.wikimedia.org/wikipedia/commons/thumb/6/60/Pinus_sylvestris%2C_Luulamminsuo%2C_Urho_Kekkonen_National_Park%2C_Lapland%2C_Finland%2C_2017-06-09_-_35410796780.jpg/1280px-Pinus_sylvestris%2C_Luulamminsuo%2C_Urho_Kekkonen_National_Park%2C_Lapland%2C_Finland%2C_2017-06-09_-_35410796780.jpg?utm_source=commons.wikimedia.org&utm_campaign=imageinfo&utm_content=thumbnail,4928,3264,Tero Laakso,CC BY 2.0,Pinus,conifer,"Category:CC-BY-2.0|Category:Files with coordinates missing SDC location of creation|Category:Finland photographs taken on 2017-06-09|Category:Flickr images reviewed by FlickreviewR 2|Category:June 2017 in Lapland, Finland|Category:Mires in Finland|Category:Photographs by Tero Laakso|Category:Pinus sylvestris in Finland|Category:Solitary Pinus sylvestris|Category:Taken with Nikon D5100|Category:Urho Kekkonen National Park"
205,00205.jpg,"File:Pinus sylvestris, Luulamminsuo, Urho Kekkonen National Park, Lapland, Finland, 2017-06-09 202206.jpg","https://commons.wikimedia.org/wiki/File:Pinus_sylvestris,_Luulamminsuo,_Urho_Kekkonen_National_Park,_Lapland,_Finland,_2017-06-09_202206.jpg",https://thumb.wikimedia.org/wikipedia/commons/thumb/7/78/Pinus_sylvestris%2C_Luulamminsuo%2C_Urho_Kekkonen_National_Park%2C_Lapland%2C_Finland%2C_2017-06-09_202206.jpg/1280px-Pinus_sylvestris%2C_Luulamminsuo%2C_Urho_Kekkonen_National_Park%2C_Lapland%2C_Finland%2C_2017-06-09_202206.jpg?utm_source=commons.wikimedia.org&utm_campaign=imageinfo&utm_content=thumbnail,3264,4928,Tero Laakso,CC BY 2.0,Pinus,conifer,"Category:CC-BY-2.0|Category:Files with coordinates missing SDC location of creation|Category:Finland photographs taken on 2017-06-09|Category:Flickr images reviewed by FlickreviewR 2|Category:June 2017 in Lapland, Finland|Category:Mires in Finland|Category:Photographs by Tero Laakso|Category:Pinus sylvestris in Finland|Category:Solitary Pinus sylvestris|Category:Urho Kekkonen National Park"
206,00206.jpg,"File:Pinus sylvestris, Luulamminsuo, Urho Kekkonen National Park, Lapland, Finland, 2017-06-09 202408.jpg","https://commons.wikimedia.org/wiki/File:Pinus_sylvestris,_Luulamminsuo,_Urho_Kekkonen_National_Park,_Lapland,_Finland,_2017-06-09_202408.jpg",https://thumb.wikimedia.org/wikipedia/commons/thumb/f/f1/Pinus_sylvestris%2C_Luulamminsuo%2C_Urho_Kekkonen_National_Park%2C_Lapland%2C_Finland%2C_2017-06-09_202408.jpg/1280px-Pinus_sylvestris%2C_Luulamminsuo%2C_Urho_Kekkonen_National_Park%2C_Lapland%2C_Finland%2C_2017-06-09_202408.jpg?utm_source=commons.wikimedia.org&utm_campaign=imageinfo&utm_content=thumbnail,3264,4928,Tero Laakso,CC BY 2.0,Pinus,conifer,"Category:CC-BY-2.0|Category:Files with coordinates missing SDC location of creation|Category:Finland photographs taken on 2017-06-09|Category:Flickr images reviewed by FlickreviewR 2|Category:June 2017 in Lapland, Finland|Category:Mires in Finland|Category:Photographs by Tero Laakso|Category:Pinus sylvestris in Finland|Category:Solitary Pinus sylvestris|Category:Urho Kekkonen National Park"
207,00207.jpg,File:Populus alba Topola biała 2020-10-25 01.jpg,https://commons.wikimedia.org/wiki/File:Populus_alba_Topola_bia%C5%82a_2020-10-25_01.jpg,https://thumb.wikimedia.org/wikipedia/commons/thumb/9/98/Populus_alba_Topola_bia%C5%82a_2020-10-25_01.jpg/1280px-Populus_alba_Topola_bia%C5%82a_2020-10-25_01.jpg?utm_source=commons.wikimedia.org&utm_campaign=imageinfo&utm_content=thumbnail,4415,3310,"Agnieszka Kwiecień, Nova",CC BY-SA 4.0,Populus,broadleaf,"Category:CC-BY-SA-4.0|Category:Flora of Sołtysowice, Wrocław|Category:Poland photographs taken on 2020-10-25|Category:Populus alba|Category:Populus alba in October|Category:Populus alba in Poland|Category:Populus alba in autumn|Category:Self-published work|Category:Solitary Populus alba"
208,00208.jpg,File:Populus alba Topola biała 2020-10-25 02.jpg,https://commons.wikimedia.org/wiki/File:Populus_alba_Topola_bia%C5%82a_2020-10-25_02.jpg,https://thumb.wikimedia.org/wikipedia/commons/thumb/6/66/Populus_alba_Topola_bia%C5%82a_2020-10-25_02.jpg/1280px-Populus_alba_Topola_bia%C5%82a_2020-10-25_02.jpg?utm_source=commons.wikimedia.org&utm_campaign=imageinfo&utm_content=thumbnail,3308,4411,"Agnieszka Kwiecień, Nova",CC BY-SA 4.0,Populus,broadleaf,"Category:CC-BY-SA-4.0|Category:Flora of Sołtysowice, Wrocław|Category:Poland photographs taken on 2020-10-25|Category:Populus alba|Category:Populus alba in October|Category:Populus alba in Poland|Category:Populus alba in autumn|Category:Self-published work|Category:Solitary Populus alba"
209,00209.jpg,File:Populus alba Topola biała 2023-05-03 Sołtysowice 01.jpg,https://commons.wikimedia.org/wiki/File:Populus_alba_Topola_bia%C5%82a_2023-05-03_So%C5%82tysowice_01.jpg,https://thumb.wikimedia.org/wikipedia/commons/thumb/3/39/Populus_alba_Topola_bia%C5%82a_2023-05-03_So%C5%82tysowice_01.jpg/1280px-Populus_alba_Topola_bia%C5%82a_2023-05-03_So%C5%82tysowice_01.jpg?utm_source=commons.wikimedia.org&utm_campaign=imageinfo&utm_content=thumbnail,4189,3142,"Agnieszka Kwiecień, Nova",CC BY-SA 4.0,Populus,broadleaf,"Category:CC-BY-SA-4.0|Category:Flora of Sołtysowice, Wrocław|Category:Populus alba in May|Category:Populus alba in Poland|Category:Populus alba in spring|Category:Self-published work|Category:Solitary Populus alba"
210,00210.jpg,File:Populus alba Topola biała 2023-05-03 Sołtysowice 02.jpg,https://commons.wikimedia.org/wiki/File:Populus_alba_Topola_bia%C5%82a_2023-05-03_So%C5%82tysowice_02.jpg,https://thumb.wikimedia.org/wikipedia/commons/thumb/c/ca/Populus_alba_Topola_bia%C5%82a_2023-05-03_So%C5%82tysowice_02.jpg/1280px-Populus_alba_Topola_bia%C5%82a_2023-05-03_So%C5%82tysowice_02.jpg?utm_source=commons.wikimedia.org&utm_campaign=imageinfo&utm_content=thumbnail,4608,3456,"Agnieszka Kwiecień, Nova",CC BY-SA 4.0,Populus,broadleaf,"Category:CC-BY-SA-4.0|Category:Flora of Sołtysowice, Wrocław|Category:Populus alba in May|Category:Populus alba in Poland|Category:Populus alba in spring|Category:Self-published work|Category:Solitary Populus alba"
211,00211.jpg,File:Populus alba Topola biała 2023-05-03 Sołtysowice 03.jpg,https://commons.wikimedia.org/wiki/File:Populus_alba_Topola_bia%C5%82a_2023-05-03_So%C5%82tysowice_03.jpg,https://thumb.wikimedia.org/wikipedia/commons/thumb/9/98/Populus_alba_Topola_bia%C5%82a_2023-05-03_So%C5%82tysowice_03.jpg/1280px-Populus_alba_Topola_bia%C5%82a_2023-05-03_So%C5%82tysowice_03.jpg?utm_source=commons.wikimedia.org&utm_campaign=imageinfo&utm_content=thumbnail,3456,4608,"Agnieszka Kwiecień, Nova",CC BY-SA 4.0,Populus,broadleaf,"Category:CC-BY-SA-4.0|Category:Flora of Sołtysowice, Wrocław|Category:Populus alba in May|Category:Populus alba in Poland|Category:Populus alba in spring|Category:Self-published work|Category:Solitary Populus alba"
212,00212.jpg,File:Populus alba Topola biała 2023-05-03 Sołtysowice 04.jpg,https://commons.wikimedia.org/wiki/File:Populus_alba_Topola_bia%C5%82a_2023-05-03_So%C5%82tysowice_04.jpg,https://thumb.wikimedia.org/wikipedia/commons/thumb/9/92/Populus_alba_Topola_bia%C5%82a_2023-05-03_So%C5%82tysowice_04.jpg/1280px-Populus_alba_Topola_bia%C5%82a_2023-05-03_So%C5%82tysowice_04.jpg?utm_source=commons.wikimedia.org&utm_campaign=imageinfo&utm_content=thumbnail,3117,4156,"Agnieszka Kwiecień, Nova",CC BY-SA 4.0,Populus,broadleaf,"Category:CC-BY-SA-4.0|Category:Flora of Sołtysowice, Wrocław|Category:Populus alba in May|Category:Populus alba in Poland|Category:Populus alba in spring|Category:Self-published work|Category:Solitary Populus alba"
213,00213.jpg,File:Populus alba Topola biała 2023-05-03 Sołtysowice 05.jpg,https://commons.wikimedia.org/wiki/File:Populus_alba_Topola_bia%C5%82a_2023-05-03_So%C5%82tysowice_05.jpg,https://thumb.wikimedia.org/wikipedia/commons/thumb/5/5c/Populus_alba_Topola_bia%C5%82a_2023-05-03_So%C5%82tysowice_05.jpg/1280px-Populus_alba_Topola_bia%C5%82a_2023-05-03_So%C5%82tysowice_05.jpg?utm_source=commons.wikimedia.org&utm_campaign=imageinfo&utm_content=thumbnail,3347,4463,"Agnieszka Kwiecień, Nova",CC BY-SA 4.0,Populus,broadleaf,"Category:CC-BY-SA-4.0|Category:Flora of Sołtysowice, Wrocław|Category:Populus alba in May|Category:Populus alba in Poland|Category:Populus alba in spring|Category:Self-published work|Category:Solitary Populus alba"
214,00214.jpg,File:Quercus pedunculiflora.jpg,https://commons.wikimedia.org/wiki/File:Quercus_pedunculiflora.jpg,https://thumb.wikimedia.org/wikipedia/commons/thumb/8/86/Quercus_pedunculiflora.jpg/1280px-Quercus_pedunculiflora.jpg?utm_source=commons.wikimedia.org&utm_campaign=imageinfo&utm_content=thumbnail,4000,3000,Димитър Найденов / Dimìtar Nàydenov,CC BY-SA 4.0,Quercus,broadleaf,Category:CC-BY-SA-4.0|Category:Quercus robur in Bulgaria|Category:Quercus robur subsp. pedunculiflora|Category:Self-published work|Category:Solitary Quercus robur|Category:Yambol Province
215,00215.jpg,File:Quercus robur - alone tree.jpg,https://commons.wikimedia.org/wiki/File:Quercus_robur_-_alone_tree.jpg,https://upload.wikimedia.org/wikipedia/commons/f/fc/Quercus_robur_-_alone_tree.jpg?utm_source=commons.wikimedia.org&utm_campaign=imageinfo&utm_content=thumbnail_unscaled,964,1178,Bartosz Cuber,CC BY-SA 3.0,Quercus,broadleaf,Category:CC-BY-SA-3.0|Category:Quercus robur in the Northern Hemisphere in June|Category:Self-published work|Category:Solitary Quercus robur|Category:Taken with Samsung GX20
216,00216.jpg,File:Reilsheim Eiche.jpg,https://commons.wikimedia.org/wiki/File:Reilsheim_Eiche.jpg,https://thumb.wikimedia.org/wikipedia/commons/thumb/c/cb/Reilsheim_Eiche.jpg/1280px-Reilsheim_Eiche.jpg?utm_source=commons.wikimedia.org&utm_campaign=imageinfo&utm_content=thumbnail,3000,4000,Michael Linnenbach,CC BY-SA 4.0,Quercus,broadleaf,"Category:Bammental|Category:CC-BY-SA-4.0|Category:Files with coordinates missing SDC location of creation (49° N, 8° E)|Category:Natural monuments in Bammental|Category:Natural monuments in Rhein-Neckar-Kreis|Category:Quercus robur in Rhein-Neckar-Kreis|Category:Quercus robur in the Northern Hemisphere in February|Category:Self-published work|Category:Solitary Quercus robur"
217,00217.jpg,"File:Ruhland, Friedrich-Engels-Straße 2+3+4, Kiefer auf dem Wohnhof 01.jpg","https://commons.wikimedia.org/wiki/File:Ruhland,_Friedrich-Engels-Stra%C3%9Fe_2%2B3%2B4,_Kiefer_auf_dem_Wohnhof_01.jpg",https://thumb.wikimedia.org/wikipedia/commons/thumb/3/36/Ruhland%2C_Friedrich-Engels-Stra%C3%9Fe_2%2B3%2B4%2C_Kiefer_auf_dem_Wohnhof_01.jpg/960px-Ruhland%2C_Friedrich-Engels-Stra%C3%9Fe_2%2B3%2B4%2C_Kiefer_auf_dem_Wohnhof_01.jpg?utm_source=commons.wikimedia.org&utm_campaign=imageinfo&utm_content=thumbnail,1200,1600,Wilhelm Zimmerling PAR,CC BY-SA 4.0,Pinus,conifer,Category:CC-BY-SA-4.0|Category:Files with coordinates missing SDC location of creation|Category:Pinales in Brandenburg in July 2017|Category:Pinus sylvestris in Ruhland|Category:Pinus sylvestris in the Northern Hemisphere in July 2017|Category:Self-published work|Category:Solitary Pinus sylvestris|Category:Wohnhöfe in Ruhland
218,00218.jpg,"File:Silver Birch (Betula pendula) - Oslo, Norway 2020-08-04.jpg","https://commons.wikimedia.org/wiki/File:Silver_Birch_(Betula_pendula)_-_Oslo,_Norway_2020-08-04.jpg",https://thumb.wikimedia.org/wikipedia/commons/thumb/b/bc/Silver_Birch_%28Betula_pendula%29_-_Oslo%2C_Norway_2020-08-04.jpg/1280px-Silver_Birch_%28Betula_pendula%29_-_Oslo%2C_Norway_2020-08-04.jpg?utm_source=commons.wikimedia.org&utm_campaign=imageinfo&utm_content=thumbnail,3185,4778,Ryan Hodnett,CC BY-SA 4.0,Betula,broadleaf,Category:Betula pendula (cultivated)|Category:CC-BY-SA-4.0|Category:Photographs by Ryan Hodnett|Category:Photographs by Ryan Hodnett (2020)|Category:Photographs by Ryan Hodnett (Nikon D3200)|Category:Photographs by Ryan Hodnett (Oslo)|Category:Photographs by Ryan Hodnett (Sigma 17-70mm F2.8-4.5 DC Macro)|Category:Self-published work|Category:Solitary Betula pendula|Category:Trees in Oslo|Category:Uploaded with pattypan
219,00219.jpg,"File:Snow on birch at Sågvägen, Brastad 2.jpg","https://commons.wikimedia.org/wiki/File:Snow_on_birch_at_S%C3%A5gv%C3%A4gen,_Brastad_2.jpg",https://thumb.wikimedia.org/wikipedia/commons/thumb/6/61/Snow_on_birch_at_S%C3%A5gv%C3%A4gen%2C_Brastad_2.jpg/1280px-Snow_on_birch_at_S%C3%A5gv%C3%A4gen%2C_Brastad_2.jpg?utm_source=commons.wikimedia.org&utm_campaign=imageinfo&utm_content=thumbnail,3500,4674,W.carter,CC BY-SA 4.0,Betula,broadleaf,"Category:Bare trees in Västra Götaland County in snow|Category:Betula pendula in Sweden|Category:Betula pendula in winter|Category:CC-BY-SA-4.0|Category:Files with coordinates missing SDC location of creation|Category:Images by W.carter|Category:Residential buildings in Brastad|Category:Retouched pictures|Category:Self-published work|Category:Snow in Tuntorp, Brastad|Category:Snow-covered tree branches in Sweden|Category:Solitary Betula pendula|Category:Taken with Canon EOS 600D and Canon EF-S 18-55mm f/3.5-5.6 IS II|Category:Trees in Tuntorp, Brastad|Category:Winter in Västra Götaland County"
220,00220.jpg,File:Solitary Quercus robur.jpg,https://commons.wikimedia.org/wiki/File:Solitary_Quercus_robur.jpg,https://thumb.wikimedia.org/wikipedia/commons/thumb/8/8e/Solitary_Quercus_robur.jpg/1280px-Solitary_Quercus_robur.jpg?utm_source=commons.wikimedia.org&utm_campaign=imageinfo&utm_content=thumbnail,4000,6000,Krzysztof Golik,CC BY-SA 4.0,Quercus,broadleaf,Category:CC-BY-SA-4.0|Category:Fagales in France in August 2017|Category:Files with coordinates missing SDC location of creation|Category:Occitanie photographs taken on 2017-08-19|Category:Quercus in Aveyron|Category:Quercus robur in Aveyron|Category:Quercus robur in the Northern Hemisphere in August 2017|Category:Self-published work|Category:Solitary Quercus robur
221,00221.jpg,File:Stileiche Naturdenkmal Bindsachsen.jpg,https://commons.wikimedia.org/wiki/File:Stileiche_Naturdenkmal_Bindsachsen.jpg,https://thumb.wikimedia.org/wikipedia/commons/thumb/e/e1/Stileiche_Naturdenkmal_Bindsachsen.jpg/1280px-Stileiche_Naturdenkmal_Bindsachsen.jpg?utm_source=commons.wikimedia.org&utm_campaign=imageinfo&utm_content=thumbnail,2560,1920,Heidrun Lutz,CC BY-SA 4.0,Quercus,broadleaf,"Category:Bindsachsen|Category:CC-BY-SA-4.0|Category:Files with coordinates missing SDC location of creation (50° N, 9° E)|Category:Images from Wiki Loves Earth 2017|Category:Images from Wiki Loves Earth 2017 in Germany|Category:Images from Wiki Loves Earth missing SDC depicts|Category:Images from Wiki Loves Earth missing SDC location of creation|Category:Natural monuments in Kefenrod|Category:Quercus in Germany in May 2017|Category:Quercus robur in Hesse|Category:Quercus robur in the Northern Hemisphere in May 2017|Category:Self-published work|Category:Solitary Quercus robur"
222,00222.jpg,File:Såvaedje sapén Fagne.jpg,https://commons.wikimedia.org/wiki/File:S%C3%A5vaedje_sap%C3%A9n_Fagne.jpg,https://thumb.wikimedia.org/wikipedia/commons/thumb/1/13/S%C3%A5vaedje_sap%C3%A9n_Fagne.jpg/1280px-S%C3%A5vaedje_sap%C3%A9n_Fagne.jpg?utm_source=commons.wikimedia.org&utm_campaign=imageinfo&utm_content=thumbnail,2256,1496,Lucyin,CC BY-SA 4.0,Pinus,conifer,Category:Belgium photographs taken on 2013-09-26|Category:CC-BY-SA-4.0|Category:High Fens|Category:Photographs by Lucien Mahin|Category:Pinales in Belgium in September 2013|Category:Pinus sylvestris in Belgium|Category:Pinus sylvestris in the Northern Hemisphere in September 2013|Category:Self-published work|Category:Solitary Pinus sylvestris
223,00223.jpg,File:Tall på vintern vid Sigsarve strand norra Gotland.jpg,https://commons.wikimedia.org/wiki/File:Tall_p%C3%A5_vintern_vid_Sigsarve_strand_norra_Gotland.jpg,https://upload.wikimedia.org/wikipedia/commons/c/c7/Tall_p%C3%A5_vintern_vid_Sigsarve_strand_norra_Gotland.jpg?utm_source=commons.wikimedia.org&utm_campaign=imageinfo&utm_content=thumbnail_unscaled,1024,1544,En-cas-de-soleil,CC BY-SA 4.0,Pinus,conifer,Category:CC-BY-SA-4.0|Category:Cinematic style photography|Category:Files with coordinates missing SDC location of creation|Category:Images by En-cas-de-soleil|Category:January 2004 in Gotland|Category:Pinus sylvestris in Gotland|Category:Pinus sylvestris in snow|Category:Pinus sylvestris in the Northern Hemisphere in January 2004|Category:Self-published work|Category:Sigsarve strand|Category:Solitary Pinus sylvestris|Category:Sweden photographs taken on 2004-01-01|Category:Taken with Pentax MZ-30|Category:Trees in Gotland in snow|Category:Winter 2003-2004 in Gotland
224,00224.jpg,File:Tall.jpg,https://commons.wikimedia.org/wiki/File:Tall.jpg,https://upload.wikimedia.org/wikipedia/commons/8/88/Tall.jpg?utm_source=commons.wikimedia.org&utm_campaign=imageinfo&utm_content=thumbnail_unscaled,1280,1280,,CC BY-SA 3.0,Pinus,conifer,"Category:CC-BY-SA-3.0,2.5,2.0,1.0|Category:Files with no machine-readable author|Category:Files with no machine-readable source|Category:Images by User:EnDumEn|Category:Media missing infobox template|Category:Self-published work|Category:Solitary Pinus sylvestris"
225,00225.jpg,File:Tallkrona i naturreservatet Flaten.jpg,https://commons.wikimedia.org/wiki/File:Tallkrona_i_naturreservatet_Flaten.jpg,https://thumb.wikimedia.org/wikipedia/commons/thumb/8/8a/Tallkrona_i_naturreservatet_Flaten.jpg/1280px-Tallkrona_i_naturreservatet_Flaten.jpg?utm_source=commons.wikimedia.org&utm_campaign=imageinfo&utm_content=thumbnail,4032,3024,VulpesVulpes42,CC BY-SA 4.0,Pinus,conifer,Category:CC-BY-SA-4.0|Category:Content made available through Wikimedia Sverige competitions|Category:Flaten nature reserve|Category:Images from Wiki Loves Earth 2020|Category:Images from Wiki Loves Earth 2020 in Sweden|Category:Pinus sylvestris in Stockholm County|Category:Pinus sylvestris in the Northern Hemisphere in January 2020|Category:Protected areas of Sweden with known IDs|Category:Self-published work|Category:Solitary Pinus sylvestris|Category:Stockholm photographs taken on 2020-01-19|Category:Taken with Nokia 8.1 / X7|Category:Uploaded via Campaign:wle-se
226,00226.jpg,File:The winter tree (Explore 2016-01-29) - Flickr - nillamaria.jpg,https://commons.wikimedia.org/wiki/File:The_winter_tree_(Explore_2016-01-29)_-_Flickr_-_nillamaria.jpg,https://thumb.wikimedia.org/wikipedia/commons/thumb/6/6e/The_winter_tree_%28Explore_2016-01-29%29_-_Flickr_-_nillamaria.jpg/1280px-The_winter_tree_%28Explore_2016-01-29%29_-_Flickr_-_nillamaria.jpg?utm_source=commons.wikimedia.org&utm_campaign=imageinfo&utm_content=thumbnail,3456,4649,"Gunilla G from Örnsköldsvik, Sweden",CC BY-SA 2.0,Pinus,conifer,Category:CC-BY-SA-2.0|Category:Files with coordinates missing SDC location of creation|Category:Flickr files uploaded by Red panda bot|Category:Flickr images reviewed by FlickreviewR 2|Category:Photos in Flickr Explore|Category:Pinus sylvestris in Sweden|Category:Pinus sylvestris in snow|Category:Solitary Pinus sylvestris|Category:Sweden photographs taken on 2016-01-24
227,00227.jpg,"File:Tree-1280705, Dingle Peninsula, Co. Kerry, Ireland.jpg","https://commons.wikimedia.org/wiki/File:Tree-1280705,_Dingle_Peninsula,_Co._Kerry,_Ireland.jpg",https://thumb.wikimedia.org/wikipedia/commons/thumb/2/2f/Tree-1280705%2C_Dingle_Peninsula%2C_Co._Kerry%2C_Ireland.jpg/1280px-Tree-1280705%2C_Dingle_Peninsula%2C_Co._Kerry%2C_Ireland.jpg?utm_source=commons.wikimedia.org&utm_campaign=imageinfo&utm_content=thumbnail,3672,4896,Maoileann,CC BY-SA 4.0,Pinus,conifer,Category:Back of signs|Category:Blue sky background in Ireland|Category:CC-BY-SA-4.0|Category:Double power lines|Category:January 2025 Ireland photographs|Category:Pinus in winter|Category:Pinus sylvestris in the Northern Hemisphere in January 2025|Category:Self-published work|Category:Solitary Pinus sylvestris|Category:Trees in County Kerry|Category:Winter in County Kerry|Category:Wooden utility poles in Ireland
228,00228.jpg,File:Trondheim-lake-autumn.jpg,https://commons.wikimedia.org/wiki/File:Trondheim-lake-autumn.jpg,https://thumb.wikimedia.org/wikipedia/commons/thumb/2/26/Trondheim-lake-autumn.jpg/1280px-Trondheim-lake-autumn.jpg?utm_source=commons.wikimedia.org&utm_campaign=imageinfo&utm_content=thumbnail,1944,2592,Orcaborealis,CC BY-SA 3.0,Pinus,conifer,Category:Bymarka|Category:CC-BY-SA-3.0|Category:Lakes of Trøndelag|Category:Self-published work|Category:Solitary Pinus sylvestris|Category:Taken with Canon PowerShot SX100 IS
229,00229.jpg,"File:Tussen Uddel en Elspeet, boom in het veld IMG 4672 2020-04-16 14.42.jpg","https://commons.wikimedia.org/wiki/File:Tussen_Uddel_en_Elspeet,_boom_in_het_veld_IMG_4672_2020-04-16_14.42.jpg",https://thumb.wikimedia.org/wikipedia/commons/thumb/d/da/Tussen_Uddel_en_Elspeet%2C_boom_in_het_veld_IMG_4672_2020-04-16_14.42.jpg/1280px-Tussen_Uddel_en_Elspeet%2C_boom_in_het_veld_IMG_4672_2020-04-16_14.42.jpg?utm_source=commons.wikimedia.org&utm_campaign=imageinfo&utm_content=thumbnail,3350,5112,Michielverbeek,CC BY-SA 4.0,Betula,broadleaf,Category:2020 in Gelderland|Category:CC-BY-SA-4.0|Category:Elspeet|Category:Flora of the Netherlands in April|Category:Nature of Uddel|Category:Netherlands photographs taken on 2020-04-16|Category:Quality images|Category:Quality images missing SDC depicts|Category:Self-published work|Category:Solitary Betula pendula|Category:Trees in the Netherlands in April
230,00230.jpg,File:Valnöt (Juglans regia) - Ystad-2025.jpg,https://commons.wikimedia.org/wiki/File:Valn%C3%B6t_(Juglans_regia)_-_Ystad-2025.jpg,https://thumb.wikimedia.org/wikipedia/commons/thumb/7/7e/Valn%C3%B6t_%28Juglans_regia%29_-_Ystad-2025.jpg/1280px-Valn%C3%B6t_%28Juglans_regia%29_-_Ystad-2025.jpg?utm_source=commons.wikimedia.org&utm_campaign=imageinfo&utm_content=thumbnail,1340,1600,Foto: Jonn Leffmann,CC BY 4.0,Juglans,broadleaf,Category:CC-BY-4.0|Category:Files with coordinates missing SDC location of creation|Category:Nature of Ystad|Category:Solitary Juglans regia
231,00231.jpg,"File:Villandiego, nogal.jpg","https://commons.wikimedia.org/wiki/File:Villandiego,_nogal.jpg",https://thumb.wikimedia.org/wikipedia/commons/thumb/5/59/Villandiego%2C_nogal.jpg/1280px-Villandiego%2C_nogal.jpg?utm_source=commons.wikimedia.org&utm_campaign=imageinfo&utm_content=thumbnail,3968,2976,Óscar Esquivias,CC BY-SA 4.0,Juglans,broadleaf,Category:CC-BY-SA-4.0|Category:Juglans regia in Spain|Category:Self-published work|Category:Solitary Juglans regia|Category:Spain photographs taken on 2017-08-10|Category:Villandiego
232,00232.jpg,File:Walnussbaum im Landschaftsschutzgebiet in Merzhausen am Schönberg.jpg,https://commons.wikimedia.org/wiki/File:Walnussbaum_im_Landschaftsschutzgebiet_in_Merzhausen_am_Sch%C3%B6nberg.jpg,https://thumb.wikimedia.org/wikipedia/commons/thumb/d/da/Walnussbaum_im_Landschaftsschutzgebiet_in_Merzhausen_am_Sch%C3%B6nberg.jpg/1280px-Walnussbaum_im_Landschaftsschutzgebiet_in_Merzhausen_am_Sch%C3%B6nberg.jpg?utm_source=commons.wikimedia.org&utm_campaign=imageinfo&utm_content=thumbnail,4000,3000,Andreas Schwarzkopf,CC BY-SA 4.0,Juglans,broadleaf,Category:CC-BY-SA-4.0|Category:Files with coordinates missing SDC location of creation|Category:Images from Wiki Loves Earth 2020|Category:Images from Wiki Loves Earth 2020 in Germany|Category:Images from Wiki Loves Earth missing SDC depicts|Category:Images from Wiki Loves Earth missing SDC location of creation|Category:Juglans regia in spring|Category:Landschaftsschutzgebiet Schönberg (1982)|Category:Nature of Merzhausen|Category:Photographs by Andreas Schwarzkopf|Category:Self-published work|Category:Solitary Juglans regia|Category:Taken with Canon PowerShot A650 IS|Category:Uploaded with VicuñaUploader
233,00233.jpg,File:Walnut-tree 20041012 2599.JPG,https://commons.wikimedia.org/wiki/File:Walnut-tree_20041012_2599.JPG,https://upload.wikimedia.org/wikipedia/commons/c/c7/Walnut-tree_20041012_2599.JPG?utm_source=commons.wikimedia.org&utm_campaign=imageinfo&utm_content=thumbnail_unscaled,1077,1533,Georg Slickers,CC BY-SA 4.0,Juglans,broadleaf,Category:CC-BY-SA-4.0|Category:Fagales in Rhineland-Palatinate in October|Category:GFDL|Category:Juglandaceae in October|Category:Juglans regia in Rhineland-Palatinate|Category:Juglans regia in autumn|Category:License migration redundant|Category:Self-published work|Category:Solitary Juglans regia|Category:Taken with Canon PowerShot A40|Category:Trees in Landkreis Bad Dürkheim
234,00234.jpg,File:Waschberg Leitzersdorf sl23.jpg,https://commons.wikimedia.org/wiki/File:Waschberg_Leitzersdorf_sl23.jpg,https://thumb.wikimedia.org/wikipedia/commons/thumb/8/88/Waschberg_Leitzersdorf_sl23.jpg/1280px-Waschberg_Leitzersdorf_sl23.jpg?utm_source=commons.wikimedia.org&utm_campaign=imageinfo&utm_content=thumbnail,4128,3096,Stefan.lefnaer,CC BY-SA 4.0,Pinus,conifer,Category:CC-BY-SA-4.0|Category:Files with coordinates missing SDC location of creation|Category:Flora of Bezirk Korneuburg|Category:Flora of Lower Austria in November|Category:Pannonian Flora|Category:Self-published work|Category:Solitary Pinus sylvestris|Category:Taken with Samsung GT-I9505|Category:Waschberg
235,00235.jpg,File:Waschberg Leitzersdorf sl24.jpg,https://commons.wikimedia.org/wiki/File:Waschberg_Leitzersdorf_sl24.jpg,https://thumb.wikimedia.org/wikipedia/commons/thumb/9/9e/Waschberg_Leitzersdorf_sl24.jpg/1280px-Waschberg_Leitzersdorf_sl24.jpg?utm_source=commons.wikimedia.org&utm_campaign=imageinfo&utm_content=thumbnail,4128,3096,Stefan.lefnaer,CC BY-SA 4.0,Pinus,conifer,Category:CC-BY-SA-4.0|Category:Files with coordinates missing SDC location of creation|Category:Flora of Bezirk Korneuburg|Category:Flora of Lower Austria in November|Category:Pannonian Flora|Category:Self-published work|Category:Solitary Pinus sylvestris|Category:Taken with Samsung GT-I9505|Category:Waschberg
236,00236.jpg,File:Waschberg Leitzersdorf sl25.jpg,https://commons.wikimedia.org/wiki/File:Waschberg_Leitzersdorf_sl25.jpg,https://thumb.wikimedia.org/wikipedia/commons/thumb/e/e9/Waschberg_Leitzersdorf_sl25.jpg/1280px-Waschberg_Leitzersdorf_sl25.jpg?utm_source=commons.wikimedia.org&utm_campaign=imageinfo&utm_content=thumbnail,4128,3096,Stefan.lefnaer,CC BY-SA 4.0,Pinus,conifer,Category:CC-BY-SA-4.0|Category:Files with coordinates missing SDC location of creation|Category:Flora of Bezirk Korneuburg|Category:Flora of Lower Austria in November|Category:Pannonian Flora|Category:Self-published work|Category:Solitary Pinus sylvestris|Category:Taken with Samsung GT-I9505|Category:Waschberg
237,00237.jpg,File:Weißkiefer am Steinriesenbach.jpg,https://commons.wikimedia.org/wiki/File:Wei%C3%9Fkiefer_am_Steinriesenbach.jpg,https://thumb.wikimedia.org/wikipedia/commons/thumb/4/42/Wei%C3%9Fkiefer_am_Steinriesenbach.jpg/1280px-Wei%C3%9Fkiefer_am_Steinriesenbach.jpg?utm_source=commons.wikimedia.org&utm_campaign=imageinfo&utm_content=thumbnail,4138,2759,styko,CC BY-SA 3.0 at,Pinus,conifer,Category:Austria photographs taken on 2014-08-13|Category:CC-BY-SA-3.0-AT|Category:Files with coordinates missing SDC location of creation|Category:Images from Wiki Loves Earth 2015|Category:Images from Wiki Loves Earth 2015 in Austria|Category:Images from Wiki Loves Earth missing SDC depicts|Category:Images from Wiki Loves Earth missing SDC location of creation|Category:Natural monuments in Austria needing check|Category:Natural monuments in Austria with known ID|Category:Natural monuments in Bezirk Liezen|Category:Nature of Schladming|Category:Schladminger Tauern|Category:Self-published work|Category:Solitary Pinus sylvestris|Category:Uploaded via Campaign:wle-at-nd
238,00238.jpg,"File:White poplar (Populus alba) and Chinese hibiscus (Hibiscus rosa-sinensis) in courtyard, Our Lady of Tinos, Tinos, Greece julesvernex2-2.jpg","https://commons.wikimedia.org/wiki/File:White_poplar_(Populus_alba)_and_Chinese_hibiscus_(Hibiscus_rosa-sinensis)_in_courtyard,_Our_Lady_of_Tinos,_Tinos,_Greece_julesvernex2-2.jpg",https://thumb.wikimedia.org/wikipedia/commons/thumb/0/0e/White_poplar_%28Populus_alba%29_and_Chinese_hibiscus_%28Hibiscus_rosa-sinensis%29_in_courtyard%2C_Our_Lady_of_Tinos%2C_Tinos%2C_Greece_julesvernex2-2.jpg/1280px-White_poplar_%28Populus_alba%29_and_Chinese_hibiscus_%28Hibiscus_rosa-sinensis%29_in_courtyard%2C_Our_Lady_of_Tinos%2C_Tinos%2C_Greece_julesvernex2-2.jpg?utm_source=commons.wikimedia.org&utm_campaign=imageinfo&utm_content=thumbnail,6198,4113,Jules Verne Times Two,CC BY-SA 4.0,Populus,broadleaf,Category:2024 in Tinos|Category:Architecture images by Julesvernex2|Category:Black and white photographs|Category:CC-BY-SA-4.0|Category:Courtyards in Tinos|Category:Digitally manipulated photographs|Category:Files with coordinates missing SDC location of creation|Category:Fujifilm XF 18mm f1.4 R LM WR (X-mount) images by Julesvernex2|Category:Greece images by Julesvernex2|Category:Hibiscus rosa-sinensis in Greece|Category:Images by User:Julesvernex2|Category:Images with Content Credentials by Julesvernex2|Category:Our Lady of Tinos|Category:PPL3 images by Julesvernex2|Category:Retouched pictures|Category:Solitary Populus alba|Category:Taken with Fujifilm X-H2S|Category:Taken with Fujinon XF18mm F1.4 R LM WR|Category:Uploaded with LrMediaWiki
239,00239.jpg,"File:White poplar (Populus alba) and Chinese hibiscus (Hibiscus rosa-sinensis) in courtyard, Our Lady of Tinos, Tinos, Greece julesvernex2.jpg","https://commons.wikimedia.org/wiki/File:White_poplar_(Populus_alba)_and_Chinese_hibiscus_(Hibiscus_rosa-sinensis)_in_courtyard,_Our_Lady_of_Tinos,_Tinos,_Greece_julesvernex2.jpg",https://thumb.wikimedia.org/wikipedia/commons/thumb/f/f6/White_poplar_%28Populus_alba%29_and_Chinese_hibiscus_%28Hibiscus_rosa-sinensis%29_in_courtyard%2C_Our_Lady_of_Tinos%2C_Tinos%2C_Greece_julesvernex2.jpg/1280px-White_poplar_%28Populus_alba%29_and_Chinese_hibiscus_%28Hibiscus_rosa-sinensis%29_in_courtyard%2C_Our_Lady_of_Tinos%2C_Tinos%2C_Greece_julesvernex2.jpg?utm_source=commons.wikimedia.org&utm_campaign=imageinfo&utm_content=thumbnail,6198,4113,Jules Verne Times Two,CC BY-SA 4.0,Populus,broadleaf,Category:2024 in Tinos|Category:Architecture images by Julesvernex2|Category:CC-BY-SA-4.0|Category:Courtyards in Tinos|Category:Digitally manipulated photographs|Category:Favourite images by Julesvernex2|Category:Files with coordinates missing SDC location of creation|Category:Fujifilm XF 18mm f1.4 R LM WR (X-mount) images by Julesvernex2|Category:Greece images by Julesvernex2|Category:Hibiscus rosa-sinensis in Greece|Category:Images by User:Julesvernex2|Category:Images with Content Credentials by Julesvernex2|Category:Our Lady of Tinos|Category:PPL3 images by Julesvernex2|Category:Retouched pictures|Category:Solitary Populus alba|Category:Taken with Fujifilm X-H2S|Category:Taken with Fujinon XF18mm F1.4 R LM WR|Category:Uploaded with LrMediaWiki
240,00240.jpg,"File:Wuppertal, Frielinghausen 55, Stieleiche, von SW.jpg","https://commons.wikimedia.org/wiki/File:Wuppertal,_Frielinghausen_55,_Stieleiche,_von_SW.jpg",https://thumb.wikimedia.org/wikipedia/commons/thumb/e/e9/Wuppertal%2C_Frielinghausen_55%2C_Stieleiche%2C_von_SW.jpg/1280px-Wuppertal%2C_Frielinghausen_55%2C_Stieleiche%2C_von_SW.jpg?utm_source=commons.wikimedia.org&utm_campaign=imageinfo&utm_content=thumbnail,2631,3080,Im Fokus,CC BY-SA 4.0,Quercus,broadleaf,"Category:CC-BY-SA-4.0|Category:Fagales in North Rhine-Westphalia in August 2021|Category:Quercus robur in the Northern Hemisphere in August 2021|Category:Self-published work|Category:Solitary Quercus robur|Category:Stieleiche (Wuppertal N8.06, Frielinghausen 55)|Category:Wuppertal photographs taken on 2021-08-05"
241,00241.jpg,File:Бяла топола 3.jpg,https://commons.wikimedia.org/wiki/File:%D0%91%D1%8F%D0%BB%D0%B0_%D1%82%D0%BE%D0%BF%D0%BE%D0%BB%D0%B0_3.jpg,https://thumb.wikimedia.org/wikipedia/commons/thumb/7/7d/%D0%91%D1%8F%D0%BB%D0%B0_%D1%82%D0%BE%D0%BF%D0%BE%D0%BB%D0%B0_3.jpg/1280px-%D0%91%D1%8F%D0%BB%D0%B0_%D1%82%D0%BE%D0%BF%D0%BE%D0%BB%D0%B0_3.jpg?utm_source=commons.wikimedia.org&utm_campaign=imageinfo&utm_content=thumbnail,4000,3000,Димитър Найденов / Dimìtar Nàydenov,CC BY-SA 3.0,Populus,broadleaf,Category:CC-BY-SA-3.0|Category:Populus alba in Bulgaria|Category:Self-published work|Category:Solitary Populus alba|Category:Taken with Sony DSC-W510
242,00242.jpg,File:Бяла топола 7.jpg,https://commons.wikimedia.org/wiki/File:%D0%91%D1%8F%D0%BB%D0%B0_%D1%82%D0%BE%D0%BF%D0%BE%D0%BB%D0%B0_7.jpg,https://thumb.wikimedia.org/wikipedia/commons/thumb/4/42/%D0%91%D1%8F%D0%BB%D0%B0_%D1%82%D0%BE%D0%BF%D0%BE%D0%BB%D0%B0_7.jpg/1280px-%D0%91%D1%8F%D0%BB%D0%B0_%D1%82%D0%BE%D0%BF%D0%BE%D0%BB%D0%B0_7.jpg?utm_source=commons.wikimedia.org&utm_campaign=imageinfo&utm_content=thumbnail,4000,3000,Димитър Найденов / Dimìtar Nàydenov,CC BY-SA 4.0,Populus,broadleaf,Category:CC-BY-SA-4.0|Category:Populus alba in Bulgaria|Category:Self-published work|Category:Sinàpovska River|Category:Solitary Populus alba
243,00243.jpg,File:Бяла топола 9.jpg,https://commons.wikimedia.org/wiki/File:%D0%91%D1%8F%D0%BB%D0%B0_%D1%82%D0%BE%D0%BF%D0%BE%D0%BB%D0%B0_9.jpg,https://thumb.wikimedia.org/wikipedia/commons/thumb/f/ff/%D0%91%D1%8F%D0%BB%D0%B0_%D1%82%D0%BE%D0%BF%D0%BE%D0%BB%D0%B0_9.jpg/1280px-%D0%91%D1%8F%D0%BB%D0%B0_%D1%82%D0%BE%D0%BF%D0%BE%D0%BB%D0%B0_9.jpg?utm_source=commons.wikimedia.org&utm_campaign=imageinfo&utm_content=thumbnail,4000,3000,Димитър Найденов / Dimìtar Nàydenov,CC BY-SA 4.0,Populus,broadleaf,Category:CC-BY-SA-4.0|Category:Populus alba in Bulgaria|Category:Self-published work|Category:Solitary Populus alba
244,00244.jpg,"File:Вековен дъб, р. Синаповска.jpg","https://commons.wikimedia.org/wiki/File:%D0%92%D0%B5%D0%BA%D0%BE%D0%B2%D0%B5%D0%BD_%D0%B4%D1%8A%D0%B1,_%D1%80._%D0%A1%D0%B8%D0%BD%D0%B0%D0%BF%D0%BE%D0%B2%D1%81%D0%BA%D0%B0.jpg",https://thumb.wikimedia.org/wikipedia/commons/thumb/f/fd/%D0%92%D0%B5%D0%BA%D0%BE%D0%B2%D0%B5%D0%BD_%D0%B4%D1%8A%D0%B1%2C_%D1%80._%D0%A1%D0%B8%D0%BD%D0%B0%D0%BF%D0%BE%D0%B2%D1%81%D0%BA%D0%B0.jpg/1280px-%D0%92%D0%B5%D0%BA%D0%BE%D0%B2%D0%B5%D0%BD_%D0%B4%D1%8A%D0%B1%2C_%D1%80._%D0%A1%D0%B8%D0%BD%D0%B0%D0%BF%D0%BE%D0%B2%D1%81%D0%BA%D0%B0.jpg?utm_source=commons.wikimedia.org&utm_campaign=imageinfo&utm_content=thumbnail,2997,2248,Димитър Найденов / Dimìtar Nàydenov,CC BY-SA 4.0,Quercus,broadleaf,Category:CC-BY-SA-4.0|Category:Quercus robur in Bulgaria|Category:Self-published work|Category:Sinàpovska River|Category:Solitary Quercus robur
245,00245.jpg,File:Вершина горы Болектау.jpg,https://commons.wikimedia.org/wiki/File:%D0%92%D0%B5%D1%80%D1%88%D0%B8%D0%BD%D0%B0_%D0%B3%D0%BE%D1%80%D1%8B_%D0%91%D0%BE%D0%BB%D0%B5%D0%BA%D1%82%D0%B0%D1%83.jpg,https://thumb.wikimedia.org/wikipedia/commons/thumb/1/1d/%D0%92%D0%B5%D1%80%D1%88%D0%B8%D0%BD%D0%B0_%D0%B3%D0%BE%D1%80%D1%8B_%D0%91%D0%BE%D0%BB%D0%B5%D0%BA%D1%82%D0%B0%D1%83.jpg/1280px-%D0%92%D0%B5%D1%80%D1%88%D0%B8%D0%BD%D0%B0_%D0%B3%D0%BE%D1%80%D1%8B_%D0%91%D0%BE%D0%BB%D0%B5%D0%BA%D1%82%D0%B0%D1%83.jpg?utm_source=commons.wikimedia.org&utm_campaign=imageinfo&utm_content=thumbnail,3959,2825,Intero Tillen,CC BY-SA 4.0,Pinus,conifer,Category:Burabay National Park|Category:CC-BY-SA-4.0|Category:Files with coordinates missing SDC location of creation|Category:Images from Wiki Loves Earth 2022|Category:Images from Wiki Loves Earth 2022 in Kazakhstan|Category:Images from Wiki Loves Earth missing SDC depicts|Category:Images from Wiki Loves Earth missing SDC inception|Category:Images from Wiki Loves Earth missing SDC location of creation|Category:Pinales in Kazakhstan|Category:Self-published work|Category:Solitary Pinus sylvestris|Category:Uploaded via Campaign:wle-kz
246,00246.jpg,File:Всё та же одинокая сосна - panoramio.jpg,https://commons.wikimedia.org/wiki/File:%D0%92%D1%81%D1%91_%D1%82%D0%B0_%D0%B6%D0%B5_%D0%BE%D0%B4%D0%B8%D0%BD%D0%BE%D0%BA%D0%B0%D1%8F_%D1%81%D0%BE%D1%81%D0%BD%D0%B0_-_panoramio.jpg,https://thumb.wikimedia.org/wikipedia/commons/thumb/5/5e/%D0%92%D1%81%D1%91_%D1%82%D0%B0_%D0%B6%D0%B5_%D0%BE%D0%B4%D0%B8%D0%BD%D0%BE%D0%BA%D0%B0%D1%8F_%D1%81%D0%BE%D1%81%D0%BD%D0%B0_-_panoramio.jpg/1280px-%D0%92%D1%81%D1%91_%D1%82%D0%B0_%D0%B6%D0%B5_%D0%BE%D0%B4%D0%B8%D0%BD%D0%BE%D0%BA%D0%B0%D1%8F_%D1%81%D0%BE%D1%81%D0%BD%D0%B0_-_panoramio.jpg?utm_source=commons.wikimedia.org&utm_campaign=imageinfo&utm_content=thumbnail,3264,4928,Vadik_01,CC BY 3.0,Pinus,conifer,Category:CC-BY-3.0|Category:Files with coordinates missing SDC location of creation|Category:Latvia photographs taken on 2013-01-19|Category:Panoramio files uploaded by Panoramio upload bot|Category:Panoramio images reviewed by trusted users|Category:Photos from Panoramio|Category:Pinus sylvestris in Latvia|Category:Pinus sylvestris in snow|Category:Solitary Pinus sylvestris|Category:Winter in Daugavpils
247,00247.jpg,File:Дерево на берегу озера Боровое.jpg,https://commons.wikimedia.org/wiki/File:%D0%94%D0%B5%D1%80%D0%B5%D0%B2%D0%BE_%D0%BD%D0%B0_%D0%B1%D0%B5%D1%80%D0%B5%D0%B3%D1%83_%D0%BE%D0%B7%D0%B5%D1%80%D0%B0_%D0%91%D0%BE%D1%80%D0%BE%D0%B2%D0%BE%D0%B5.jpg,https://thumb.wikimedia.org/wikipedia/commons/thumb/1/13/%D0%94%D0%B5%D1%80%D0%B5%D0%B2%D0%BE_%D0%BD%D0%B0_%D0%B1%D0%B5%D1%80%D0%B5%D0%B3%D1%83_%D0%BE%D0%B7%D0%B5%D1%80%D0%B0_%D0%91%D0%BE%D1%80%D0%BE%D0%B2%D0%BE%D0%B5.jpg/1280px-%D0%94%D0%B5%D1%80%D0%B5%D0%B2%D0%BE_%D0%BD%D0%B0_%D0%B1%D0%B5%D1%80%D0%B5%D0%B3%D1%83_%D0%BE%D0%B7%D0%B5%D1%80%D0%B0_%D0%91%D0%BE%D1%80%D0%BE%D0%B2%D0%BE%D0%B5.jpg?utm_source=commons.wikimedia.org&utm_campaign=imageinfo&utm_content=thumbnail,2222,2963,Intero Tillen,CC BY-SA 4.0,Pinus,conifer,Category:Burabay National Park|Category:CC-BY-SA-4.0|Category:Files with coordinates missing SDC location of creation|Category:Images from Wiki Loves Earth 2022|Category:Images from Wiki Loves Earth 2022 in Kazakhstan|Category:Images from Wiki Loves Earth missing SDC depicts|Category:Images from Wiki Loves Earth missing SDC inception|Category:Images from Wiki Loves Earth missing SDC location of creation|Category:Pinales in Kazakhstan|Category:Self-published work|Category:Solitary Pinus sylvestris|Category:Uploaded via Campaign:wle-kz
248,00248.jpg,File:Дръжкоцветен дъб 12.jpg,https://commons.wikimedia.org/wiki/File:%D0%94%D1%80%D1%8A%D0%B6%D0%BA%D0%BE%D1%86%D0%B2%D0%B5%D1%82%D0%B5%D0%BD_%D0%B4%D1%8A%D0%B1_12.jpg,https://thumb.wikimedia.org/wikipedia/commons/thumb/c/cd/%D0%94%D1%80%D1%8A%D0%B6%D0%BA%D0%BE%D1%86%D0%B2%D0%B5%D1%82%D0%B5%D0%BD_%D0%B4%D1%8A%D0%B1_12.jpg/1280px-%D0%94%D1%80%D1%8A%D0%B6%D0%BA%D0%BE%D1%86%D0%B2%D0%B5%D1%82%D0%B5%D0%BD_%D0%B4%D1%8A%D0%B1_12.jpg?utm_source=commons.wikimedia.org&utm_campaign=imageinfo&utm_content=thumbnail,4000,3000,Димитър Найденов / Dimìtar Nàydenov,CC BY-SA 4.0,Quercus,broadleaf,Category:CC-BY-SA-4.0|Category:Quercus robur in Bulgaria|Category:Quercus robur subsp. pedunculiflora|Category:Self-published work|Category:Solitary Quercus robur
249,00249.jpg,File:Дръжкоцветен дъб 2.jpg,https://commons.wikimedia.org/wiki/File:%D0%94%D1%80%D1%8A%D0%B6%D0%BA%D0%BE%D1%86%D0%B2%D0%B5%D1%82%D0%B5%D0%BD_%D0%B4%D1%8A%D0%B1_2.jpg,https://thumb.wikimedia.org/wikipedia/commons/thumb/3/3d/%D0%94%D1%80%D1%8A%D0%B6%D0%BA%D0%BE%D1%86%D0%B2%D0%B5%D1%82%D0%B5%D0%BD_%D0%B4%D1%8A%D0%B1_2.jpg/1280px-%D0%94%D1%80%D1%8A%D0%B6%D0%BA%D0%BE%D1%86%D0%B2%D0%B5%D1%82%D0%B5%D0%BD_%D0%B4%D1%8A%D0%B1_2.jpg?utm_source=commons.wikimedia.org&utm_campaign=imageinfo&utm_content=thumbnail,3000,4000,Димитър Найденов / Dimìtar Nàydenov,CC BY-SA 4.0,Quercus,broadleaf,Category:Arapliyska river|Category:CC-BY-SA-4.0|Category:Quercus robur in Bulgaria|Category:Quercus robur subsp. pedunculiflora|Category:Self-published work|Category:Solitary Quercus robur
250,00250.jpg,File:Зуринская сосна 02.jpg,https://commons.wikimedia.org/wiki/File:%D0%97%D1%83%D1%80%D0%B8%D0%BD%D1%81%D0%BA%D0%B0%D1%8F_%D1%81%D0%BE%D1%81%D0%BD%D0%B0_02.jpg,https://thumb.wikimedia.org/wikipedia/commons/thumb/d/d5/%D0%97%D1%83%D1%80%D0%B8%D0%BD%D1%81%D0%BA%D0%B0%D1%8F_%D1%81%D0%BE%D1%81%D0%BD%D0%B0_02.jpg/1280px-%D0%97%D1%83%D1%80%D0%B8%D0%BD%D1%81%D0%BA%D0%B0%D1%8F_%D1%81%D0%BE%D1%81%D0%BD%D0%B0_02.jpg?utm_source=commons.wikimedia.org&utm_campaign=imageinfo&utm_content=thumbnail,3000,4000,Yan.gorev,CC BY-SA 4.0,Pinus,conifer,Category:CC-BY-SA-4.0|Category:Files with coordinates missing SDC location of creation|Category:Pine in Zura|Category:Protected areas of Russia with known IDs|Category:Protected areas of Russia/1890111|Category:Russia photographs taken on 2019-07-22|Category:Self-published work|Category:Solitary Pinus sylvestris|Category:Uploaded via Campaign:wle-ru
251,00251.jpg,File:Летен дъб.jpg,https://commons.wikimedia.org/wiki/File:%D0%9B%D0%B5%D1%82%D0%B5%D0%BD_%D0%B4%D1%8A%D0%B1.jpg,https://thumb.wikimedia.org/wikipedia/commons/thumb/c/c8/%D0%9B%D0%B5%D1%82%D0%B5%D0%BD_%D0%B4%D1%8A%D0%B1.jpg/1280px-%D0%9B%D0%B5%D1%82%D0%B5%D0%BD_%D0%B4%D1%8A%D0%B1.jpg?utm_source=commons.wikimedia.org&utm_campaign=imageinfo&utm_content=thumbnail,4000,3000,Utar Sigmal,CC BY-SA 4.0,Quercus,broadleaf,Category:CC-BY-SA-4.0|Category:Quercus robur in Bulgaria|Category:Self-published work|Category:Solitary Quercus robur
252,00252.jpg,File:Сосна в деревне Егоровцы. 02.jpg,https://commons.wikimedia.org/wiki/File:%D0%A1%D0%BE%D1%81%D0%BD%D0%B0_%D0%B2_%D0%B4%D0%B5%D1%80%D0%B5%D0%B2%D0%BD%D0%B5_%D0%95%D0%B3%D0%BE%D1%80%D0%BE%D0%B2%D1%86%D1%8B._02.jpg,https://thumb.wikimedia.org/wikipedia/commons/thumb/c/ce/%D0%A1%D0%BE%D1%81%D0%BD%D0%B0_%D0%B2_%D0%B4%D0%B5%D1%80%D0%B5%D0%B2%D0%BD%D0%B5_%D0%95%D0%B3%D0%BE%D1%80%D0%BE%D0%B2%D1%86%D1%8B._02.jpg/1280px-%D0%A1%D0%BE%D1%81%D0%BD%D0%B0_%D0%B2_%D0%B4%D0%B5%D1%80%D0%B5%D0%B2%D0%BD%D0%B5_%D0%95%D0%B3%D0%BE%D1%80%D0%BE%D0%B2%D1%86%D1%8B._02.jpg?utm_source=commons.wikimedia.org&utm_campaign=imageinfo&utm_content=thumbnail,4000,3000,Yan.gorev,CC BY-SA 4.0,Pinus,conifer,Category:CC-BY-SA-4.0|Category:Files with coordinates missing SDC location of creation|Category:Protected areas of Russia|Category:Protected areas of Russia with known IDs|Category:Protected areas of Russia/1890280|Category:Russia photographs taken on 2020-09-07|Category:Self-published work|Category:Solitary Pinus sylvestris|Category:Uploaded via Campaign:wle-ru
253,00253.jpg,File:Стар дъб 2.jpg,https://commons.wikimedia.org/wiki/File:%D0%A1%D1%82%D0%B0%D1%80_%D0%B4%D1%8A%D0%B1_2.jpg,https://thumb.wikimedia.org/wikipedia/commons/thumb/6/69/%D0%A1%D1%82%D0%B0%D1%80_%D0%B4%D1%8A%D0%B1_2.jpg/1280px-%D0%A1%D1%82%D0%B0%D1%80_%D0%B4%D1%8A%D0%B1_2.jpg?utm_source=commons.wikimedia.org&utm_campaign=imageinfo&utm_content=thumbnail,4000,3000,Димитър Найденов / Dimìtar Nàydenov,CC BY-SA 4.0,Quercus,broadleaf,Category:CC-BY-SA-4.0|Category:Kalnitsa|Category:Quercus robur in Bulgaria|Category:Quercus robur subsp. pedunculiflora|Category:Self-published work|Category:Solitary Quercus robur
254,00254.jpg,File:Стар дъб 3.jpg,https://commons.wikimedia.org/wiki/File:%D0%A1%D1%82%D0%B0%D1%80_%D0%B4%D1%8A%D0%B1_3.jpg,https://thumb.wikimedia.org/wikipedia/commons/thumb/8/81/%D0%A1%D1%82%D0%B0%D1%80_%D0%B4%D1%8A%D0%B1_3.jpg/1280px-%D0%A1%D1%82%D0%B0%D1%80_%D0%B4%D1%8A%D0%B1_3.jpg?utm_source=commons.wikimedia.org&utm_campaign=imageinfo&utm_content=thumbnail,4000,3000,Димитър Найденов / Dimìtar Nàydenov,CC BY-SA 4.0,Quercus,broadleaf,Category:CC-BY-SA-4.0|Category:Quercus robur in Bulgaria|Category:Quercus robur subsp. pedunculiflora|Category:Self-published work|Category:Solitary Quercus robur
255,00255.jpg,File:2007-04-27 15-01-09 Germany Baden-Württemberg Lausheim.jpg,https://commons.wikimedia.org/wiki/File:2007-04-27_15-01-09_Germany_Baden-W%C3%BCrttemberg_Lausheim.jpg,https://thumb.wikimedia.org/wikipedia/commons/thumb/d/d3/2007-04-27_15-01-09_Germany_Baden-W%C3%BCrttemberg_Lausheim.jpg/1280px-2007-04-27_15-01-09_Germany_Baden-W%C3%BCrttemberg_Lausheim.jpg?utm_source=commons.wikimedia.org&utm_campaign=imageinfo&utm_content=thumbnail,2048,1536,Hansueli Krapf  This   file was uploaded  with Commonist.,CC BY-SA 3.0,,unknown,"Category:CC-BY-SA-3.0|Category:Featured pictures on Wikipedia, Persian|Category:Files by User:simisa|Category:Files with coordinates missing SDC location of creation|Category:Lausheim (Stühlingen)|Category:Quality images|Category:Quality images missing SDC depicts|Category:Quality images of solitary trees|Category:Self-published work|Category:Solitary trees in Baden-Württemberg|Category:Taken with Nikon Coolpix 8800|Category:Trees in Landkreis Waldshut|Category:Uploaded with Commonist"
256,00256.jpg,"File:A tree South of Doel, Belgium (DSCF3807).jpg","https://commons.wikimedia.org/wiki/File:A_tree_South_of_Doel,_Belgium_(DSCF3807).jpg",https://thumb.wikimedia.org/wikipedia/commons/thumb/b/bd/A_tree_South_of_Doel%2C_Belgium_%28DSCF3807%29.jpg/1280px-A_tree_South_of_Doel%2C_Belgium_%28DSCF3807%29.jpg?utm_source=commons.wikimedia.org&utm_campaign=imageinfo&utm_content=thumbnail,4721,3253,Trougnouf,CC BY 4.0,,unknown,"Category:Bare trees in Belgium|Category:Belgium photographs taken on 2018-02-04|Category:CC-BY-4.0|Category:Doel|Category:Electricity pylons in Belgium|Category:Files with coordinates missing SDC location of creation (51° N, 4° E)|Category:Photographs by Trougnouf in 2018|Category:Quality images|Category:Quality images missing SDC depicts|Category:Quality images of Beveren|Category:Quality images of East Flanders by User:Trougnouf|Category:Quality images of plants in Belgium|Category:Quality images of solitary trees|Category:Self-published work|Category:Solitary trees in Belgium|Category:Taken with Fujifilm X-E2 and XF18-55mmF2.8-4 R LM OIS|Category:Unidentified trees in Belgium"
257,00257.jpg,"File:A tree South of Doel, Belgium (DSCF3811).jpg","https://commons.wikimedia.org/wiki/File:A_tree_South_of_Doel,_Belgium_(DSCF3811).jpg",https://thumb.wikimedia.org/wikipedia/commons/thumb/f/ff/A_tree_South_of_Doel%2C_Belgium_%28DSCF3811%29.jpg/1280px-A_tree_South_of_Doel%2C_Belgium_%28DSCF3811%29.jpg?utm_source=commons.wikimedia.org&utm_campaign=imageinfo&utm_content=thumbnail,4936,3296,Trougnouf,CC BY 4.0,,unknown,"Category:Bare trees in Belgium|Category:Belgium photographs taken on 2018-02-04|Category:CC-BY-4.0|Category:Doel|Category:Electricity pylons in Belgium|Category:Files with coordinates missing SDC location of creation (51° N, 4° E)|Category:Photographs by Trougnouf in 2018|Category:Quality images|Category:Quality images missing SDC depicts|Category:Quality images of Beveren|Category:Quality images of East Flanders by User:Trougnouf|Category:Quality images of plants in Belgium|Category:Quality images of solitary trees|Category:Self-published work|Category:Solitary trees in Belgium|Category:Taken with Fujifilm X-E2 and XF18-55mmF2.8-4 R LM OIS|Category:Unidentified trees in Belgium"
258,00258.jpg,File:Adansonia digitata MS 10040.jpg,https://commons.wikimedia.org/wiki/File:Adansonia_digitata_MS_10040.jpg,https://thumb.wikimedia.org/wikipedia/commons/thumb/9/91/Adansonia_digitata_MS_10040.jpg/1280px-Adansonia_digitata_MS_10040.jpg?utm_source=commons.wikimedia.org&utm_campaign=imageinfo&utm_content=thumbnail,3456,2304,Marco Schmidt[1],CC BY-SA 3.0,Adansonia,broadleaf,Category:Adansonia digitata in Namibia|Category:Bwabwata National Park|Category:CC-BY-SA-3.0|Category:Flora of Okavango Delta|Category:October 2008 in Namibia|Category:Quality images|Category:Quality images missing SDC depicts|Category:Quality images of solitary trees|Category:Self-published work|Category:Solitary trees in Namibia|Category:Taken with Canon EOS 350D
259,00259.jpg,File:Adansonia digitata.jpg,https://commons.wikimedia.org/wiki/File:Adansonia_digitata.jpg,https://thumb.wikimedia.org/wikipedia/commons/thumb/d/d4/Adansonia_digitata.jpg/1280px-Adansonia_digitata.jpg?utm_source=commons.wikimedia.org&utm_campaign=imageinfo&utm_content=thumbnail,3208,2406,Hans Hillewaert,CC BY-SA 3.0,Adansonia,broadleaf,Category:Adansonia digitata in Namibia|Category:CC-BY-SA-3.0|Category:Files with coordinates missing SDC location of creation|Category:Information field template with formatting|Category:Malvales in Namibia|Category:Photographs by Hans Hillewaert|Category:Quality Images by Hans Hillewaert|Category:Quality images|Category:Quality images missing SDC depicts|Category:Quality images of nature in Namibia|Category:Quality images of solitary trees|Category:Self-published work|Category:Solitary trees in Namibia|Category:Taken with Sony DSLR-A100
260,00260.jpg,"File:Balloërveld, natuurgebied in Drenthe 32.jpg","https://commons.wikimedia.org/wiki/File:Ballo%C3%ABrveld,_natuurgebied_in_Drenthe_32.jpg",https://thumb.wikimedia.org/wikipedia/commons/thumb/0/04/Ballo%C3%ABrveld%2C_natuurgebied_in_Drenthe_32.jpg/1280px-Ballo%C3%ABrveld%2C_natuurgebied_in_Drenthe_32.jpg?utm_source=commons.wikimedia.org&utm_campaign=imageinfo&utm_content=thumbnail,5101,3401,Dominicus Johannes Bergsma,CC BY-SA 4.0,Betula,broadleaf,"Category:Balloërveld|Category:Betula in June|Category:Betula pubescens in the Netherlands|Category:CC-BY-SA-4.0|Category:Files with coordinates missing SDC location of creation (53° N, 6° E)|Category:Netherlands photographs taken on 2017-06-26|Category:Quality images|Category:Quality images by Famberhorst|Category:Quality images missing SDC depicts|Category:Quality images of landscapes in the Netherlands|Category:Quality images of solitary trees|Category:Self-published work|Category:Solitary trees in the Netherlands|Category:Views of Balloërveld"
261,00261.jpg,File:Baum in Kärnten 037.jpg,https://commons.wikimedia.org/wiki/File:Baum_in_K%C3%A4rnten_037.jpg,https://thumb.wikimedia.org/wikipedia/commons/thumb/2/2c/Baum_in_K%C3%A4rnten_037.jpg/1280px-Baum_in_K%C3%A4rnten_037.jpg?utm_source=commons.wikimedia.org&utm_campaign=imageinfo&utm_content=thumbnail,4000,2649,zause01,Public domain,,unknown,Category:Austria photographs taken on 2014-12-10|Category:CC-BY-SA-3.0|Category:Featured photographs in the public domain|Category:Featured pictures of Carinthia|Category:Featured pictures of fog|Category:Featured pictures of trees|Category:Featured pictures on Wikimedia Commons|Category:Fog in Carinthia|Category:PD-self|Category:Photo challenge winners|Category:Quality images|Category:Quality images missing SDC creator|Category:Quality images missing SDC depicts|Category:Quality images of Austria|Category:Quality images of fog|Category:Quality images of solitary trees|Category:Self-published work|Category:Solitary trees in Austria|Category:Taken with Nikon D5100|Category:Trees in Carinthia|Category:Trees in winter 2014-2015 in Austria
262,00262.jpg,"File:Borkum, Oldmann's Olde Düne -- 2020 -- 2754.jpg","https://commons.wikimedia.org/wiki/File:Borkum,_Oldmann%27s_Olde_D%C3%BCne_--_2020_--_2754.jpg",https://thumb.wikimedia.org/wikipedia/commons/thumb/3/39/Borkum%2C_Oldmann%27s_Olde_D%C3%BCne_--_2020_--_2754.jpg/1280px-Borkum%2C_Oldmann%27s_Olde_D%C3%BCne_--_2020_--_2754.jpg?utm_source=commons.wikimedia.org&utm_campaign=imageinfo&utm_content=thumbnail,6720,4480,Dietmar Rabich,CC BY-SA 4.0,,unknown,Category:Autumn landscapes in Lower Saxony|Category:Borkum photographs taken on 2020-10-06|Category:CC-BY-SA-4.0|Category:Clouds and blue sky in Landkreis Leer|Category:Clouds in Germany in October 2020|Category:Dunes of Borkum|Category:Exposure time 1/200 sec|Category:F-number f/8|Category:Gray clouds in Lower Saxony|Category:ISO speed rating 100|Category:Images by XRay (flat list)|Category:Information field template with formatting|Category:Landscapes of Landkreis Leer|Category:Lens focal length 31 mm|Category:Nature of Lower Saxony in October 2020|Category:Photographs by Dietmar Rabich/Borkum|Category:Photographs by Dietmar Rabich/Landscape photography|Category:Photographs by Dietmar Rabich/Quality images|Category:Photographs by Dietmar Rabich/Quality images of Lower Saxony|Category:Photographs by Dietmar Rabich/Quality images of World Heritage Sites|Category:Photographs by Dietmar Rabich/Quality images of geographical entities|Category:Photographs by Dietmar Rabich/Quality images of landscapes|Category:Photographs by Dietmar Rabich/Quality images of trees|Category:Photographs by Dietmar Rabich/Tree photography|Category:Photographs by Dietmar Rabich/Year/2020|Category:Photographs with aspect ratio of 3:2|Category:Protected areas with known WDPA-ID|Category:Quality images|Category:Quality images of Borkum|Category:Quality images of World Heritage Sites|Category:Quality images of clouds in Germany|Category:Quality images of dunes|Category:Quality images of landscapes in Lower Saxony|Category:Quality images of solitary trees|Category:Quality images of trees in Lower Saxony|Category:Self-published work|Category:Solitary trees in Lower Saxony|Category:Taken with Canon EOS 5D Mark IV and Canon EF 24-105mm F4L IS II USM|Category:Trees in Landkreis Leer|Category:Trees in Lower Saxony in October 2020|Category:Trees in autumn 2020 in Lower Saxony|Category:Trees with clouds and blue sky background|Category:Uploaded with LrMediaWiki
263,00263.jpg,File:Breda Galderse Heide 2024-10-05-1.jpg,https://commons.wikimedia.org/wiki/File:Breda_Galderse_Heide_2024-10-05-1.jpg,https://thumb.wikimedia.org/wikipedia/commons/thumb/b/bc/Breda_Galderse_Heide_2024-10-05-1.jpg/1280px-Breda_Galderse_Heide_2024-10-05-1.jpg?utm_source=commons.wikimedia.org&utm_campaign=imageinfo&utm_content=thumbnail,3900,2500,Renée Kools,CC BY 4.0,,unknown,"Category:2024 photographs by User:ReneeWrites|Category:Breda, Netherlands photographs taken on 2024-10-05|Category:CC-BY-4.0|Category:Galderse Heide|Category:Images by User:ReneeWrites|Category:Nature of the Netherlands in October 2024|Category:Photographs by User:ReneeWrites|Category:Photographs by User:ReneeWrites of plants|Category:Photographs by User:ReneeWrites taken with Canon EOS R50|Category:Photographs of the Netherlands by User:ReneeWrites|Category:Quality images|Category:Quality images by User:ReneeWrites|Category:Quality images by User:ReneeWrites taken with Canon EOS R50|Category:Quality images missing SDC creator|Category:Quality images of 2024 by User:ReneeWrites|Category:Quality images of nature of Breda, Netherlands|Category:Quality images of plants by User:ReneeWrites|Category:Quality images of solitary trees|Category:Quality images of the Netherlands by User:ReneeWrites|Category:Self-published work|Category:Uploads by User:ReneeWrites"
264,00264.jpg,File:Breda Galderse Heide 2024-10-05-2 (cropped).jpg,https://commons.wikimedia.org/wiki/File:Breda_Galderse_Heide_2024-10-05-2_(cropped).jpg,https://thumb.wikimedia.org/wikipedia/commons/thumb/0/02/Breda_Galderse_Heide_2024-10-05-2_%28cropped%29.jpg/1280px-Breda_Galderse_Heide_2024-10-05-2_%28cropped%29.jpg?utm_source=commons.wikimedia.org&utm_campaign=imageinfo&utm_content=thumbnail,4200,4200,Renée Kools,CC BY 4.0,Quercus,broadleaf,"Category:2024 photographs by User:ReneeWrites|Category:Breda, Netherlands photographs taken on 2024-10-05|Category:CC-BY-4.0|Category:Extracted images|Category:Files with coordinates missing SDC location of creation (51° N, 4° E)|Category:Galderse Heide, ven|Category:Images by User:ReneeWrites|Category:Nature of the Netherlands in October 2024|Category:Photographs by User:ReneeWrites|Category:Photographs by User:ReneeWrites of plants|Category:Photographs by User:ReneeWrites taken with Canon EOS R50|Category:Photographs of the Netherlands by User:ReneeWrites|Category:Quality images|Category:Quality images by User:ReneeWrites|Category:Quality images by User:ReneeWrites taken with Canon EOS R50|Category:Quality images of 2024 by User:ReneeWrites|Category:Quality images of Quercus|Category:Quality images of nature of Breda, Netherlands|Category:Quality images of plants by User:ReneeWrites|Category:Quality images of solitary trees|Category:Quality images of the Netherlands by User:ReneeWrites|Category:Quercus in autumn|Category:Quercus in the Netherlands|Category:Self-published work|Category:Uploads by User:ReneeWrites"
265,00265.jpg,File:Breda Galderse Heide 2025-01-18.jpg,https://commons.wikimedia.org/wiki/File:Breda_Galderse_Heide_2025-01-18.jpg,https://thumb.wikimedia.org/wikipedia/commons/thumb/3/3a/Breda_Galderse_Heide_2025-01-18.jpg/1280px-Breda_Galderse_Heide_2025-01-18.jpg?utm_source=commons.wikimedia.org&utm_campaign=imageinfo&utm_content=thumbnail,3600,3600,Renée Kools,CC BY 4.0,Quercus,broadleaf,"Category:2025 photographs by User:ReneeWrites|Category:Breda, Netherlands photographs taken on 2025-01-18|Category:CC-BY-4.0|Category:Files with coordinates missing SDC location of creation (51° N, 4° E)|Category:Galderse Heide, ven|Category:Images by User:ReneeWrites|Category:Photographs by User:ReneeWrites|Category:Photographs by User:ReneeWrites of plants|Category:Photographs by User:ReneeWrites taken with Canon EOS R50|Category:Photographs of the Netherlands by User:ReneeWrites|Category:Quality images|Category:Quality images by User:ReneeWrites|Category:Quality images by User:ReneeWrites taken with Canon EOS R50|Category:Quality images of 2025 by User:ReneeWrites|Category:Quality images of Quercus|Category:Quality images of nature of Breda, Netherlands|Category:Quality images of plants by User:ReneeWrites|Category:Quality images of solitary trees|Category:Quality images of the Netherlands by User:ReneeWrites|Category:Quercus in the Netherlands|Category:Quercus in winter|Category:Self-published work|Category:Uploads by User:ReneeWrites"
266,00266.jpg,"File:Cook (AU), Trans Access Road -- 2019 -- 0650.jpg","https://commons.wikimedia.org/wiki/File:Cook_(AU),_Trans_Access_Road_--_2019_--_0650.jpg",https://thumb.wikimedia.org/wikipedia/commons/thumb/a/a1/Cook_%28AU%29%2C_Trans_Access_Road_--_2019_--_0650.jpg/1280px-Cook_%28AU%29%2C_Trans_Access_Road_--_2019_--_0650.jpg?utm_source=commons.wikimedia.org&utm_campaign=imageinfo&utm_content=thumbnail,4480,6720,Dietmar Rabich,CC BY-SA 4.0,,unknown,"Category:2019 photographs of South Australia|Category:Australia photographs taken on 2019-10-07|Category:Blue sky background in Australia|Category:Blue sky in South Australia|Category:Buildings with addresses|Category:CC-BY-SA-4.0|Category:Cook, South Australia|Category:Exposure time 1/160 sec|Category:F-number f/8|Category:ISO speed rating 100|Category:Images by XRay (flat list)|Category:Information field template with formatting|Category:Lens focal length 41 mm|Category:Nature of Australia in October 2019|Category:October 2019 in South Australia|Category:Photographs by Dietmar Rabich/Australia|Category:Photographs by Dietmar Rabich/Quality images|Category:Photographs by Dietmar Rabich/Quality images of Australia|Category:Photographs by Dietmar Rabich/Quality images of roads and streets|Category:Photographs by Dietmar Rabich/Quality images of trees|Category:Photographs by Dietmar Rabich/Railway photography|Category:Photographs by Dietmar Rabich/Tree photography|Category:Photographs by Dietmar Rabich/Year/2019|Category:Photographs with aspect ratio of 2:3|Category:Quality images|Category:Quality images of Cook, South Australia|Category:Quality images of roads and streets in Australia|Category:Quality images of solitary trees|Category:Quality images of trees in Australia|Category:Self-published work|Category:Shadows of trees in Australia|Category:Solitary trees in Australia|Category:Spring 2019 in Australia|Category:Spring in South Australia|Category:Taken with Canon EOS 5D Mark IV and Canon EF 24-105mm F4L IS II USM|Category:Trans Access Road|Category:Trees and sky in Australia|Category:Trees in Australia in October|Category:Trees in October 2019|Category:Trees in spring in Australia|Category:Trees with blue sky background|Category:Unidentified trees in Australia|Category:Uploaded with LrMediaWiki"
267,00267.jpg,File:Deidesheim Marlachwiesen 005 2021 04 24.jpg,https://commons.wikimedia.org/wiki/File:Deidesheim_Marlachwiesen_005_2021_04_24.jpg,https://thumb.wikimedia.org/wikipedia/commons/thumb/a/a0/Deidesheim_Marlachwiesen_005_2021_04_24.jpg/1280px-Deidesheim_Marlachwiesen_005_2021_04_24.jpg?utm_source=commons.wikimedia.org&utm_campaign=imageinfo&utm_content=thumbnail,2092,2867,Friedrich Haag,CC BY-SA 4.0,,unknown,"Category:CC-BY-SA-4.0|Category:Images by F. Riedelio|Category:Images from Wiki Loves Earth 2021|Category:Images from Wiki Loves Earth 2021 in Germany|Category:Images from Wiki Loves Earth 2021, DE landscape|Category:Images from Wiki Loves Earth 2021, DE-RP|Category:Information field template with formatting|Category:Meadows in Rhineland-Palatinate|Category:Naturschutzgebiet Marlachwiesen|Category:Phragmites australis in Germany in April 2021|Category:Phragmites reedbeds in Rhineland-Palatinate|Category:Protected areas with known WDPA-ID|Category:Quality images|Category:Quality images by F. Riedelio|Category:Quality images from Wiki Loves Earth 2021 in Germany|Category:Quality images of Germany by F. Riedelio|Category:Quality images of solitary trees|Category:Rhineland-Palatinate photographs taken on 2021-04-24|Category:Self-published work|Category:Solitary trees in Rhineland-Palatinate|Category:Taken with Canon EOS 6D Mark II|Category:Taken with Tamron SP AF 24-70mm F/2.8 Di VC USD|Category:Tone-mapped HDR images of Germany|Category:Tone-mapped HDR images of plants|Category:Trees in Landkreis Bad Dürkheim|Category:Trees in Rhineland-Palatinate in April|Category:Uploaded with LrMediaWiki"
268,00268.jpg,"File:Dülmen, Börnste, Sonnenaufgang -- 2020 -- 6080-4.jpg","https://commons.wikimedia.org/wiki/File:D%C3%BClmen,_B%C3%B6rnste,_Sonnenaufgang_--_2020_--_6080-4.jpg",https://thumb.wikimedia.org/wikipedia/commons/thumb/e/ea/D%C3%BClmen%2C_B%C3%B6rnste%2C_Sonnenaufgang_--_2020_--_6080-4.jpg/1280px-D%C3%BClmen%2C_B%C3%B6rnste%2C_Sonnenaufgang_--_2020_--_6080-4.jpg?utm_source=commons.wikimedia.org&utm_campaign=imageinfo&utm_content=thumbnail,6633,4422,Dietmar Rabich,CC BY-SA 4.0,,unknown,Category:Bare trees in Kirchspiel (Dülmen)|Category:CC-BY-SA-4.0|Category:Changes of XRay's photographs of the recent weeks|Category:Contre-jour photographs of landscapes|Category:Contre-jour photography of North Rhine-Westphalia|Category:Dülmen photographs taken on 2020-03-22|Category:Exposure time 1/640 sec|Category:F-number f/7.1|Category:ISO speed rating 100|Category:Images by XRay (flat list)|Category:Information field template with formatting|Category:Landscapes of Börnste|Category:Lens focal length 58 mm|Category:Neusträßer Bruch|Category:Photographs by Dietmar Rabich/Available light photography/Sunrises|Category:Photographs by Dietmar Rabich/Contre-jour photography|Category:Photographs by Dietmar Rabich/Dülmen|Category:Photographs by Dietmar Rabich/Landscape photography|Category:Photographs by Dietmar Rabich/Quality images|Category:Photographs by Dietmar Rabich/Quality images of North Rhine-Westphalia|Category:Photographs by Dietmar Rabich/Quality images of landscapes|Category:Photographs by Dietmar Rabich/Quality images of sunsets and sunrises|Category:Photographs by Dietmar Rabich/Quality images of trees|Category:Photographs by Dietmar Rabich/Tone-mapped HDR images|Category:Photographs by Dietmar Rabich/Tree photography|Category:Photographs by Dietmar Rabich/Year/2020|Category:Photographs with aspect ratio of 3:2|Category:Protected areas with known WDPA-ID|Category:Quality images|Category:Quality images of landscapes in Dülmen|Category:Quality images of solitary trees|Category:Quality images of sunrises of North Rhine-Westphalia|Category:Quality images of trees in Kirchspiel (Dülmen)|Category:Self-published work|Category:Solitary trees in Dülmen|Category:Spring 2020 in Dülmen|Category:Spring landscapes in North Rhine-Westphalia|Category:Sunrises in 2020|Category:Sunrises of Dülmen|Category:Taken with Canon EOS 5D Mark IV and Canon EF 24-105mm F4L IS II USM|Category:Tone-mapped HDR images of Kirchspiel (Dülmen)|Category:Tone-mapped HDR images of landscapes|Category:Tone-mapped HDR images of sunrises|Category:Trees at sunrise in North Rhine-Westphalia|Category:Trees in North Rhine-Westphalia in March 2020|Category:Trees in spring 2020 in Kreis Coesfeld|Category:Trees in spring in Dülmen|Category:Unidentified trees in Germany|Category:Uploaded with LrMediaWiki
269,00269.jpg,"File:Dülmen, Börnste, Zaun an einer Weide -- 2021 -- 6870.jpg","https://commons.wikimedia.org/wiki/File:D%C3%BClmen,_B%C3%B6rnste,_Zaun_an_einer_Weide_--_2021_--_6870.jpg",https://thumb.wikimedia.org/wikipedia/commons/thumb/f/f3/D%C3%BClmen%2C_B%C3%B6rnste%2C_Zaun_an_einer_Weide_--_2021_--_6870.jpg/1280px-D%C3%BClmen%2C_B%C3%B6rnste%2C_Zaun_an_einer_Weide_--_2021_--_6870.jpg?utm_source=commons.wikimedia.org&utm_campaign=imageinfo&utm_content=thumbnail,5973,4480,Dietmar Rabich,CC BY-SA 4.0,,unknown,Category:Autumn 2021 in Dülmen|Category:Barbed wire fences in North Rhine-Westphalia|Category:CC-BY-SA-4.0|Category:Changes of XRay's photographs of the recent weeks|Category:Clouds in Kirchspiel (Dülmen)|Category:Dülmen photographs taken on 2021-10-29|Category:Exposure time 1/60 sec|Category:F-number f/13|Category:Fence posts in Kreis Coesfeld|Category:Fences in Kirchspiel (Dülmen)|Category:Fields in Börnste|Category:Fields in Kreis Coesfeld in October|Category:Grazing fences in Kreis Coesfeld|Category:ISO speed rating 100|Category:Images by XRay (flat list)|Category:Information field template with formatting|Category:Lens focal length 86 mm|Category:Meadows in Germany in autumn|Category:Meadows in Kirchspiel (Dülmen)|Category:Metal fences in Kreis Coesfeld|Category:Pastures in Kirchspiel (Dülmen)|Category:Photographs by Dietmar Rabich/Dülmen|Category:Photographs by Dietmar Rabich/Medium exposure|Category:Photographs by Dietmar Rabich/Quality images|Category:Photographs by Dietmar Rabich/Quality images of North Rhine-Westphalia|Category:Photographs by Dietmar Rabich/Quality images of agriculture|Category:Photographs by Dietmar Rabich/Quality images of fences|Category:Photographs by Dietmar Rabich/Quality images of trees|Category:Photographs by Dietmar Rabich/Tree photography|Category:Photographs by Dietmar Rabich/Year/2021|Category:Photographs with aspect ratio of 4:3|Category:Quality images|Category:Quality images of fences in Kreis Coesfeld|Category:Quality images of fields in Dülmen|Category:Quality images of solitary trees|Category:Quality images of trees in Kirchspiel (Dülmen)|Category:Self-published work|Category:Solitary trees in Dülmen|Category:Taken with Canon EF 70-300mm F4-5.6 IS II USM|Category:Taken with Canon EOS 5D Mark IV|Category:Trees in Börnste|Category:Trees in North Rhine-Westphalia in October 2021|Category:Trees in autumn 2021 in North Rhine-Westphalia|Category:Trees in autumn in Dülmen|Category:Unidentified trees in Germany|Category:Uploaded with LrMediaWiki|Category:Wooden fence posts
270,00270.jpg,"File:Dülmen, Hausdülmen, Baum -- 2022 -- 9677.jpg","https://commons.wikimedia.org/wiki/File:D%C3%BClmen,_Hausd%C3%BClmen,_Baum_--_2022_--_9677.jpg",https://thumb.wikimedia.org/wikipedia/commons/thumb/5/55/D%C3%BClmen%2C_Hausd%C3%BClmen%2C_Baum_--_2022_--_9677.jpg/1280px-D%C3%BClmen%2C_Hausd%C3%BClmen%2C_Baum_--_2022_--_9677.jpg?utm_source=commons.wikimedia.org&utm_campaign=imageinfo&utm_content=thumbnail,6720,4480,Dietmar Rabich,CC BY-SA 4.0,Populus,broadleaf,Category:CC-BY-SA-4.0|Category:Clouds and blue sky in Hausdülmen|Category:Clouds in Germany in January 2022|Category:Dülmen photographs taken on 2022-01-11|Category:Exposure time 1/250 sec|Category:F-number f/8|Category:Fields in Hausdülmen|Category:Frost on Brassicales|Category:Hoar frost in North Rhine-Westphalia|Category:ISO speed rating 100|Category:Images by XRay (flat list)|Category:Information field template with formatting|Category:Lens focal length 105 mm|Category:Photographs by Dietmar Rabich/Dülmen|Category:Photographs by Dietmar Rabich/Quality images|Category:Photographs by Dietmar Rabich/Quality images of North Rhine-Westphalia|Category:Photographs by Dietmar Rabich/Quality images of agriculture|Category:Photographs by Dietmar Rabich/Quality images of natural phenomena|Category:Photographs by Dietmar Rabich/Quality images of trees|Category:Photographs by Dietmar Rabich/Tree photography|Category:Photographs by Dietmar Rabich/Year/2022|Category:Photographs with aspect ratio of 3:2|Category:Populus × canadensis in Kreis Coesfeld|Category:Quality images|Category:Quality images of Brassicales|Category:Quality images of Populus|Category:Quality images of fields in Dülmen|Category:Quality images of frost|Category:Quality images of nature in Hausdülmen|Category:Quality images of solitary trees|Category:Quality images of trees in Hausdülmen|Category:Self-published work|Category:Sinapis alba|Category:Solitary Populus × canadensis|Category:Solitary trees in Dülmen|Category:Taken with Canon EOS 5D Mark IV|Category:Taken with Sigma 105mm F2.8 EX DG OS HSM Macro|Category:Trees in Hausdülmen|Category:Trees in North Rhine-Westphalia in January 2022|Category:Trees in winter 2021-2022 in North Rhine-Westphalia|Category:Trees in winter in Dülmen|Category:Trees with clouds and blue sky background|Category:Uploaded with LrMediaWiki|Category:Winter 2021-2022 in Dülmen
271,00271.jpg,"File:Dülmen, Hausdülmen, Baum am Heubach -- 2016 -- 3692.jpg","https://commons.wikimedia.org/wiki/File:D%C3%BClmen,_Hausd%C3%BClmen,_Baum_am_Heubach_--_2016_--_3692.jpg",https://thumb.wikimedia.org/wikipedia/commons/thumb/e/ec/D%C3%BClmen%2C_Hausd%C3%BClmen%2C_Baum_am_Heubach_--_2016_--_3692.jpg/1280px-D%C3%BClmen%2C_Hausd%C3%BClmen%2C_Baum_am_Heubach_--_2016_--_3692.jpg?utm_source=commons.wikimedia.org&utm_campaign=imageinfo&utm_content=thumbnail,3648,5472,Dietmar Rabich,CC BY-SA 4.0,Populus,broadleaf,Category:CC-BY-SA-4.0|Category:Dülmen photographs taken on 2016-07-15|Category:Exposure time 1/200 sec|Category:F-number f/8|Category:Heubach (Stever)|Category:ISO speed rating 100|Category:Images by XRay (flat list)|Category:Information field template with formatting|Category:Lens focal length 50 mm|Category:Photographs by Dietmar Rabich/Dülmen|Category:Photographs by Dietmar Rabich/Quality images|Category:Photographs by Dietmar Rabich/Quality images of North Rhine-Westphalia|Category:Photographs by Dietmar Rabich/Quality images of rivers|Category:Photographs by Dietmar Rabich/Quality images of trees|Category:Photographs by Dietmar Rabich/Tree photography|Category:Photographs by Dietmar Rabich/Year/2016|Category:Photographs with aspect ratio of 2:3|Category:Populus × canadensis in Kreis Coesfeld|Category:Quality images|Category:Quality images of Populus|Category:Quality images of nature in Hausdülmen|Category:Quality images of solitary trees|Category:Quality images of streams in Dülmen|Category:Quality images of trees in Hausdülmen|Category:Self-published work|Category:Solitary Populus × canadensis|Category:Solitary trees in Dülmen|Category:Streams in Germany in 2016|Category:Summer 2016 in Dülmen|Category:Taken with Canon EF-S 15-85mm F3.5-5.6 IS USM|Category:Taken with Canon EOS 70D|Category:Trees in Hausdülmen|Category:Trees in North Rhine-Westphalia in July 2016|Category:Trees in summer 2016 in North Rhine-Westphalia|Category:Trees in summer in Dülmen|Category:Uploaded with VicuñaUploader
272,00272.jpg,"File:Dülmen, Hausdülmen, Baum am Heubach -- 2021 -- 4762.jpg","https://commons.wikimedia.org/wiki/File:D%C3%BClmen,_Hausd%C3%BClmen,_Baum_am_Heubach_--_2021_--_4762.jpg",https://thumb.wikimedia.org/wikipedia/commons/thumb/8/8c/D%C3%BClmen%2C_Hausd%C3%BClmen%2C_Baum_am_Heubach_--_2021_--_4762.jpg/1280px-D%C3%BClmen%2C_Hausd%C3%BClmen%2C_Baum_am_Heubach_--_2021_--_4762.jpg?utm_source=commons.wikimedia.org&utm_campaign=imageinfo&utm_content=thumbnail,6680,4453,Dietmar Rabich,CC BY-SA 4.0,Populus,broadleaf,Category:Bare trees in Hausdülmen|Category:Blue sky background in North Rhine-Westphalia|Category:Blue sky in Hausdülmen|Category:CC-BY-SA-4.0|Category:Changes of XRay's photographs of the recent weeks|Category:Churches in Germany photographed in 2021|Category:Churches in North Rhine-Westphalia in snow|Category:Dirt roads in Hausdülmen|Category:Dülmen photographs taken on 2021-02-09|Category:Exposure time 1/1250 sec|Category:F-number f/8|Category:FoP-Germany|Category:Heubach (Stever)|Category:ISO speed rating 400|Category:Images by XRay (flat list)|Category:Information field template with formatting|Category:Landscapes of Hausdülmen|Category:Leafless trees in Germany|Category:Lens focal length 56 mm|Category:Negative space (photography)|Category:Paths in Kreis Coesfeld|Category:Photographs by Dietmar Rabich/Dülmen|Category:Photographs by Dietmar Rabich/Landscape photography|Category:Photographs by Dietmar Rabich/Quality images|Category:Photographs by Dietmar Rabich/Quality images of North Rhine-Westphalia|Category:Photographs by Dietmar Rabich/Quality images of landscapes|Category:Photographs by Dietmar Rabich/Quality images of natural phenomena|Category:Photographs by Dietmar Rabich/Quality images of paths|Category:Photographs by Dietmar Rabich/Quality images of rivers|Category:Photographs by Dietmar Rabich/Quality images of trees|Category:Photographs by Dietmar Rabich/Tree photography|Category:Photographs by Dietmar Rabich/Year/2021|Category:Photographs with aspect ratio of 3:2|Category:Populus × canadensis in Kreis Coesfeld|Category:Public footpaths in Kreis Coesfeld|Category:Quality images|Category:Quality images of Populus|Category:Quality images of cultural heritage monuments in Dülmen|Category:Quality images of dirt roads in Kreis Coesfeld|Category:Quality images of footpaths in Germany|Category:Quality images of landscapes in Dülmen|Category:Quality images of nature in Hausdülmen|Category:Quality images of roads and streets in Dülmen|Category:Quality images of snow in Germany|Category:Quality images of solitary trees|Category:Quality images of streams in Dülmen|Category:Quality images of trails in Germany|Category:Quality images of trees in Hausdülmen|Category:Remote views of religious buildings in Germany|Category:Rule of thirds|Category:Self-published work|Category:Snow in Dülmen|Category:Snow in North Rhine-Westphalia in February 2021|Category:Snowy landscapes in North Rhine-Westphalia in February|Category:Solitary Populus × canadensis|Category:Solitary trees in Dülmen|Category:St. Mauritius (Hausdülmen)|Category:Streams in Germany in 2021|Category:Taken with Canon EOS 5D Mark IV and Canon EF 24-105mm F4L IS II USM|Category:Trails in North Rhine-Westphalia|Category:Trees and sky in Germany|Category:Trees in Kreis Coesfeld in snow|Category:Trees in North Rhine-Westphalia in February 2021|Category:Trees in winter 2020-2021 in North Rhine-Westphalia|Category:Trees in winter in Dülmen|Category:Trees with blue sky background|Category:Uploaded with LrMediaWiki|Category:Wedding avenues (tree-lined roads)|Category:Winter 2020-2021 in Dülmen|Category:Winter landscapes in North Rhine-Westphalia
273,00273.jpg,"File:Dülmen, Hausdülmen, Baum am Heubach -- 2021 -- 4767.jpg","https://commons.wikimedia.org/wiki/File:D%C3%BClmen,_Hausd%C3%BClmen,_Baum_am_Heubach_--_2021_--_4767.jpg",https://thumb.wikimedia.org/wikipedia/commons/thumb/4/4e/D%C3%BClmen%2C_Hausd%C3%BClmen%2C_Baum_am_Heubach_--_2021_--_4767.jpg/1280px-D%C3%BClmen%2C_Hausd%C3%BClmen%2C_Baum_am_Heubach_--_2021_--_4767.jpg?utm_source=commons.wikimedia.org&utm_campaign=imageinfo&utm_content=thumbnail,6720,4480,Dietmar Rabich,CC BY-SA 4.0,Populus,broadleaf,Category:Bare trees in Hausdülmen|Category:Blue sky background in North Rhine-Westphalia|Category:Blue sky in Hausdülmen|Category:CC-BY-SA-4.0|Category:Changes of XRay's photographs of the recent weeks|Category:Churches in Germany photographed in 2021|Category:Churches in North Rhine-Westphalia in snow|Category:Dirt roads in Hausdülmen|Category:Dülmen photographs taken on 2021-02-09|Category:Exposure time 1/250 sec|Category:F-number f/10|Category:FoP-Germany|Category:Heubach (Stever)|Category:ISO speed rating 100|Category:Images by XRay (flat list)|Category:Information field template with formatting|Category:Leafless trees in Germany|Category:Lens focal length 60 mm|Category:Negative space (photography)|Category:Paths in Kreis Coesfeld|Category:Photographs by Dietmar Rabich/Dülmen|Category:Photographs by Dietmar Rabich/Quality images|Category:Photographs by Dietmar Rabich/Quality images of North Rhine-Westphalia|Category:Photographs by Dietmar Rabich/Quality images of natural phenomena|Category:Photographs by Dietmar Rabich/Quality images of paths|Category:Photographs by Dietmar Rabich/Quality images of rivers|Category:Photographs by Dietmar Rabich/Quality images of trees|Category:Photographs by Dietmar Rabich/Tree photography|Category:Photographs by Dietmar Rabich/Year/2021|Category:Photographs with aspect ratio of 3:2|Category:Populus × canadensis in Kreis Coesfeld|Category:Public footpaths in Kreis Coesfeld|Category:Quality images|Category:Quality images of Populus|Category:Quality images of cultural heritage monuments in Dülmen|Category:Quality images of dirt roads in Kreis Coesfeld|Category:Quality images of footpaths in Germany|Category:Quality images of nature in Hausdülmen|Category:Quality images of roads and streets in Dülmen|Category:Quality images of snow in Germany|Category:Quality images of solitary trees|Category:Quality images of streams in Dülmen|Category:Quality images of trails in Germany|Category:Quality images of trees in Hausdülmen|Category:Remote views of religious buildings in Germany|Category:Rule of thirds|Category:Self-published work|Category:Snow in Dülmen|Category:Snow in North Rhine-Westphalia in February 2021|Category:Solitary Populus × canadensis|Category:Solitary trees in Dülmen|Category:St. Mauritius (Hausdülmen)|Category:Streams in Germany in 2021|Category:Taken with Canon EOS 5D Mark IV and Canon EF 24-105mm F4L IS II USM|Category:Trails in North Rhine-Westphalia|Category:Trees and sky in Germany|Category:Trees and water in Germany|Category:Trees in Kreis Coesfeld in snow|Category:Trees in North Rhine-Westphalia in February 2021|Category:Trees in winter 2020-2021 in North Rhine-Westphalia|Category:Trees in winter in Dülmen|Category:Trees with blue sky background|Category:Uploaded with LrMediaWiki|Category:Wedding avenues (tree-lined roads)|Category:Winter 2020-2021 in Dülmen
274,00274.jpg,"File:Dülmen, Hausdülmen, Baum am Heubach -- 2021 -- 4769 (bw).jpg","https://commons.wikimedia.org/wiki/File:D%C3%BClmen,_Hausd%C3%BClmen,_Baum_am_Heubach_--_2021_--_4769_(bw).jpg",https://thumb.wikimedia.org/wikipedia/commons/thumb/b/b9/D%C3%BClmen%2C_Hausd%C3%BClmen%2C_Baum_am_Heubach_--_2021_--_4769_%28bw%29.jpg/1280px-D%C3%BClmen%2C_Hausd%C3%BClmen%2C_Baum_am_Heubach_--_2021_--_4769_%28bw%29.jpg?utm_source=commons.wikimedia.org&utm_campaign=imageinfo&utm_content=thumbnail,6720,4480,Dietmar Rabich,CC BY-SA 4.0,Populus,broadleaf,Category:2021 black and white photographs|Category:Bare trees in Hausdülmen|Category:Black and white photographs of Hausdülmen|Category:Black and white photographs of North Rhine-Westphalia in the 2020s|Category:Black and white photographs of snow|Category:Black and white photographs of trees in Germany|Category:Blue sky in Hausdülmen|Category:CC-BY-SA-4.0|Category:Changes of XRay's photographs of the recent weeks|Category:Churches in Germany photographed in 2021|Category:Churches in North Rhine-Westphalia in snow|Category:Dirt roads in Hausdülmen|Category:Dülmen photographs taken on 2021-02-09|Category:Exposure time 1/250 sec|Category:F-number f/10|Category:FoP-Germany|Category:Heubach (Stever)|Category:ISO speed rating 100|Category:Images by XRay (flat list)|Category:Information field template with formatting|Category:Leafless trees in Germany|Category:Lens focal length 50 mm|Category:Paths in Kreis Coesfeld|Category:Photographs by Dietmar Rabich/Black-and-white photography|Category:Photographs by Dietmar Rabich/Dülmen|Category:Photographs by Dietmar Rabich/Quality images|Category:Photographs by Dietmar Rabich/Quality images of North Rhine-Westphalia|Category:Photographs by Dietmar Rabich/Quality images of natural phenomena|Category:Photographs by Dietmar Rabich/Quality images of paths|Category:Photographs by Dietmar Rabich/Quality images of rivers|Category:Photographs by Dietmar Rabich/Quality images of trees|Category:Photographs by Dietmar Rabich/Tree photography|Category:Photographs by Dietmar Rabich/Year/2021|Category:Photographs with aspect ratio of 3:2|Category:Populus × canadensis in Kreis Coesfeld|Category:Public footpaths in Kreis Coesfeld|Category:Quality contemporary black and white images of Germany|Category:Quality images|Category:Quality images of Populus|Category:Quality images of cultural heritage monuments in Dülmen|Category:Quality images of dirt roads in Kreis Coesfeld|Category:Quality images of footpaths in Germany|Category:Quality images of nature in Hausdülmen|Category:Quality images of roads and streets in Dülmen|Category:Quality images of snow in Germany|Category:Quality images of solitary trees|Category:Quality images of streams in Dülmen|Category:Quality images of trails in Germany|Category:Quality images of trees in Hausdülmen|Category:Remote views of religious buildings in Germany|Category:Self-published work|Category:Snow in Dülmen|Category:Snow in North Rhine-Westphalia in February 2021|Category:Solitary Populus × canadensis|Category:Solitary trees in Dülmen|Category:St. Mauritius (Hausdülmen)|Category:Streams in Germany in 2021|Category:Taken with Canon EOS 5D Mark IV and Canon EF 24-105mm F4L IS II USM|Category:Trails in North Rhine-Westphalia|Category:Trees in Kreis Coesfeld in snow|Category:Trees in North Rhine-Westphalia in February 2021|Category:Trees in winter 2020-2021 in North Rhine-Westphalia|Category:Trees in winter in Dülmen|Category:Uploaded with LrMediaWiki|Category:Wedding avenues (tree-lined roads)|Category:Winter 2020-2021 in Dülmen
275,00275.jpg,"File:Dülmen, Hausdülmen, Baum am Heubach -- 2021 -- 4769.jpg","https://commons.wikimedia.org/wiki/File:D%C3%BClmen,_Hausd%C3%BClmen,_Baum_am_Heubach_--_2021_--_4769.jpg",https://thumb.wikimedia.org/wikipedia/commons/thumb/5/5b/D%C3%BClmen%2C_Hausd%C3%BClmen%2C_Baum_am_Heubach_--_2021_--_4769.jpg/1280px-D%C3%BClmen%2C_Hausd%C3%BClmen%2C_Baum_am_Heubach_--_2021_--_4769.jpg?utm_source=commons.wikimedia.org&utm_campaign=imageinfo&utm_content=thumbnail,6720,4480,Dietmar Rabich,CC BY-SA 4.0,Populus,broadleaf,Category:Bare trees in Hausdülmen|Category:Blue sky background in North Rhine-Westphalia|Category:Blue sky in Hausdülmen|Category:CC-BY-SA-4.0|Category:Changes of XRay's photographs of the recent weeks|Category:Churches in Germany photographed in 2021|Category:Churches in North Rhine-Westphalia in snow|Category:Dirt roads in Hausdülmen|Category:Dülmen photographs taken on 2021-02-09|Category:Exposure time 1/250 sec|Category:F-number f/10|Category:FoP-Germany|Category:Heubach (Stever)|Category:ISO speed rating 100|Category:Images by XRay (flat list)|Category:Information field template with formatting|Category:Leafless trees in Germany|Category:Lens focal length 50 mm|Category:Negative space (photography)|Category:Paths in Kreis Coesfeld|Category:Photographs by Dietmar Rabich/Dülmen|Category:Photographs by Dietmar Rabich/Quality images|Category:Photographs by Dietmar Rabich/Quality images of North Rhine-Westphalia|Category:Photographs by Dietmar Rabich/Quality images of natural phenomena|Category:Photographs by Dietmar Rabich/Quality images of paths|Category:Photographs by Dietmar Rabich/Quality images of rivers|Category:Photographs by Dietmar Rabich/Quality images of trees|Category:Photographs by Dietmar Rabich/Tree photography|Category:Photographs by Dietmar Rabich/Year/2021|Category:Photographs with aspect ratio of 3:2|Category:Populus × canadensis in Kreis Coesfeld|Category:Public footpaths in Kreis Coesfeld|Category:Quality images|Category:Quality images of Populus|Category:Quality images of cultural heritage monuments in Dülmen|Category:Quality images of dirt roads in Kreis Coesfeld|Category:Quality images of footpaths in Germany|Category:Quality images of nature in Hausdülmen|Category:Quality images of roads and streets in Dülmen|Category:Quality images of snow in Germany|Category:Quality images of solitary trees|Category:Quality images of streams in Dülmen|Category:Quality images of trails in Germany|Category:Quality images of trees in Hausdülmen|Category:Remote views of religious buildings in Germany|Category:Rule of thirds|Category:Self-published work|Category:Snow in Dülmen|Category:Snow in North Rhine-Westphalia in February 2021|Category:Solitary Populus × canadensis|Category:Solitary trees in Dülmen|Category:St. Mauritius (Hausdülmen)|Category:Streams in Germany in 2021|Category:Taken with Canon EOS 5D Mark IV and Canon EF 24-105mm F4L IS II USM|Category:Trails in North Rhine-Westphalia|Category:Trees and sky in Germany|Category:Trees in Kreis Coesfeld in snow|Category:Trees in North Rhine-Westphalia in February 2021|Category:Trees in winter 2020-2021 in North Rhine-Westphalia|Category:Trees in winter in Dülmen|Category:Trees with blue sky background|Category:Uploaded with LrMediaWiki|Category:Wedding avenues (tree-lined roads)|Category:Winter 2020-2021 in Dülmen
276,00276.jpg,"File:Dülmen, Hausdülmen, Baum am Heubach -- 2021 -- 4771.jpg","https://commons.wikimedia.org/wiki/File:D%C3%BClmen,_Hausd%C3%BClmen,_Baum_am_Heubach_--_2021_--_4771.jpg",https://thumb.wikimedia.org/wikipedia/commons/thumb/8/8a/D%C3%BClmen%2C_Hausd%C3%BClmen%2C_Baum_am_Heubach_--_2021_--_4771.jpg/1280px-D%C3%BClmen%2C_Hausd%C3%BClmen%2C_Baum_am_Heubach_--_2021_--_4771.jpg?utm_source=commons.wikimedia.org&utm_campaign=imageinfo&utm_content=thumbnail,4480,6720,Dietmar Rabich,CC BY-SA 4.0,Populus,broadleaf,Category:Bare trees in Hausdülmen|Category:Blue sky background in North Rhine-Westphalia|Category:Blue sky in Hausdülmen|Category:CC-BY-SA-4.0|Category:Churches in Germany photographed in 2021|Category:Churches in North Rhine-Westphalia in snow|Category:Dirt roads in Hausdülmen|Category:Dülmen photographs taken on 2021-02-09|Category:Exposure time 1/250 sec|Category:F-number f/10|Category:FoP-Germany|Category:Heubach (Stever)|Category:ISO speed rating 100|Category:Images by XRay (flat list)|Category:Information field template with formatting|Category:Leafless trees in Germany|Category:Lens focal length 32 mm|Category:Paths in Kreis Coesfeld|Category:Photographs by Dietmar Rabich/Dülmen|Category:Photographs by Dietmar Rabich/Quality images|Category:Photographs by Dietmar Rabich/Quality images of North Rhine-Westphalia|Category:Photographs by Dietmar Rabich/Quality images of natural phenomena|Category:Photographs by Dietmar Rabich/Quality images of paths|Category:Photographs by Dietmar Rabich/Quality images of rivers|Category:Photographs by Dietmar Rabich/Quality images of trees|Category:Photographs by Dietmar Rabich/Tree photography|Category:Photographs by Dietmar Rabich/Year/2021|Category:Photographs with aspect ratio of 2:3|Category:Populus × canadensis in Kreis Coesfeld|Category:Public footpaths in Kreis Coesfeld|Category:Quality images|Category:Quality images of Populus|Category:Quality images of cultural heritage monuments in Dülmen|Category:Quality images of dirt roads in Kreis Coesfeld|Category:Quality images of footpaths in Germany|Category:Quality images of nature in Hausdülmen|Category:Quality images of roads and streets in Dülmen|Category:Quality images of snow in Germany|Category:Quality images of solitary trees|Category:Quality images of streams in Dülmen|Category:Quality images of trails in Germany|Category:Quality images of trees in Hausdülmen|Category:Remote views of religious buildings in Germany|Category:Self-published work|Category:Snow in Dülmen|Category:Snow in North Rhine-Westphalia in February 2021|Category:Solitary Populus × canadensis|Category:Solitary trees in Dülmen|Category:St. Mauritius (Hausdülmen)|Category:Streams in Germany in 2021|Category:Taken with Canon EOS 5D Mark IV and Canon EF 24-105mm F4L IS II USM|Category:Trails in North Rhine-Westphalia|Category:Trees and sky in Germany|Category:Trees in Kreis Coesfeld in snow|Category:Trees in North Rhine-Westphalia in February 2021|Category:Trees in winter 2020-2021 in North Rhine-Westphalia|Category:Trees in winter in Dülmen|Category:Trees with blue sky background|Category:Uploaded with LrMediaWiki|Category:Wedding avenues (tree-lined roads)|Category:Winter 2020-2021 in Dülmen
277,00277.jpg,"File:Dülmen, Hausdülmen, Baum an einem Feldweg -- 2020 -- 0292.jpg","https://commons.wikimedia.org/wiki/File:D%C3%BClmen,_Hausd%C3%BClmen,_Baum_an_einem_Feldweg_--_2020_--_0292.jpg",https://thumb.wikimedia.org/wikipedia/commons/thumb/3/3f/D%C3%BClmen%2C_Hausd%C3%BClmen%2C_Baum_an_einem_Feldweg_--_2020_--_0292.jpg/1280px-D%C3%BClmen%2C_Hausd%C3%BClmen%2C_Baum_an_einem_Feldweg_--_2020_--_0292.jpg?utm_source=commons.wikimedia.org&utm_campaign=imageinfo&utm_content=thumbnail,5047,3365,Dietmar Rabich,CC BY-SA 4.0,,unknown,Category:Blue sky background in North Rhine-Westphalia|Category:Blue sky in Hausdülmen|Category:CC-BY-SA-4.0|Category:Dirt roads in Hausdülmen|Category:Dülmen photographs taken on 2020-06-01|Category:Exposure time 1/200 sec|Category:F-number f/5|Category:Farm tracks in Kreis Coesfeld|Category:Fields in Hausdülmen|Category:Fields in Kreis Coesfeld in June|Category:ISO speed rating 320|Category:Images by XRay (flat list)|Category:Information field template with formatting|Category:Lens focal length 8.8 mm|Category:Perspective views of streets in Germany|Category:Photographs by Dietmar Rabich/Dülmen|Category:Photographs by Dietmar Rabich/Quality images|Category:Photographs by Dietmar Rabich/Quality images of North Rhine-Westphalia|Category:Photographs by Dietmar Rabich/Quality images of agriculture|Category:Photographs by Dietmar Rabich/Quality images of roads and streets|Category:Photographs by Dietmar Rabich/Quality images of trees|Category:Photographs by Dietmar Rabich/Tree photography|Category:Photographs by Dietmar Rabich/Year/2020|Category:Photographs with aspect ratio of 3:2|Category:Quality images|Category:Quality images of dirt roads in Kreis Coesfeld|Category:Quality images of fields in Dülmen|Category:Quality images of nature in Hausdülmen|Category:Quality images of roads and streets in Dülmen|Category:Quality images of solitary trees|Category:Quality images of trees in Hausdülmen|Category:Quality images taken with compact digital camera|Category:Rural ways in Hausdülmen|Category:Self-published work|Category:Solitary trees in Dülmen|Category:Spring 2020 in Dülmen|Category:Taken with Canon PowerShot G7 X Mark III|Category:Trees and sky in Germany|Category:Trees in Hausdülmen|Category:Trees in North Rhine-Westphalia in June 2020|Category:Trees in spring 2020 in Kreis Coesfeld|Category:Trees in spring in Dülmen|Category:Trees with blue sky background|Category:Unidentified trees in Germany|Category:Uploaded with LrMediaWiki
278,00278.jpg,"File:Dülmen, Hausdülmen, Baum an einem Feldweg -- 2020 -- 0293.jpg","https://commons.wikimedia.org/wiki/File:D%C3%BClmen,_Hausd%C3%BClmen,_Baum_an_einem_Feldweg_--_2020_--_0293.jpg",https://thumb.wikimedia.org/wikipedia/commons/thumb/7/76/D%C3%BClmen%2C_Hausd%C3%BClmen%2C_Baum_an_einem_Feldweg_--_2020_--_0293.jpg/1280px-D%C3%BClmen%2C_Hausd%C3%BClmen%2C_Baum_an_einem_Feldweg_--_2020_--_0293.jpg?utm_source=commons.wikimedia.org&utm_campaign=imageinfo&utm_content=thumbnail,4864,3648,Dietmar Rabich,CC BY-SA 4.0,,unknown,Category:Blue sky background in North Rhine-Westphalia|Category:Blue sky in Hausdülmen|Category:CC-BY-SA-4.0|Category:Changes of XRay's photographs of the recent weeks|Category:Dirt roads in Hausdülmen|Category:Dülmen photographs taken on 2020-06-01|Category:Exposure time 1/200 sec|Category:F-number f/5|Category:Farm tracks in Kreis Coesfeld|Category:Fields in Hausdülmen|Category:Fields in Kreis Coesfeld in June|Category:ISO speed rating 320|Category:Images by XRay (flat list)|Category:Information field template with formatting|Category:Lens focal length 8.8 mm|Category:Negative space (photography)|Category:Perspective views of streets in Germany|Category:Photographs by Dietmar Rabich/Dülmen|Category:Photographs by Dietmar Rabich/Quality images|Category:Photographs by Dietmar Rabich/Quality images of North Rhine-Westphalia|Category:Photographs by Dietmar Rabich/Quality images of agriculture|Category:Photographs by Dietmar Rabich/Quality images of roads and streets|Category:Photographs by Dietmar Rabich/Quality images of trees|Category:Photographs by Dietmar Rabich/Tree photography|Category:Photographs by Dietmar Rabich/Year/2020|Category:Photographs with aspect ratio of 4:3|Category:Quality images|Category:Quality images of dirt roads in Kreis Coesfeld|Category:Quality images of fields in Dülmen|Category:Quality images of nature in Hausdülmen|Category:Quality images of roads and streets in Dülmen|Category:Quality images of solitary trees|Category:Quality images of trees in Hausdülmen|Category:Quality images taken with compact digital camera|Category:Rule of thirds|Category:Rural ways in Hausdülmen|Category:Self-published work|Category:Solitary trees in Dülmen|Category:Spring 2020 in Dülmen|Category:Taken with Canon PowerShot G7 X Mark III|Category:Trees and sky in Germany|Category:Trees in Hausdülmen|Category:Trees in North Rhine-Westphalia in June 2020|Category:Trees in spring 2020 in Kreis Coesfeld|Category:Trees in spring in Dülmen|Category:Trees with blue sky background|Category:Unidentified trees in Germany|Category:Uploaded with LrMediaWiki
279,00279.jpg,"File:Dülmen, Hausdülmen, Baumschatten auf schneebedecktem Feld -- 2021 -- 4773.jpg","https://commons.wikimedia.org/wiki/File:D%C3%BClmen,_Hausd%C3%BClmen,_Baumschatten_auf_schneebedecktem_Feld_--_2021_--_4773.jpg",https://thumb.wikimedia.org/wikipedia/commons/thumb/8/86/D%C3%BClmen%2C_Hausd%C3%BClmen%2C_Baumschatten_auf_schneebedecktem_Feld_--_2021_--_4773.jpg/1280px-D%C3%BClmen%2C_Hausd%C3%BClmen%2C_Baumschatten_auf_schneebedecktem_Feld_--_2021_--_4773.jpg?utm_source=commons.wikimedia.org&utm_campaign=imageinfo&utm_content=thumbnail,6553,4369,Dietmar Rabich,CC BY-SA 4.0,,unknown,Category:Bare trees in Hausdülmen|Category:Blue sky in Hausdülmen|Category:CC-BY-SA-4.0|Category:Changes of XRay's photographs of the recent weeks|Category:Dülmen photographs taken on 2021-02-09|Category:Exposure time 1/400 sec|Category:F-number f/10|Category:Fields in Hausdülmen|Category:Fields in Kreis Coesfeld in February|Category:ISO speed rating 100|Category:Images by XRay (flat list)|Category:Information field template with formatting|Category:Leafless trees in Germany|Category:Lens focal length 40 mm|Category:Photographs by Dietmar Rabich/Dülmen|Category:Photographs by Dietmar Rabich/Landscape photography|Category:Photographs by Dietmar Rabich/Quality images|Category:Photographs by Dietmar Rabich/Quality images of North Rhine-Westphalia|Category:Photographs by Dietmar Rabich/Quality images of agriculture|Category:Photographs by Dietmar Rabich/Quality images of natural phenomena|Category:Photographs by Dietmar Rabich/Quality images of trees|Category:Photographs by Dietmar Rabich/Tree photography|Category:Photographs by Dietmar Rabich/Year/2021|Category:Photographs with aspect ratio of 3:2|Category:Quality images|Category:Quality images of fields in Dülmen|Category:Quality images of nature in Hausdülmen|Category:Quality images of snow in Germany|Category:Quality images of solitary trees|Category:Quality images of trees in Hausdülmen|Category:Self-published work|Category:Shadows of trees in Kreis Coesfeld|Category:Snow in Dülmen|Category:Snow in North Rhine-Westphalia in February 2021|Category:Snow on fields in North Rhine-Westphalia|Category:Solitary trees in Dülmen|Category:Taken with Canon EOS 5D Mark IV and Canon EF 24-105mm F4L IS II USM|Category:Trees in Kreis Coesfeld in snow|Category:Trees in North Rhine-Westphalia in February 2021|Category:Trees in winter 2020-2021 in North Rhine-Westphalia|Category:Trees in winter in Dülmen|Category:Uploaded with LrMediaWiki|Category:Winter 2020-2021 in Dülmen
280,00280.jpg,"File:Dülmen, Hausdülmen, Brücke am Strandbadweg -- 2021 -- 4869.jpg","https://commons.wikimedia.org/wiki/File:D%C3%BClmen,_Hausd%C3%BClmen,_Br%C3%BCcke_am_Strandbadweg_--_2021_--_4869.jpg",https://thumb.wikimedia.org/wikipedia/commons/thumb/7/78/D%C3%BClmen%2C_Hausd%C3%BClmen%2C_Br%C3%BCcke_am_Strandbadweg_--_2021_--_4869.jpg/1280px-D%C3%BClmen%2C_Hausd%C3%BClmen%2C_Br%C3%BCcke_am_Strandbadweg_--_2021_--_4869.jpg?utm_source=commons.wikimedia.org&utm_campaign=imageinfo&utm_content=thumbnail,6720,4480,Dietmar Rabich,CC BY-SA 4.0,,unknown,Category:1 bridge in North Rhine-Westphalia|Category:Bare trees in Hausdülmen|Category:Beam bridges in Kreis Coesfeld|Category:Bridges in Germany photographed in 2021|Category:Bridges in Hausdülmen|Category:Bridges over streams in North Rhine-Westphalia|Category:Buildings in Hausdülmen|Category:CC-BY-SA-4.0|Category:Changes of XRay's photographs of the recent weeks|Category:Clouds and blue sky in Hausdülmen|Category:Clouds in Germany in February 2021|Category:Concrete beam bridges in North Rhine-Westphalia|Category:Dülmen photographs taken on 2021-02-09|Category:Empty bridges in North Rhine-Westphalia|Category:Exposure time 1/320 sec|Category:F-number f/8|Category:ISO speed rating 100|Category:Images by XRay (flat list)|Category:Information field template with formatting|Category:Kettbach|Category:Leafless trees in Germany|Category:Lens focal length 85 mm|Category:Photographs by Dietmar Rabich/Architectural photography/Bridges|Category:Photographs by Dietmar Rabich/Dülmen|Category:Photographs by Dietmar Rabich/Photo challenge/2021|Category:Photographs by Dietmar Rabich/Quality images|Category:Photographs by Dietmar Rabich/Quality images of North Rhine-Westphalia|Category:Photographs by Dietmar Rabich/Quality images of bridges|Category:Photographs by Dietmar Rabich/Quality images of buildings|Category:Photographs by Dietmar Rabich/Quality images of natural phenomena|Category:Photographs by Dietmar Rabich/Quality images of rivers|Category:Photographs by Dietmar Rabich/Quality images of trees|Category:Photographs by Dietmar Rabich/Tree photography|Category:Photographs by Dietmar Rabich/Year/2021|Category:Photographs with aspect ratio of 3:2|Category:Quality images|Category:Quality images of bridges in Dülmen|Category:Quality images of buildings in Hausdülmen|Category:Quality images of clouds in Germany|Category:Quality images of nature in Hausdülmen|Category:Quality images of snow in Germany|Category:Quality images of solitary trees|Category:Quality images of streams in Dülmen|Category:Quality images of trees in Hausdülmen|Category:Road bridges in Kreis Coesfeld|Category:Self-published work|Category:Snow in Dülmen|Category:Snow in North Rhine-Westphalia in February 2021|Category:Snow-covered bridges in North Rhine-Westphalia|Category:Solitary trees in Dülmen|Category:Streams in Germany in 2021|Category:Taken with Canon EOS 5D Mark IV and Canon EF 24-105mm F4L IS II USM|Category:Trees and sky in Germany|Category:Trees in Kreis Coesfeld in snow|Category:Trees in North Rhine-Westphalia in February 2021|Category:Trees in winter 2020-2021 in North Rhine-Westphalia|Category:Trees in winter in Dülmen|Category:Trees with clouds and blue sky background|Category:Unidentified trees in Germany|Category:Uploaded with LrMediaWiki|Category:Winter 2020-2021 in Dülmen
281,00281.jpg,"File:Dülmen, Hausdülmen, Heubach -- 2019 -- 3269.jpg","https://commons.wikimedia.org/wiki/File:D%C3%BClmen,_Hausd%C3%BClmen,_Heubach_--_2019_--_3269.jpg",https://thumb.wikimedia.org/wikipedia/commons/thumb/c/cd/D%C3%BClmen%2C_Hausd%C3%BClmen%2C_Heubach_--_2019_--_3269.jpg/1280px-D%C3%BClmen%2C_Hausd%C3%BClmen%2C_Heubach_--_2019_--_3269.jpg?utm_source=commons.wikimedia.org&utm_campaign=imageinfo&utm_content=thumbnail,4478,6717,Dietmar Rabich,CC BY-SA 4.0,Populus,broadleaf,Category:Bare trees in Hausdülmen|Category:CC-BY-SA-4.0|Category:Changes of XRay's photographs of the recent weeks|Category:Channelised rivers and streams in Germany|Category:Dülmen photographs taken on 2019-02-17|Category:Exposure time 1/80 sec|Category:F-number f/7.1|Category:Heubach (Stever)|Category:Horizontal symmetry impressions|Category:ISO speed rating 50|Category:Images by XRay (flat list)|Category:Information field template with formatting|Category:Leafless trees in Germany|Category:Lens focal length 24 mm|Category:Mirror effect in nature|Category:Photographs by Dietmar Rabich/Dülmen|Category:Photographs by Dietmar Rabich/Quality images|Category:Photographs by Dietmar Rabich/Quality images of North Rhine-Westphalia|Category:Photographs by Dietmar Rabich/Quality images of natural phenomena|Category:Photographs by Dietmar Rabich/Quality images of rivers|Category:Photographs by Dietmar Rabich/Quality images of trees|Category:Photographs by Dietmar Rabich/Reflections|Category:Photographs by Dietmar Rabich/Symmetry impressions|Category:Photographs by Dietmar Rabich/Tree photography|Category:Photographs by Dietmar Rabich/Year/2019|Category:Photographs with aspect ratio of 2:3|Category:Populus × canadensis in Kreis Coesfeld|Category:Quality images|Category:Quality images of Populus|Category:Quality images of nature in Hausdülmen|Category:Quality images of solitary trees|Category:Quality images of streams in Dülmen|Category:Quality images of trees in Hausdülmen|Category:Quality images of water reflections|Category:Reflections in rivers in North Rhine-Westphalia|Category:Self-published work|Category:Solitary Populus × canadensis|Category:Solitary trees in Dülmen|Category:Streams in Germany in 2019|Category:Symmetry impressions of nature|Category:Taken with Canon EOS 5D Mark IV and Canon EF 24-105mm F4L IS II USM|Category:Trees in North Rhine-Westphalia in February 2019|Category:Trees in winter 2018-2019 in North Rhine-Westphalia|Category:Trees in winter in Dülmen|Category:Uploaded with LrMediaWiki|Category:Views across rivers|Category:Water reflections of trees in North Rhine-Westphalia|Category:Winter 2018-2019 in Dülmen
282,00282.jpg,"File:Dülmen, Hausdülmen, Heubach -- 2020 -- 6351.jpg","https://commons.wikimedia.org/wiki/File:D%C3%BClmen,_Hausd%C3%BClmen,_Heubach_--_2020_--_6351.jpg",https://thumb.wikimedia.org/wikipedia/commons/thumb/6/6a/D%C3%BClmen%2C_Hausd%C3%BClmen%2C_Heubach_--_2020_--_6351.jpg/1280px-D%C3%BClmen%2C_Hausd%C3%BClmen%2C_Heubach_--_2020_--_6351.jpg?utm_source=commons.wikimedia.org&utm_campaign=imageinfo&utm_content=thumbnail,4480,6720,Dietmar Rabich,CC BY-SA 4.0,Populus,broadleaf,Category:Bare trees in Hausdülmen|Category:Blue sky background in North Rhine-Westphalia|Category:CC-BY-SA-4.0|Category:Changes of XRay's photographs of the recent weeks|Category:Channelised rivers and streams in Germany|Category:Churches in Germany photographed in 2020|Category:Clouds and blue sky in Hausdülmen|Category:Clouds at sunrise in North Rhine-Westphalia|Category:Clouds in Germany in April 2020|Category:Dülmen photographs taken on 2020-04-08|Category:Exposure time 1/40 sec|Category:F-number f/13|Category:FoP-Germany|Category:Golden hour in Kreis Coesfeld|Category:Golden hour landscapes in Germany|Category:Heubach (Stever)|Category:ISO speed rating 100|Category:Images by XRay (flat list)|Category:Information field template with formatting|Category:Landscapes of Hausdülmen|Category:Lens focal length 35 mm|Category:Mirror effect in nature|Category:Photographs by Dietmar Rabich/Available light photography/Golden hour|Category:Photographs by Dietmar Rabich/Available light photography/Sunrises|Category:Photographs by Dietmar Rabich/Contre-jour photography|Category:Photographs by Dietmar Rabich/Dülmen|Category:Photographs by Dietmar Rabich/Landscape photography|Category:Photographs by Dietmar Rabich/Quality images|Category:Photographs by Dietmar Rabich/Quality images of North Rhine-Westphalia|Category:Photographs by Dietmar Rabich/Quality images of landscapes|Category:Photographs by Dietmar Rabich/Quality images of natural phenomena|Category:Photographs by Dietmar Rabich/Quality images of rivers|Category:Photographs by Dietmar Rabich/Quality images of sunsets and sunrises|Category:Photographs by Dietmar Rabich/Quality images of trees|Category:Photographs by Dietmar Rabich/Reflections|Category:Photographs by Dietmar Rabich/Tree photography|Category:Photographs by Dietmar Rabich/Year/2020|Category:Photographs with aspect ratio of 2:3|Category:Plants and trees at golden hour|Category:Populus × canadensis in Kreis Coesfeld|Category:Quality images|Category:Quality images of Populus|Category:Quality images of cultural heritage monuments in Dülmen|Category:Quality images of landscapes in Dülmen|Category:Quality images of nature in Hausdülmen|Category:Quality images of solitary trees|Category:Quality images of streams in Dülmen|Category:Quality images of sunrises of North Rhine-Westphalia|Category:Quality images of trees in Hausdülmen|Category:Quality images of water reflections|Category:Reflections in rivers in North Rhine-Westphalia|Category:Reflections of trees in still water|Category:Remote views of religious buildings in Germany|Category:Rivers at sunrise|Category:Self-published work|Category:Solitary Populus × canadensis|Category:Solitary trees in Dülmen|Category:Spring 2020 in Dülmen|Category:Spring landscapes in North Rhine-Westphalia|Category:St. Mauritius (Hausdülmen)|Category:Streams in Germany in 2020|Category:Sunrises in 2020|Category:Sunrises of Dülmen|Category:Taken with Canon EOS 5D Mark IV and Canon EF 24-105mm F4L IS II USM|Category:Trees and sky in Germany|Category:Trees at sunrise in North Rhine-Westphalia|Category:Trees in North Rhine-Westphalia in April 2020|Category:Trees in spring 2020 in Kreis Coesfeld|Category:Trees in spring in Dülmen|Category:Trees with clouds and blue sky background|Category:Uploaded with LrMediaWiki|Category:Views across rivers|Category:Water reflections of sunrises in Germany|Category:Water reflections of trees in North Rhine-Westphalia
283,00283.jpg,"File:Dülmen, Hausdülmen, Heubach -- 2020 -- 6353.jpg","https://commons.wikimedia.org/wiki/File:D%C3%BClmen,_Hausd%C3%BClmen,_Heubach_--_2020_--_6353.jpg",https://thumb.wikimedia.org/wikipedia/commons/thumb/a/a3/D%C3%BClmen%2C_Hausd%C3%BClmen%2C_Heubach_--_2020_--_6353.jpg/1280px-D%C3%BClmen%2C_Hausd%C3%BClmen%2C_Heubach_--_2020_--_6353.jpg?utm_source=commons.wikimedia.org&utm_campaign=imageinfo&utm_content=thumbnail,4480,6720,Dietmar Rabich,CC BY-SA 4.0,Populus,broadleaf,Category:Bare trees in Hausdülmen|Category:Blue sky background in North Rhine-Westphalia|Category:CC-BY-SA-4.0|Category:Changes of XRay's photographs of the recent weeks|Category:Channelised rivers and streams in Germany|Category:Churches in Germany photographed in 2020|Category:Clouds and blue sky in Hausdülmen|Category:Clouds at sunrise in North Rhine-Westphalia|Category:Clouds in Germany in April 2020|Category:Dülmen photographs taken on 2020-04-08|Category:Exposure time 1/40 sec|Category:F-number f/13|Category:FoP-Germany|Category:Golden hour in Kreis Coesfeld|Category:Golden hour landscapes in Germany|Category:Heubach (Stever)|Category:ISO speed rating 100|Category:Images by XRay (flat list)|Category:Information field template with formatting|Category:Landscapes of Hausdülmen|Category:Lens focal length 24 mm|Category:Photographs by Dietmar Rabich/Available light photography/Golden hour|Category:Photographs by Dietmar Rabich/Available light photography/Sunrises|Category:Photographs by Dietmar Rabich/Contre-jour photography|Category:Photographs by Dietmar Rabich/Dülmen|Category:Photographs by Dietmar Rabich/Landscape photography|Category:Photographs by Dietmar Rabich/Quality images|Category:Photographs by Dietmar Rabich/Quality images of North Rhine-Westphalia|Category:Photographs by Dietmar Rabich/Quality images of landscapes|Category:Photographs by Dietmar Rabich/Quality images of natural phenomena|Category:Photographs by Dietmar Rabich/Quality images of rivers|Category:Photographs by Dietmar Rabich/Quality images of sunsets and sunrises|Category:Photographs by Dietmar Rabich/Quality images of trees|Category:Photographs by Dietmar Rabich/Reflections|Category:Photographs by Dietmar Rabich/Tree photography|Category:Photographs by Dietmar Rabich/Year/2020|Category:Photographs with aspect ratio of 2:3|Category:Plants and trees at golden hour|Category:Populus × canadensis in Kreis Coesfeld|Category:Quality images|Category:Quality images of Populus|Category:Quality images of cultural heritage monuments in Dülmen|Category:Quality images of landscapes in Dülmen|Category:Quality images of nature in Hausdülmen|Category:Quality images of solitary trees|Category:Quality images of streams in Dülmen|Category:Quality images of sunrises of North Rhine-Westphalia|Category:Quality images of trees in Hausdülmen|Category:Quality images of water reflections|Category:Reflections in rivers in North Rhine-Westphalia|Category:Reflections of trees in still water|Category:Remote views of religious buildings in Germany|Category:River banks in North Rhine-Westphalia|Category:Rivers at sunrise|Category:Self-published work|Category:Solitary Populus × canadensis|Category:Solitary trees in Dülmen|Category:Spring 2020 in Dülmen|Category:Spring landscapes in North Rhine-Westphalia|Category:St. Mauritius (Hausdülmen)|Category:Streams in Germany in 2020|Category:Sunrises in 2020|Category:Sunrises of Dülmen|Category:Taken with Canon EOS 5D Mark IV and Canon EF 24-105mm F4L IS II USM|Category:Trees and sky in Germany|Category:Trees at sunrise in North Rhine-Westphalia|Category:Trees in North Rhine-Westphalia in April 2020|Category:Trees in spring 2020 in Kreis Coesfeld|Category:Trees in spring in Dülmen|Category:Trees with clouds and blue sky background|Category:Uploaded with LrMediaWiki|Category:Views across rivers|Category:Water reflections of sunrises in Germany|Category:Water reflections of trees in North Rhine-Westphalia
284,00284.jpg,"File:Dülmen, Hausdülmen, Heubach -- 2020 -- 6357.jpg","https://commons.wikimedia.org/wiki/File:D%C3%BClmen,_Hausd%C3%BClmen,_Heubach_--_2020_--_6357.jpg",https://thumb.wikimedia.org/wikipedia/commons/thumb/6/6b/D%C3%BClmen%2C_Hausd%C3%BClmen%2C_Heubach_--_2020_--_6357.jpg/1280px-D%C3%BClmen%2C_Hausd%C3%BClmen%2C_Heubach_--_2020_--_6357.jpg?utm_source=commons.wikimedia.org&utm_campaign=imageinfo&utm_content=thumbnail,6720,4480,Dietmar Rabich,CC BY-SA 4.0,Populus,broadleaf,Category:Bare trees in Hausdülmen|Category:Blue sky background in North Rhine-Westphalia|Category:CC-BY-SA-4.0|Category:Changes of XRay's photographs of the recent weeks|Category:Channelised rivers and streams in Germany|Category:Churches in Germany photographed in 2020|Category:Clouds and blue sky in Hausdülmen|Category:Clouds at sunrise in North Rhine-Westphalia|Category:Clouds in Germany in April 2020|Category:Dülmen photographs taken on 2020-04-08|Category:Exposure time 1/60 sec|Category:F-number f/10|Category:FoP-Germany|Category:Golden hour in Kreis Coesfeld|Category:Golden hour landscapes in Germany|Category:Heubach (Stever)|Category:ISO speed rating 100|Category:Images by XRay (flat list)|Category:Information field template with formatting|Category:Landscapes of Hausdülmen|Category:Lens focal length 24 mm|Category:Paths in Kreis Coesfeld|Category:Photographs by Dietmar Rabich/Available light photography/Golden hour|Category:Photographs by Dietmar Rabich/Available light photography/Sunrises|Category:Photographs by Dietmar Rabich/Contre-jour photography|Category:Photographs by Dietmar Rabich/Dülmen|Category:Photographs by Dietmar Rabich/Landscape photography|Category:Photographs by Dietmar Rabich/Quality images|Category:Photographs by Dietmar Rabich/Quality images of North Rhine-Westphalia|Category:Photographs by Dietmar Rabich/Quality images of landscapes|Category:Photographs by Dietmar Rabich/Quality images of natural phenomena|Category:Photographs by Dietmar Rabich/Quality images of paths|Category:Photographs by Dietmar Rabich/Quality images of rivers|Category:Photographs by Dietmar Rabich/Quality images of sunsets and sunrises|Category:Photographs by Dietmar Rabich/Quality images of trees|Category:Photographs by Dietmar Rabich/Reflections|Category:Photographs by Dietmar Rabich/Tree photography|Category:Photographs by Dietmar Rabich/Year/2020|Category:Photographs with aspect ratio of 3:2|Category:Plants and trees at golden hour|Category:Populus × canadensis in Kreis Coesfeld|Category:Quality images|Category:Quality images of Populus|Category:Quality images of cultural heritage monuments in Dülmen|Category:Quality images of footpaths in Germany|Category:Quality images of landscapes in Dülmen|Category:Quality images of nature in Hausdülmen|Category:Quality images of paths in Kreis Coesfeld|Category:Quality images of roads and streets in Dülmen|Category:Quality images of solitary trees|Category:Quality images of streams in Dülmen|Category:Quality images of sunrises of North Rhine-Westphalia|Category:Quality images of trees in Hausdülmen|Category:Quality images of water reflections|Category:Reflections in rivers in North Rhine-Westphalia|Category:Reflections of trees in still water|Category:Remote views of religious buildings in Germany|Category:Rivers at sunrise|Category:Riverscapes of Germany|Category:Self-published work|Category:Solitary Populus × canadensis|Category:Solitary trees in Dülmen|Category:Spring 2020 in Dülmen|Category:Spring landscapes in North Rhine-Westphalia|Category:Spring riverscapes|Category:St. Mauritius (Hausdülmen)|Category:Streams in Germany in 2020|Category:Sunrises in 2020|Category:Sunrises of Dülmen|Category:Taken with Canon EOS 5D Mark IV and Canon EF 24-105mm F4L IS II USM|Category:Trees and sky in Germany|Category:Trees at sunrise in North Rhine-Westphalia|Category:Trees in North Rhine-Westphalia in April 2020|Category:Trees in spring 2020 in Kreis Coesfeld|Category:Trees in spring in Dülmen|Category:Trees with clouds and blue sky background|Category:Uploaded with LrMediaWiki|Category:Views across rivers|Category:Walking paths in North Rhine-Westphalia|Category:Water reflections of sunrises in Germany|Category:Water reflections of trees in North Rhine-Westphalia
285,00285.jpg,"File:Dülmen, Hausdülmen, Heubach -- 2020 -- 6359.jpg","https://commons.wikimedia.org/wiki/File:D%C3%BClmen,_Hausd%C3%BClmen,_Heubach_--_2020_--_6359.jpg",https://thumb.wikimedia.org/wikipedia/commons/thumb/d/df/D%C3%BClmen%2C_Hausd%C3%BClmen%2C_Heubach_--_2020_--_6359.jpg/1280px-D%C3%BClmen%2C_Hausd%C3%BClmen%2C_Heubach_--_2020_--_6359.jpg?utm_source=commons.wikimedia.org&utm_campaign=imageinfo&utm_content=thumbnail,4480,6720,Dietmar Rabich,CC BY-SA 4.0,Populus,broadleaf,Category:Bare trees in Hausdülmen|Category:Blue sky background in North Rhine-Westphalia|Category:CC-BY-SA-4.0|Category:Changes of XRay's photographs of the recent weeks|Category:Channelised rivers and streams in Germany|Category:Churches in Germany photographed in 2020|Category:Clouds and blue sky in Hausdülmen|Category:Clouds at sunrise in North Rhine-Westphalia|Category:Clouds in Germany in April 2020|Category:Dülmen photographs taken on 2020-04-08|Category:Exposure time 1/60 sec|Category:F-number f/10|Category:FoP-Germany|Category:Golden hour in Kreis Coesfeld|Category:Golden hour landscapes in Germany|Category:Heubach (Stever)|Category:ISO speed rating 100|Category:Images by XRay (flat list)|Category:Information field template with formatting|Category:Landscapes of Hausdülmen|Category:Lens focal length 24 mm|Category:Photographs by Dietmar Rabich/Available light photography/Golden hour|Category:Photographs by Dietmar Rabich/Available light photography/Sunrises|Category:Photographs by Dietmar Rabich/Contre-jour photography|Category:Photographs by Dietmar Rabich/Dülmen|Category:Photographs by Dietmar Rabich/Landscape photography|Category:Photographs by Dietmar Rabich/Quality images|Category:Photographs by Dietmar Rabich/Quality images of North Rhine-Westphalia|Category:Photographs by Dietmar Rabich/Quality images of landscapes|Category:Photographs by Dietmar Rabich/Quality images of natural phenomena|Category:Photographs by Dietmar Rabich/Quality images of rivers|Category:Photographs by Dietmar Rabich/Quality images of sunsets and sunrises|Category:Photographs by Dietmar Rabich/Quality images of trees|Category:Photographs by Dietmar Rabich/Reflections|Category:Photographs by Dietmar Rabich/Tree photography|Category:Photographs by Dietmar Rabich/Year/2020|Category:Photographs with aspect ratio of 2:3|Category:Plants and trees at golden hour|Category:Populus × canadensis in Kreis Coesfeld|Category:Quality images|Category:Quality images of Populus|Category:Quality images of cultural heritage monuments in Dülmen|Category:Quality images of landscapes in Dülmen|Category:Quality images of nature in Hausdülmen|Category:Quality images of solitary trees|Category:Quality images of streams in Dülmen|Category:Quality images of sunrises of North Rhine-Westphalia|Category:Quality images of trees in Hausdülmen|Category:Quality images of water reflections|Category:Reflections in rivers in North Rhine-Westphalia|Category:Reflections of trees in still water|Category:Remote views of religious buildings in Germany|Category:River banks in North Rhine-Westphalia|Category:Rivers at sunrise|Category:Self-published work|Category:Solitary Populus × canadensis|Category:Solitary trees in Dülmen|Category:Spring 2020 in Dülmen|Category:Spring landscapes in North Rhine-Westphalia|Category:St. Mauritius (Hausdülmen)|Category:Streams in Germany in 2020|Category:Sunrises in 2020|Category:Sunrises of Dülmen|Category:Taken with Canon EOS 5D Mark IV and Canon EF 24-105mm F4L IS II USM|Category:Trees and sky in Germany|Category:Trees at sunrise in North Rhine-Westphalia|Category:Trees in North Rhine-Westphalia in April 2020|Category:Trees in spring 2020 in Kreis Coesfeld|Category:Trees in spring in Dülmen|Category:Trees with clouds and blue sky background|Category:Uploaded with LrMediaWiki|Category:Views across rivers|Category:Water reflections of sunrises in Germany|Category:Water reflections of trees in North Rhine-Westphalia
286,00286.jpg,"File:Dülmen, Hausdülmen, Heubach -- 2020 -- 7984.jpg","https://commons.wikimedia.org/wiki/File:D%C3%BClmen,_Hausd%C3%BClmen,_Heubach_--_2020_--_7984.jpg",https://thumb.wikimedia.org/wikipedia/commons/thumb/0/08/D%C3%BClmen%2C_Hausd%C3%BClmen%2C_Heubach_--_2020_--_7984.jpg/1280px-D%C3%BClmen%2C_Hausd%C3%BClmen%2C_Heubach_--_2020_--_7984.jpg?utm_source=commons.wikimedia.org&utm_campaign=imageinfo&utm_content=thumbnail,6720,4480,Dietmar Rabich,CC BY-SA 4.0,Populus,broadleaf,Category:Bridges in Germany photographed in 2020|Category:CC-BY-SA-4.0|Category:Changes of XRay's photographs of the recent weeks|Category:Channelised rivers and streams in Germany|Category:Dülmen photographs taken on 2020-06-21|Category:Exposure time 1/60 sec|Category:F-number f/11|Category:FoP-Germany|Category:Heubach (Stever)|Category:ISO speed rating 100|Category:Images by XRay (flat list)|Category:Information field template with formatting|Category:Lens focal length 31 mm|Category:Morning in Kreis Coesfeld|Category:Photographs by Dietmar Rabich/Architectural photography|Category:Photographs by Dietmar Rabich/Dülmen|Category:Photographs by Dietmar Rabich/Landscape photography|Category:Photographs by Dietmar Rabich/Quality images|Category:Photographs by Dietmar Rabich/Quality images of North Rhine-Westphalia|Category:Photographs by Dietmar Rabich/Quality images of natural phenomena|Category:Photographs by Dietmar Rabich/Quality images of rivers|Category:Photographs by Dietmar Rabich/Quality images of trees|Category:Photographs by Dietmar Rabich/Reflections|Category:Photographs by Dietmar Rabich/Tree photography|Category:Photographs by Dietmar Rabich/Year/2020|Category:Photographs with aspect ratio of 3:2|Category:Populus × canadensis in Kreis Coesfeld|Category:Quality images|Category:Quality images of Populus|Category:Quality images of nature in Hausdülmen|Category:Quality images of solitary trees|Category:Quality images of streams in Dülmen|Category:Quality images of trees in Hausdülmen|Category:Quality images of water reflections|Category:Reflections in rivers in North Rhine-Westphalia|Category:Reflections of trees in still water|Category:Riverscapes of Germany|Category:Self-published work|Category:Shadows of bridges in North Rhine-Westphalia|Category:Solitary Populus × canadensis|Category:Solitary trees in Dülmen|Category:Streams in Germany in 2020|Category:Summer 2020 in Dülmen|Category:Summer riverscapes|Category:Taken with Canon EOS 5D Mark IV and Canon EF 24-105mm F4L IS II USM|Category:Trees in Hausdülmen|Category:Trees in North Rhine-Westphalia in June 2020|Category:Trees in summer 2020 in North Rhine-Westphalia|Category:Trees in summer in Dülmen|Category:Uploaded with LrMediaWiki|Category:Views from bridges in Kreis Coesfeld|Category:Views from footbridges in North Rhine-Westphalia|Category:Water reflections of trees in North Rhine-Westphalia
287,00287.jpg,"File:Dülmen, Hausdülmen, Heubach -- 2022 -- 9673.jpg","https://commons.wikimedia.org/wiki/File:D%C3%BClmen,_Hausd%C3%BClmen,_Heubach_--_2022_--_9673.jpg",https://thumb.wikimedia.org/wikipedia/commons/thumb/2/24/D%C3%BClmen%2C_Hausd%C3%BClmen%2C_Heubach_--_2022_--_9673.jpg/1280px-D%C3%BClmen%2C_Hausd%C3%BClmen%2C_Heubach_--_2022_--_9673.jpg?utm_source=commons.wikimedia.org&utm_campaign=imageinfo&utm_content=thumbnail,5973,4480,Dietmar Rabich,CC BY-SA 4.0,Populus,broadleaf,Category:Bare trees in Hausdülmen|Category:CC-BY-SA-4.0|Category:Churches in Germany photographed in 2022|Category:Clouds and blue sky in Hausdülmen|Category:Clouds in Germany in January 2022|Category:Dülmen photographs taken on 2022-01-11|Category:Exposure time 1/50 sec|Category:F-number f/11|Category:FoP-Germany|Category:Heubach (Stever)|Category:Hoar frost in North Rhine-Westphalia|Category:ISO speed rating 100|Category:Images by XRay (flat list)|Category:Information field template with formatting|Category:Lens focal length 50 mm|Category:Photographs by Dietmar Rabich/Architectural photography/Religious buildings|Category:Photographs by Dietmar Rabich/Dülmen|Category:Photographs by Dietmar Rabich/Quality images|Category:Photographs by Dietmar Rabich/Quality images of North Rhine-Westphalia|Category:Photographs by Dietmar Rabich/Quality images of churches|Category:Photographs by Dietmar Rabich/Quality images of natural phenomena|Category:Photographs by Dietmar Rabich/Quality images of rivers|Category:Photographs by Dietmar Rabich/Quality images of trees|Category:Photographs by Dietmar Rabich/Tree photography|Category:Photographs by Dietmar Rabich/Year/2022|Category:Photographs with aspect ratio of 4:3|Category:Populus × canadensis in Kreis Coesfeld|Category:Quality images|Category:Quality images of Populus|Category:Quality images of buildings in Hausdülmen|Category:Quality images of churches in Dülmen|Category:Quality images of cultural heritage monuments in Dülmen|Category:Quality images of frost|Category:Quality images of nature in Hausdülmen|Category:Quality images of solitary trees|Category:Quality images of streams in Dülmen|Category:Quality images of trees in Hausdülmen|Category:Self-published work|Category:Solitary Populus × canadensis|Category:Solitary trees in Dülmen|Category:St. Mauritius (Hausdülmen)|Category:Streams in Germany in 2022|Category:Taken with Canon EOS 5D Mark IV and Canon EF 24-105mm F4L IS II USM|Category:Trees and sky in Germany|Category:Trees and water in Germany|Category:Trees in North Rhine-Westphalia in January 2022|Category:Trees in winter 2021-2022 in North Rhine-Westphalia|Category:Trees in winter in Dülmen|Category:Trees with clouds and blue sky background|Category:Uploaded with LrMediaWiki|Category:Wedding avenues (tree-lined roads)|Category:Winter 2021-2022 in Dülmen
288,00288.jpg,"File:Dülmen, Hausdülmen, Kettbach -- 2016 -- 5659.jpg","https://commons.wikimedia.org/wiki/File:D%C3%BClmen,_Hausd%C3%BClmen,_Kettbach_--_2016_--_5659.jpg",https://thumb.wikimedia.org/wikipedia/commons/thumb/a/a0/D%C3%BClmen%2C_Hausd%C3%BClmen%2C_Kettbach_--_2016_--_5659.jpg/1280px-D%C3%BClmen%2C_Hausd%C3%BClmen%2C_Kettbach_--_2016_--_5659.jpg?utm_source=commons.wikimedia.org&utm_campaign=imageinfo&utm_content=thumbnail,3648,4560,Dietmar Rabich,CC BY-SA 4.0,,unknown,Category:Autumn 2016 in Dülmen|Category:Autumn landscapes in North Rhine-Westphalia|Category:Autumn riverscapes|Category:CC-BY-SA-4.0|Category:Changes of XRay's photographs of the recent weeks|Category:Channelised rivers and streams in Germany|Category:Clouds at sunrise in Germany|Category:Clouds in Hausdülmen|Category:Contre-jour photographs of landscapes|Category:Contre-jour photographs of rivers|Category:Contre-jour photography of North Rhine-Westphalia|Category:Dülmen photographs taken on 2016-12-04|Category:Exposure time 1/125 sec|Category:F-number f/6.3|Category:ISO speed rating 100|Category:Images by XRay (flat list)|Category:Information field template with formatting|Category:Kettbach|Category:Landscapes of Hausdülmen|Category:Lens focal length 60 mm|Category:One-point perspective|Category:Orange clouds in North Rhine-Westphalia|Category:Orange landscapes|Category:Perspective views in Germany|Category:Perspective views of bodies of water|Category:Photographs by Dietmar Rabich/Available light photography/Sunrises|Category:Photographs by Dietmar Rabich/Contre-jour photography|Category:Photographs by Dietmar Rabich/Dülmen|Category:Photographs by Dietmar Rabich/Landscape photography|Category:Photographs by Dietmar Rabich/Quality images|Category:Photographs by Dietmar Rabich/Quality images of North Rhine-Westphalia|Category:Photographs by Dietmar Rabich/Quality images of landscapes|Category:Photographs by Dietmar Rabich/Quality images of natural phenomena|Category:Photographs by Dietmar Rabich/Quality images of rivers|Category:Photographs by Dietmar Rabich/Quality images of sunsets and sunrises|Category:Photographs by Dietmar Rabich/Quality images of trees|Category:Photographs by Dietmar Rabich/Reflections|Category:Photographs by Dietmar Rabich/Symmetry impressions|Category:Photographs by Dietmar Rabich/Tree photography|Category:Photographs by Dietmar Rabich/Year/2016|Category:Photographs with aspect ratio of 4:5|Category:Quality images|Category:Quality images of landscapes in Dülmen|Category:Quality images of nature in Hausdülmen|Category:Quality images of solitary trees|Category:Quality images of streams in Dülmen|Category:Quality images of sunrises of North Rhine-Westphalia|Category:Quality images of trees in Hausdülmen|Category:Quality images of water reflections|Category:Reflections in rivers in North Rhine-Westphalia|Category:Rivers at sunrise|Category:Self-published work|Category:Solitary trees in Dülmen|Category:Streams in Germany in 2016|Category:Sunrises in 2016|Category:Sunrises of Dülmen|Category:Symmetry impressions of nature|Category:Taken with Canon EF-S 60mm F2.8 Macro USM|Category:Taken with Canon EOS 70D|Category:Trees at sunrise in North Rhine-Westphalia|Category:Trees in Hausdülmen|Category:Trees in North Rhine-Westphalia in December 2016|Category:Trees in autumn 2016 in North Rhine-Westphalia|Category:Trees in autumn in Dülmen|Category:Unidentified trees in Germany|Category:Uploaded with VicuñaUploader|Category:Vertical symmetry impressions|Category:Views from bridges in Kreis Coesfeld|Category:Views from road bridges in North Rhine-Westphalia|Category:Water reflections of sunrises in Germany|Category:Water reflections of trees in North Rhine-Westphalia
289,00289.jpg,"File:Dülmen, Hausdülmen, Kettbach -- 2016 -- 5660.jpg","https://commons.wikimedia.org/wiki/File:D%C3%BClmen,_Hausd%C3%BClmen,_Kettbach_--_2016_--_5660.jpg",https://thumb.wikimedia.org/wikipedia/commons/thumb/b/b4/D%C3%BClmen%2C_Hausd%C3%BClmen%2C_Kettbach_--_2016_--_5660.jpg/1280px-D%C3%BClmen%2C_Hausd%C3%BClmen%2C_Kettbach_--_2016_--_5660.jpg?utm_source=commons.wikimedia.org&utm_campaign=imageinfo&utm_content=thumbnail,5472,3648,Dietmar Rabich,CC BY-SA 4.0,,unknown,Category:Autumn 2016 in Dülmen|Category:Autumn landscapes in North Rhine-Westphalia|Category:Autumn riverscapes|Category:CC-BY-SA-4.0|Category:Changes of XRay's photographs of the recent weeks|Category:Channelised rivers and streams in Germany|Category:Clouds at sunrise in Germany|Category:Clouds in Hausdülmen|Category:Contre-jour photographs of landscapes|Category:Contre-jour photographs of rivers|Category:Contre-jour photography of North Rhine-Westphalia|Category:Dülmen photographs taken on 2016-12-04|Category:Exposure time 1/100 sec|Category:F-number f/6.3|Category:ISO speed rating 100|Category:Images by XRay (flat list)|Category:Information field template with formatting|Category:Kettbach|Category:Landscapes of Hausdülmen|Category:Lens focal length 60 mm|Category:One-point perspective|Category:Orange clouds in North Rhine-Westphalia|Category:Orange landscapes|Category:Orange sky in North Rhine-Westphalia|Category:Perspective views in Germany|Category:Perspective views of bodies of water|Category:Photographs by Dietmar Rabich/Available light photography/Sunrises|Category:Photographs by Dietmar Rabich/Contre-jour photography|Category:Photographs by Dietmar Rabich/Dülmen|Category:Photographs by Dietmar Rabich/Landscape photography|Category:Photographs by Dietmar Rabich/Quality images|Category:Photographs by Dietmar Rabich/Quality images of North Rhine-Westphalia|Category:Photographs by Dietmar Rabich/Quality images of landscapes|Category:Photographs by Dietmar Rabich/Quality images of natural phenomena|Category:Photographs by Dietmar Rabich/Quality images of rivers|Category:Photographs by Dietmar Rabich/Quality images of sunsets and sunrises|Category:Photographs by Dietmar Rabich/Quality images of trees|Category:Photographs by Dietmar Rabich/Reflections|Category:Photographs by Dietmar Rabich/Symmetry impressions|Category:Photographs by Dietmar Rabich/Tree photography|Category:Photographs by Dietmar Rabich/Year/2016|Category:Photographs with aspect ratio of 3:2|Category:Quality images|Category:Quality images of landscapes in Dülmen|Category:Quality images of nature in Hausdülmen|Category:Quality images of solitary trees|Category:Quality images of streams in Dülmen|Category:Quality images of sunrises of North Rhine-Westphalia|Category:Quality images of trees in Hausdülmen|Category:Quality images of water reflections|Category:Reflections in rivers in North Rhine-Westphalia|Category:Rivers at sunrise|Category:Self-published work|Category:Solitary trees in Dülmen|Category:Streams in Germany in 2016|Category:Sunrises in 2016|Category:Sunrises of Dülmen|Category:Symmetry impressions of nature|Category:Taken with Canon EF-S 60mm F2.8 Macro USM|Category:Taken with Canon EOS 70D|Category:Trees and sky in Germany|Category:Trees at sunrise in North Rhine-Westphalia|Category:Trees in Hausdülmen|Category:Trees in North Rhine-Westphalia in December 2016|Category:Trees in autumn 2016 in North Rhine-Westphalia|Category:Trees in autumn in Dülmen|Category:Unidentified trees in Germany|Category:Uploaded with VicuñaUploader|Category:Vertical symmetry impressions|Category:Water reflections of sunrises in Germany|Category:Water reflections of trees in North Rhine-Westphalia
290,00290.jpg,"File:Dülmen, Kirchspiel, Börnste, Baum im Feld -- 2022 -- 4590.jpg","https://commons.wikimedia.org/wiki/File:D%C3%BClmen,_Kirchspiel,_B%C3%B6rnste,_Baum_im_Feld_--_2022_--_4590.jpg",https://thumb.wikimedia.org/wikipedia/commons/thumb/6/6d/D%C3%BClmen%2C_Kirchspiel%2C_B%C3%B6rnste%2C_Baum_im_Feld_--_2022_--_4590.jpg/1280px-D%C3%BClmen%2C_Kirchspiel%2C_B%C3%B6rnste%2C_Baum_im_Feld_--_2022_--_4590.jpg?utm_source=commons.wikimedia.org&utm_campaign=imageinfo&utm_content=thumbnail,6591,4394,Dietmar Rabich,CC BY-SA 4.0,,unknown,Category:Autumn 2022 in Dülmen|Category:CC-BY-SA-4.0|Category:Changes of XRay's photographs of the recent weeks|Category:Clouds and blue sky in Kirchspiel (Dülmen)|Category:Clouds in Germany in October 2022|Category:Dülmen photographs taken on 2022-10-12|Category:Exposure time 1/20 sec|Category:F-number f/13|Category:Fields in Börnste|Category:ISO speed rating 100|Category:Images by XRay (flat list)|Category:Information field template with formatting|Category:Lens focal length 93 mm|Category:Photographs by Dietmar Rabich/Dülmen|Category:Photographs by Dietmar Rabich/Medium exposure|Category:Photographs by Dietmar Rabich/Quality images|Category:Photographs by Dietmar Rabich/Quality images of North Rhine-Westphalia|Category:Photographs by Dietmar Rabich/Quality images of agriculture|Category:Photographs by Dietmar Rabich/Quality images of trees|Category:Photographs by Dietmar Rabich/Tree photography|Category:Photographs by Dietmar Rabich/Year/2022|Category:Photographs with aspect ratio of 3:2|Category:Quality images|Category:Quality images of clouds in Germany|Category:Quality images of fields in Dülmen|Category:Quality images of solitary trees|Category:Quality images of trees in Kirchspiel (Dülmen)|Category:Self-published work|Category:Solitary trees in Dülmen|Category:Taken with Canon EF 70-300mm F4-5.6 IS II USM|Category:Taken with Canon EOS 5D Mark IV|Category:Trees and sky in Germany|Category:Trees in Börnste|Category:Trees in North Rhine-Westphalia in October 2022|Category:Trees in autumn 2022 in North Rhine-Westphalia|Category:Trees in autumn in Dülmen|Category:Trees with clouds and blue sky background|Category:Uploaded with LrMediaWiki
291,00291.jpg,"File:Dülmen, Kirchspiel, Dernekamp, Baum -- 2021 -- 9402.jpg","https://commons.wikimedia.org/wiki/File:D%C3%BClmen,_Kirchspiel,_Dernekamp,_Baum_--_2021_--_9402.jpg",https://thumb.wikimedia.org/wikipedia/commons/thumb/6/65/D%C3%BClmen%2C_Kirchspiel%2C_Dernekamp%2C_Baum_--_2021_--_9402.jpg/1280px-D%C3%BClmen%2C_Kirchspiel%2C_Dernekamp%2C_Baum_--_2021_--_9402.jpg?utm_source=commons.wikimedia.org&utm_campaign=imageinfo&utm_content=thumbnail,6720,4480,Dietmar Rabich,CC BY-SA 4.0,,unknown,Category:Bare trees in Kirchspiel (Dülmen)|Category:CC-BY-SA-4.0|Category:Changes of XRay's photographs of the recent weeks|Category:Clouds in Kirchspiel (Dülmen)|Category:Dülmen photographs taken on 2021-12-23|Category:Exposure time 1/6 sec|Category:F-number f/10|Category:Fields in Dernekamp|Category:Fields in Kreis Coesfeld in December|Category:Frost on fields in Germany|Category:Frost on trees in North Rhine-Westphalia|Category:Hoar frost in North Rhine-Westphalia|Category:ISO speed rating 100|Category:Images by XRay (flat list)|Category:Information field template with formatting|Category:Lens focal length 113 mm|Category:Morning in Kreis Coesfeld|Category:Photographs by Dietmar Rabich/Dülmen|Category:Photographs by Dietmar Rabich/Medium exposure|Category:Photographs by Dietmar Rabich/Quality images|Category:Photographs by Dietmar Rabich/Quality images of North Rhine-Westphalia|Category:Photographs by Dietmar Rabich/Quality images of agriculture|Category:Photographs by Dietmar Rabich/Quality images of natural phenomena|Category:Photographs by Dietmar Rabich/Quality images of trees|Category:Photographs by Dietmar Rabich/Tree photography|Category:Photographs by Dietmar Rabich/Year/2021|Category:Photographs with aspect ratio of 3:2|Category:Quality images|Category:Quality images of fields in Dülmen|Category:Quality images of frost|Category:Quality images of solitary trees|Category:Quality images of trees in Kirchspiel (Dülmen)|Category:Self-published work|Category:Solitary trees in Dülmen|Category:Taken with Canon EF 70-300mm F4-5.6 IS II USM|Category:Taken with Canon EOS 5D Mark IV|Category:Trees in North Rhine-Westphalia in December 2021|Category:Trees in winter 2021-2022 in North Rhine-Westphalia|Category:Trees in winter in Dülmen|Category:Unidentified trees in Germany|Category:Uploaded with LrMediaWiki|Category:Winter 2021-2022 in Dülmen
292,00292.jpg,"File:Dülmen, Kirchspiel, Dernekamp, Baum -- 2021 -- 9412.jpg","https://commons.wikimedia.org/wiki/File:D%C3%BClmen,_Kirchspiel,_Dernekamp,_Baum_--_2021_--_9412.jpg",https://thumb.wikimedia.org/wikipedia/commons/thumb/3/34/D%C3%BClmen%2C_Kirchspiel%2C_Dernekamp%2C_Baum_--_2021_--_9412.jpg/1280px-D%C3%BClmen%2C_Kirchspiel%2C_Dernekamp%2C_Baum_--_2021_--_9412.jpg?utm_source=commons.wikimedia.org&utm_campaign=imageinfo&utm_content=thumbnail,6720,4480,Dietmar Rabich,CC BY-SA 4.0,,unknown,Category:Bare trees in Kirchspiel (Dülmen)|Category:CC-BY-SA-4.0|Category:Changes of XRay's photographs of the recent weeks|Category:Clouds in Kirchspiel (Dülmen)|Category:Dülmen photographs taken on 2021-12-23|Category:Exposure time 1/4 sec|Category:F-number f/13|Category:Fields in Dernekamp|Category:Fields in Kreis Coesfeld in December|Category:Frost on trees in North Rhine-Westphalia|Category:Hoar frost in North Rhine-Westphalia|Category:ISO speed rating 100|Category:Images by XRay (flat list)|Category:Images with extracted images|Category:Information field template with formatting|Category:Lens focal length 151 mm|Category:Photographs by Dietmar Rabich/Dülmen|Category:Photographs by Dietmar Rabich/Medium exposure|Category:Photographs by Dietmar Rabich/Quality images|Category:Photographs by Dietmar Rabich/Quality images of North Rhine-Westphalia|Category:Photographs by Dietmar Rabich/Quality images of agriculture|Category:Photographs by Dietmar Rabich/Quality images of natural phenomena|Category:Photographs by Dietmar Rabich/Quality images of trees|Category:Photographs by Dietmar Rabich/Tree photography|Category:Photographs by Dietmar Rabich/Year/2021|Category:Photographs with aspect ratio of 3:2|Category:Quality images|Category:Quality images of fields in Dülmen|Category:Quality images of frost|Category:Quality images of solitary trees|Category:Quality images of trees in Kirchspiel (Dülmen)|Category:Self-published work|Category:Solitary trees in Dülmen|Category:Taken with Canon EF 70-300mm F4-5.6 IS II USM|Category:Taken with Canon EOS 5D Mark IV|Category:Trees in North Rhine-Westphalia in December 2021|Category:Trees in winter 2021-2022 in North Rhine-Westphalia|Category:Trees in winter in Dülmen|Category:Unidentified trees in Germany|Category:Uploaded with LrMediaWiki|Category:Winter 2021-2022 in Dülmen
293,00293.jpg,"File:Dülmen, Kirchspiel, Dernekamp, Baum -- 2021 -- 9413 (bw).jpg","https://commons.wikimedia.org/wiki/File:D%C3%BClmen,_Kirchspiel,_Dernekamp,_Baum_--_2021_--_9413_(bw).jpg",https://thumb.wikimedia.org/wikipedia/commons/thumb/b/bb/D%C3%BClmen%2C_Kirchspiel%2C_Dernekamp%2C_Baum_--_2021_--_9413_%28bw%29.jpg/1280px-D%C3%BClmen%2C_Kirchspiel%2C_Dernekamp%2C_Baum_--_2021_--_9413_%28bw%29.jpg?utm_source=commons.wikimedia.org&utm_campaign=imageinfo&utm_content=thumbnail,6367,4480,Dietmar Rabich,CC BY-SA 4.0,,unknown,Category:2021 black and white photographs|Category:Bare trees in Kirchspiel (Dülmen)|Category:Black and white photographs of Kirchspiel (Dülmen)|Category:Black and white photographs of North Rhine-Westphalia in the 2020s|Category:Black and white photographs of trees in Germany|Category:CC-BY-SA-4.0|Category:Changes of XRay's photographs of the recent weeks|Category:Clouds in Kirchspiel (Dülmen)|Category:Dernekamp|Category:Dülmen photographs taken on 2021-12-23|Category:Exposure time 3/10 sec|Category:F-number f/16|Category:Frost on trees in North Rhine-Westphalia|Category:Hoar frost in North Rhine-Westphalia|Category:ISO speed rating 100|Category:Images by XRay (flat list)|Category:Information field template with formatting|Category:Lens focal length 160 mm|Category:Photographs by Dietmar Rabich/Black-and-white photography|Category:Photographs by Dietmar Rabich/Dülmen|Category:Photographs by Dietmar Rabich/Medium exposure|Category:Photographs by Dietmar Rabich/Quality images|Category:Photographs by Dietmar Rabich/Quality images of North Rhine-Westphalia|Category:Photographs by Dietmar Rabich/Quality images of agriculture|Category:Photographs by Dietmar Rabich/Quality images of natural phenomena|Category:Photographs by Dietmar Rabich/Quality images of trees|Category:Photographs by Dietmar Rabich/Symmetry impressions|Category:Photographs by Dietmar Rabich/Tree photography|Category:Photographs by Dietmar Rabich/Year/2021|Category:Photographs with aspect ratio of 10:7|Category:Quality contemporary black and white images of Germany|Category:Quality images|Category:Quality images of fields in Dülmen|Category:Quality images of frost|Category:Quality images of solitary trees|Category:Quality images of trees in Kirchspiel (Dülmen)|Category:Self-published work|Category:Solitary trees in Dülmen|Category:Symmetry impressions of nature|Category:Taken with Canon EF 70-300mm F4-5.6 IS II USM|Category:Taken with Canon EOS 5D Mark IV|Category:Trees in North Rhine-Westphalia in December 2021|Category:Trees in winter 2021-2022 in North Rhine-Westphalia|Category:Trees in winter in Dülmen|Category:Unidentified trees in Germany|Category:Uploaded with LrMediaWiki|Category:Vertical symmetry impressions|Category:Winter 2021-2022 in Dülmen
294,00294.jpg,"File:Dülmen, Kirchspiel, Dernekamp, Baum -- 2021 -- 9413.jpg","https://commons.wikimedia.org/wiki/File:D%C3%BClmen,_Kirchspiel,_Dernekamp,_Baum_--_2021_--_9413.jpg",https://thumb.wikimedia.org/wikipedia/commons/thumb/0/0b/D%C3%BClmen%2C_Kirchspiel%2C_Dernekamp%2C_Baum_--_2021_--_9413.jpg/1280px-D%C3%BClmen%2C_Kirchspiel%2C_Dernekamp%2C_Baum_--_2021_--_9413.jpg?utm_source=commons.wikimedia.org&utm_campaign=imageinfo&utm_content=thumbnail,6367,4480,Dietmar Rabich,CC BY-SA 4.0,,unknown,"Category:Bare trees in Kirchspiel (Dülmen)|Category:CC-BY-SA-4.0|Category:Changes of XRay's photographs of the recent weeks|Category:Clouds in Kirchspiel (Dülmen)|Category:Dernekamp|Category:Dülmen photographs taken on 2021-12-23|Category:Exposure time 3/10 sec|Category:F-number f/16|Category:Featured pictures of Dülmen|Category:Featured pictures of trees|Category:Featured pictures on Wikimedia Commons|Category:Featured pictures on Wikipedia, Vietnamese|Category:Frost on trees in North Rhine-Westphalia|Category:Hoar frost in North Rhine-Westphalia|Category:ISO speed rating 100|Category:Images by XRay (flat list)|Category:Information field template with formatting|Category:Lens focal length 160 mm|Category:Photographs by Dietmar Rabich/Dülmen|Category:Photographs by Dietmar Rabich/Featured pictures|Category:Photographs by Dietmar Rabich/Featured pictures of Germany|Category:Photographs by Dietmar Rabich/Featured pictures on Wikimedia Commons|Category:Photographs by Dietmar Rabich/Featured pictures on Wikipedia|Category:Photographs by Dietmar Rabich/Medium exposure|Category:Photographs by Dietmar Rabich/Quality images|Category:Photographs by Dietmar Rabich/Quality images of North Rhine-Westphalia|Category:Photographs by Dietmar Rabich/Quality images of agriculture|Category:Photographs by Dietmar Rabich/Quality images of natural phenomena|Category:Photographs by Dietmar Rabich/Quality images of trees|Category:Photographs by Dietmar Rabich/Safe for Children|Category:Photographs by Dietmar Rabich/Symmetry impressions|Category:Photographs by Dietmar Rabich/Tree photography|Category:Photographs by Dietmar Rabich/Year/2021|Category:Photographs with aspect ratio of 10:7|Category:Pictures of the day (2023)|Category:Quality images|Category:Quality images of fields in Dülmen|Category:Quality images of frost|Category:Quality images of solitary trees|Category:Quality images of trees in Kirchspiel (Dülmen)|Category:Self-published work|Category:Solitary trees in Dülmen|Category:Symmetry impressions of nature|Category:Taken with Canon EF 70-300mm F4-5.6 IS II USM|Category:Taken with Canon EOS 5D Mark IV|Category:Trees in North Rhine-Westphalia in December 2021|Category:Trees in winter 2021-2022 in North Rhine-Westphalia|Category:Trees in winter in Dülmen|Category:Unidentified trees in Germany|Category:Uploaded with LrMediaWiki|Category:Vertical symmetry impressions|Category:Winter 2021-2022 in Dülmen"
295,00295.jpg,"File:Dülmen, Kirchspiel, Dernekamp, Bäume im Sonnenaufgang -- 2023 -- 6318-22.jpg","https://commons.wikimedia.org/wiki/File:D%C3%BClmen,_Kirchspiel,_Dernekamp,_B%C3%A4ume_im_Sonnenaufgang_--_2023_--_6318-22.jpg",https://thumb.wikimedia.org/wikipedia/commons/thumb/6/62/D%C3%BClmen%2C_Kirchspiel%2C_Dernekamp%2C_B%C3%A4ume_im_Sonnenaufgang_--_2023_--_6318-22.jpg/1280px-D%C3%BClmen%2C_Kirchspiel%2C_Dernekamp%2C_B%C3%A4ume_im_Sonnenaufgang_--_2023_--_6318-22.jpg?utm_source=commons.wikimedia.org&utm_campaign=imageinfo&utm_content=thumbnail,6719,4479,Dietmar Rabich,CC BY-SA 4.0,,unknown,Category:CC-BY-SA-4.0|Category:Changes of XRay's photographs of the recent weeks|Category:Contrails at sunrise|Category:Contrails in North Rhine-Westphalia|Category:Contrails photographed from the ground|Category:Dülmen photographs taken on 2023-02-08|Category:Exposure time 1/15 sec|Category:F-number f/10|Category:Hoar frost in North Rhine-Westphalia|Category:ISO speed rating 100|Category:Images by XRay (flat list)|Category:Information field template with formatting|Category:Lens focal length 87 mm|Category:Orange sunrises of North Rhine-Westphalia|Category:Photographs by Dietmar Rabich/Available light photography/Sunrises|Category:Photographs by Dietmar Rabich/Contre-jour photography|Category:Photographs by Dietmar Rabich/Dülmen|Category:Photographs by Dietmar Rabich/Landscape photography|Category:Photographs by Dietmar Rabich/Medium exposure|Category:Photographs by Dietmar Rabich/Quality images|Category:Photographs by Dietmar Rabich/Quality images of North Rhine-Westphalia|Category:Photographs by Dietmar Rabich/Quality images of natural phenomena|Category:Photographs by Dietmar Rabich/Quality images of sunsets and sunrises|Category:Photographs by Dietmar Rabich/Quality images of trees|Category:Photographs by Dietmar Rabich/Tone-mapped HDR images|Category:Photographs by Dietmar Rabich/Tree photography|Category:Photographs by Dietmar Rabich/Year/2023|Category:Photographs with aspect ratio of 3:2|Category:Quality images|Category:Quality images of frost|Category:Quality images of solitary trees|Category:Quality images of sunrises of North Rhine-Westphalia|Category:Quality images of trees in Kirchspiel (Dülmen)|Category:Self-published work|Category:Solitary trees in Dülmen|Category:Sunrises in 2023|Category:Sunrises of Dülmen|Category:Taken with Canon EF 70-300mm F4-5.6 IS II USM|Category:Taken with Canon EOS 5D Mark IV|Category:Tone-mapped HDR images of Kirchspiel (Dülmen)|Category:Tone-mapped HDR images of landscapes|Category:Tone-mapped HDR images of sunrises|Category:Trees at sunrise in Germany|Category:Trees in Dernekamp|Category:Trees in North Rhine-Westphalia in February 2023|Category:Trees in winter 2022-2023 in North Rhine-Westphalia|Category:Trees in winter in Dülmen|Category:Uploaded with LrMediaWiki|Category:Winter 2022-2023 in Dülmen
296,00296.jpg,"File:Dülmen, Kirchspiel, Dernekamp, Bäume im Sonnenaufgang -- 2023 -- 6333-7.jpg","https://commons.wikimedia.org/wiki/File:D%C3%BClmen,_Kirchspiel,_Dernekamp,_B%C3%A4ume_im_Sonnenaufgang_--_2023_--_6333-7.jpg",https://thumb.wikimedia.org/wikipedia/commons/thumb/2/2a/D%C3%BClmen%2C_Kirchspiel%2C_Dernekamp%2C_B%C3%A4ume_im_Sonnenaufgang_--_2023_--_6333-7.jpg/1280px-D%C3%BClmen%2C_Kirchspiel%2C_Dernekamp%2C_B%C3%A4ume_im_Sonnenaufgang_--_2023_--_6333-7.jpg?utm_source=commons.wikimedia.org&utm_campaign=imageinfo&utm_content=thumbnail,4454,5568,Dietmar Rabich,CC BY-SA 4.0,,unknown,Category:CC-BY-SA-4.0|Category:Changes of XRay's photographs of the recent weeks|Category:Contrails at sunrise|Category:Contrails in North Rhine-Westphalia|Category:Contrails photographed from the ground|Category:Dülmen photographs taken on 2023-02-08|Category:Exposure time 1/8 sec|Category:F-number f/13|Category:Hoar frost in North Rhine-Westphalia|Category:ISO speed rating 100|Category:Images by XRay (flat list)|Category:Information field template with formatting|Category:Lens focal length 83 mm|Category:Orange sunrises of North Rhine-Westphalia|Category:Photographs by Dietmar Rabich/Available light photography/Sunrises|Category:Photographs by Dietmar Rabich/Contre-jour photography|Category:Photographs by Dietmar Rabich/Dülmen|Category:Photographs by Dietmar Rabich/Landscape photography|Category:Photographs by Dietmar Rabich/Medium exposure|Category:Photographs by Dietmar Rabich/Quality images|Category:Photographs by Dietmar Rabich/Quality images of North Rhine-Westphalia|Category:Photographs by Dietmar Rabich/Quality images of agriculture|Category:Photographs by Dietmar Rabich/Quality images of natural phenomena|Category:Photographs by Dietmar Rabich/Quality images of sunsets and sunrises|Category:Photographs by Dietmar Rabich/Quality images of trees|Category:Photographs by Dietmar Rabich/Tone-mapped HDR images|Category:Photographs by Dietmar Rabich/Tree photography|Category:Photographs by Dietmar Rabich/Year/2023|Category:Photographs with aspect ratio of 4:5|Category:Quality images|Category:Quality images of fields in Dülmen|Category:Quality images of frost|Category:Quality images of solitary trees|Category:Quality images of sunrises of North Rhine-Westphalia|Category:Quality images of trees in Kirchspiel (Dülmen)|Category:Self-published work|Category:Solitary trees in Dülmen|Category:Sunrises in 2023|Category:Sunrises of Dülmen|Category:Taken with Canon EF 70-300mm F4-5.6 IS II USM|Category:Taken with Canon EOS 5D Mark IV|Category:Tone-mapped HDR images of Kirchspiel (Dülmen)|Category:Tone-mapped HDR images of landscapes|Category:Tone-mapped HDR images of sunrises|Category:Trees at sunrise in Germany|Category:Trees in Dernekamp|Category:Trees in North Rhine-Westphalia in February 2023|Category:Trees in winter 2022-2023 in North Rhine-Westphalia|Category:Trees in winter in Dülmen|Category:Uploaded with LrMediaWiki|Category:Winter 2022-2023 in Dülmen
297,00297.jpg,"File:Dülmen, Kirchspiel, Feld am Oedlerteich -- 2017 -- 5991.jpg","https://commons.wikimedia.org/wiki/File:D%C3%BClmen,_Kirchspiel,_Feld_am_Oedlerteich_--_2017_--_5991.jpg",https://thumb.wikimedia.org/wikipedia/commons/thumb/1/18/D%C3%BClmen%2C_Kirchspiel%2C_Feld_am_Oedlerteich_--_2017_--_5991.jpg/1280px-D%C3%BClmen%2C_Kirchspiel%2C_Feld_am_Oedlerteich_--_2017_--_5991.jpg?utm_source=commons.wikimedia.org&utm_campaign=imageinfo&utm_content=thumbnail,5472,3648,Dietmar Rabich,CC BY-SA 4.0,,unknown,Category:CC-BY-SA-4.0|Category:Changes of XRay's photographs of the recent weeks|Category:Dirt roads in Kirchspiel (Dülmen)|Category:Dülmen photographs taken on 2017-01-02|Category:Exposure time 1/13 sec|Category:F-number f/10|Category:Fence posts in Kreis Coesfeld|Category:Fences in Kirchspiel (Dülmen)|Category:Fences in snow|Category:Fields in Börnste|Category:Fields in Kreis Coesfeld in January|Category:Footprints in snow|Category:Grazing fences in Kreis Coesfeld|Category:ISO speed rating 100|Category:Images by XRay (flat list)|Category:Information field template with formatting|Category:Landscapes of Börnste|Category:Lens focal length 18 mm|Category:Metal fences in Kreis Coesfeld|Category:Morning in Kreis Coesfeld|Category:Neusträßer Bruch|Category:Photographs by Dietmar Rabich/Dülmen|Category:Photographs by Dietmar Rabich/Landscape photography|Category:Photographs by Dietmar Rabich/Medium exposure|Category:Photographs by Dietmar Rabich/Quality images|Category:Photographs by Dietmar Rabich/Quality images of North Rhine-Westphalia|Category:Photographs by Dietmar Rabich/Quality images of agriculture|Category:Photographs by Dietmar Rabich/Quality images of fences|Category:Photographs by Dietmar Rabich/Quality images of landscapes|Category:Photographs by Dietmar Rabich/Quality images of natural phenomena|Category:Photographs by Dietmar Rabich/Quality images of roads and streets|Category:Photographs by Dietmar Rabich/Quality images of trees|Category:Photographs by Dietmar Rabich/Tree photography|Category:Photographs by Dietmar Rabich/Year/2017|Category:Photographs with aspect ratio of 3:2|Category:Protected areas with known WDPA-ID|Category:Quality images|Category:Quality images of dirt roads in Kreis Coesfeld|Category:Quality images of fences in Kreis Coesfeld|Category:Quality images of fields in Dülmen|Category:Quality images of landscapes in Dülmen|Category:Quality images of roads and streets in Dülmen|Category:Quality images of snow in Germany|Category:Quality images of solitary trees|Category:Quality images of trees in Kirchspiel (Dülmen)|Category:Self-published work|Category:Snow in Dülmen|Category:Snow in North Rhine-Westphalia in January 2017|Category:Snow on fields in North Rhine-Westphalia|Category:Snowy landscapes in Kreis Coesfeld|Category:Snowy landscapes in North Rhine-Westphalia in January|Category:Solitary trees in Dülmen|Category:Straight roads in North Rhine-Westphalia|Category:Taken with Canon EF-S 15-85mm F3.5-5.6 IS USM|Category:Taken with Canon EOS 70D|Category:Trees in Börnste|Category:Trees in Kreis Coesfeld in snow|Category:Trees in North Rhine-Westphalia in January 2017|Category:Trees in winter 2016-2017 in North Rhine-Westphalia|Category:Trees in winter in Dülmen|Category:Uploaded with VicuñaUploader|Category:Winter 2016-2017 in Dülmen|Category:Winter landscapes in North Rhine-Westphalia|Category:Wooden fence posts
298,00298.jpg,"File:Dülmen, Kirchspiel, Feld am Oedlerteich -- 2017 -- 5998.jpg","https://commons.wikimedia.org/wiki/File:D%C3%BClmen,_Kirchspiel,_Feld_am_Oedlerteich_--_2017_--_5998.jpg",https://thumb.wikimedia.org/wikipedia/commons/thumb/a/a6/D%C3%BClmen%2C_Kirchspiel%2C_Feld_am_Oedlerteich_--_2017_--_5998.jpg/1280px-D%C3%BClmen%2C_Kirchspiel%2C_Feld_am_Oedlerteich_--_2017_--_5998.jpg?utm_source=commons.wikimedia.org&utm_campaign=imageinfo&utm_content=thumbnail,5472,3648,Dietmar Rabich,CC BY-SA 4.0,,unknown,Category:Bare trees in Kirchspiel (Dülmen)|Category:CC-BY-SA-4.0|Category:Changes of XRay's photographs of the recent weeks|Category:Dülmen photographs taken on 2017-01-02|Category:Exposure time 1/15 sec|Category:F-number f/8|Category:Fence posts in Kreis Coesfeld|Category:Fences in Kirchspiel (Dülmen)|Category:Fences in snow|Category:Fields in Börnste|Category:Fields in Kreis Coesfeld in January|Category:Grazing fences in Kreis Coesfeld|Category:ISO speed rating 100|Category:Images by XRay (flat list)|Category:Information field template with formatting|Category:Landscapes of Börnste|Category:Lens focal length 60 mm|Category:Metal fences in Kreis Coesfeld|Category:Morning in Kreis Coesfeld|Category:Neusträßer Bruch|Category:Photographs by Dietmar Rabich/Dülmen|Category:Photographs by Dietmar Rabich/Landscape photography|Category:Photographs by Dietmar Rabich/Medium exposure|Category:Photographs by Dietmar Rabich/Quality images|Category:Photographs by Dietmar Rabich/Quality images of North Rhine-Westphalia|Category:Photographs by Dietmar Rabich/Quality images of agriculture|Category:Photographs by Dietmar Rabich/Quality images of fences|Category:Photographs by Dietmar Rabich/Quality images of landscapes|Category:Photographs by Dietmar Rabich/Quality images of natural phenomena|Category:Photographs by Dietmar Rabich/Quality images of trees|Category:Photographs by Dietmar Rabich/Tree photography|Category:Photographs by Dietmar Rabich/Year/2017|Category:Photographs with aspect ratio of 3:2|Category:Protected areas with known WDPA-ID|Category:Quality images|Category:Quality images of fences in Kreis Coesfeld|Category:Quality images of fields in Dülmen|Category:Quality images of landscapes in Dülmen|Category:Quality images of snow in Germany|Category:Quality images of solitary trees|Category:Quality images of trees in Kirchspiel (Dülmen)|Category:Self-published work|Category:Snow in Dülmen|Category:Snow in North Rhine-Westphalia in January 2017|Category:Snow on fields in North Rhine-Westphalia|Category:Snowy landscapes in Kreis Coesfeld|Category:Snowy landscapes in North Rhine-Westphalia in January|Category:Solitary trees in Dülmen|Category:Taken with Canon EF-S 60mm F2.8 Macro USM|Category:Taken with Canon EOS 70D|Category:Trees in Kreis Coesfeld in snow|Category:Trees in North Rhine-Westphalia in January 2017|Category:Trees in winter 2016-2017 in North Rhine-Westphalia|Category:Trees in winter in Dülmen|Category:Unidentified trees in Germany|Category:Uploaded with VicuñaUploader|Category:Winter 2016-2017 in Dülmen|Category:Winter landscapes in North Rhine-Westphalia|Category:Wooden fence posts
299,00299.jpg,"File:Dülmen, Kirchspiel, Feld am Oedlerteich -- 2017 -- 6001.jpg","https://commons.wikimedia.org/wiki/File:D%C3%BClmen,_Kirchspiel,_Feld_am_Oedlerteich_--_2017_--_6001.jpg",https://thumb.wikimedia.org/wikipedia/commons/thumb/e/ec/D%C3%BClmen%2C_Kirchspiel%2C_Feld_am_Oedlerteich_--_2017_--_6001.jpg/1280px-D%C3%BClmen%2C_Kirchspiel%2C_Feld_am_Oedlerteich_--_2017_--_6001.jpg?utm_source=commons.wikimedia.org&utm_campaign=imageinfo&utm_content=thumbnail,5472,3648,Dietmar Rabich,CC BY-SA 4.0,,unknown,Category:Bare trees in Kirchspiel (Dülmen)|Category:CC-BY-SA-4.0|Category:Changes of XRay's photographs of the recent weeks|Category:Dülmen photographs taken on 2017-01-02|Category:Exposure time 1/30 sec|Category:F-number f/8|Category:Fence posts in Kreis Coesfeld|Category:Fences in Kirchspiel (Dülmen)|Category:Fences in snow|Category:Fields in Börnste|Category:Fields in Kreis Coesfeld in January|Category:Grazing fences in Kreis Coesfeld|Category:ISO speed rating 200|Category:Images by XRay (flat list)|Category:Information field template with formatting|Category:Landscapes of Börnste|Category:Lens focal length 60 mm|Category:Metal fences in Kreis Coesfeld|Category:Morning in Kreis Coesfeld|Category:Neusträßer Bruch|Category:Photographs by Dietmar Rabich/Dülmen|Category:Photographs by Dietmar Rabich/Landscape photography|Category:Photographs by Dietmar Rabich/Medium exposure|Category:Photographs by Dietmar Rabich/Quality images|Category:Photographs by Dietmar Rabich/Quality images of North Rhine-Westphalia|Category:Photographs by Dietmar Rabich/Quality images of agriculture|Category:Photographs by Dietmar Rabich/Quality images of fences|Category:Photographs by Dietmar Rabich/Quality images of landscapes|Category:Photographs by Dietmar Rabich/Quality images of natural phenomena|Category:Photographs by Dietmar Rabich/Quality images of trees|Category:Photographs by Dietmar Rabich/Tree photography|Category:Photographs by Dietmar Rabich/Year/2017|Category:Photographs with aspect ratio of 3:2|Category:Protected areas with known WDPA-ID|Category:Quality images|Category:Quality images of fences in Kreis Coesfeld|Category:Quality images of fields in Dülmen|Category:Quality images of landscapes in Dülmen|Category:Quality images of snow in Germany|Category:Quality images of solitary trees|Category:Quality images of trees in Kirchspiel (Dülmen)|Category:Self-published work|Category:Snow in Dülmen|Category:Snow in North Rhine-Westphalia in January 2017|Category:Snow on fields in North Rhine-Westphalia|Category:Snowy landscapes in Kreis Coesfeld|Category:Snowy landscapes in North Rhine-Westphalia in January|Category:Solitary trees in Dülmen|Category:Taken with Canon EF-S 60mm F2.8 Macro USM|Category:Taken with Canon EOS 70D|Category:Trees in Kreis Coesfeld in snow|Category:Trees in North Rhine-Westphalia in January 2017|Category:Trees in winter 2016-2017 in North Rhine-Westphalia|Category:Trees in winter in Dülmen|Category:Unidentified trees in Germany|Category:Uploaded with VicuñaUploader|Category:Winter 2016-2017 in Dülmen|Category:Winter landscapes in North Rhine-Westphalia|Category:Wooden fence posts
300,00300.jpg,"File:Dülmen, Kirchspiel, Felder und Wiesen -- 2021 -- 7415 (bw).jpg","https://commons.wikimedia.org/wiki/File:D%C3%BClmen,_Kirchspiel,_Felder_und_Wiesen_--_2021_--_7415_(bw).jpg",https://thumb.wikimedia.org/wikipedia/commons/thumb/5/5f/D%C3%BClmen%2C_Kirchspiel%2C_Felder_und_Wiesen_--_2021_--_7415_%28bw%29.jpg/1280px-D%C3%BClmen%2C_Kirchspiel%2C_Felder_und_Wiesen_--_2021_--_7415_%28bw%29.jpg?utm_source=commons.wikimedia.org&utm_campaign=imageinfo&utm_content=thumbnail,6204,4136,Dietmar Rabich,CC BY-SA 4.0,,unknown,Category:2021 black and white photographs|Category:Black and white photographs of Kirchspiel (Dülmen)|Category:Black and white photographs of North Rhine-Westphalia in the 2020s|Category:Black and white photographs of clouds|Category:Black and white photographs of fields|Category:Black and white photographs of landscapes in North Rhine-Westphalia|Category:CC-BY-SA-4.0|Category:Changes of XRay's photographs of the recent weeks|Category:Clouds and blue sky in Kirchspiel (Dülmen)|Category:Clouds in Germany in April 2021|Category:Dülmen photographs taken on 2021-04-16|Category:Exposure time 1/250 sec|Category:F-number f/8|Category:Fields in Börnste|Category:Fields in Kreis Coesfeld in April|Category:Gray clouds in North Rhine-Westphalia|Category:ISO speed rating 100|Category:Images by XRay (flat list)|Category:Information field template with formatting|Category:Landscapes of Börnste|Category:Lens focal length 50 mm|Category:Neusträßer Bruch|Category:Photographs by Dietmar Rabich/Black-and-white photography|Category:Photographs by Dietmar Rabich/Dülmen|Category:Photographs by Dietmar Rabich/Landscape photography|Category:Photographs by Dietmar Rabich/Quality images|Category:Photographs by Dietmar Rabich/Quality images of North Rhine-Westphalia|Category:Photographs by Dietmar Rabich/Quality images of agriculture|Category:Photographs by Dietmar Rabich/Quality images of landscapes|Category:Photographs by Dietmar Rabich/Quality images of trees|Category:Photographs by Dietmar Rabich/Tree photography|Category:Photographs by Dietmar Rabich/Year/2021|Category:Photographs with aspect ratio of 3:2|Category:Protected areas with known WDPA-ID|Category:Quality contemporary black and white images of Germany|Category:Quality images|Category:Quality images of clouds in Germany|Category:Quality images of fields in Dülmen|Category:Quality images of landscapes in Dülmen|Category:Quality images of solitary trees|Category:Quality images of trees in Kirchspiel (Dülmen)|Category:Self-published work|Category:Solitary trees in Dülmen|Category:Spring 2021 in Dülmen|Category:Spring landscapes in North Rhine-Westphalia|Category:Taken with Canon EOS 5D Mark IV and Canon EF 50mm F1.4 USM|Category:Trees in Börnste|Category:Trees in North Rhine-Westphalia in April 2021|Category:Trees in spring 2021 in Dülmen|Category:Uploaded with LrMediaWiki
301,00301.jpg,"File:Dülmen, Kirchspiel, Felder und Wiesen -- 2021 -- 7415.jpg","https://commons.wikimedia.org/wiki/File:D%C3%BClmen,_Kirchspiel,_Felder_und_Wiesen_--_2021_--_7415.jpg",https://thumb.wikimedia.org/wikipedia/commons/thumb/b/bf/D%C3%BClmen%2C_Kirchspiel%2C_Felder_und_Wiesen_--_2021_--_7415.jpg/1280px-D%C3%BClmen%2C_Kirchspiel%2C_Felder_und_Wiesen_--_2021_--_7415.jpg?utm_source=commons.wikimedia.org&utm_campaign=imageinfo&utm_content=thumbnail,6204,4136,Dietmar Rabich,CC BY-SA 4.0,,unknown,Category:Blue and green landscapes|Category:CC-BY-SA-4.0|Category:Changes of XRay's photographs of the recent weeks|Category:Clouds and blue sky in Kirchspiel (Dülmen)|Category:Clouds in Germany in April 2021|Category:Dülmen photographs taken on 2021-04-16|Category:Exposure time 1/250 sec|Category:F-number f/8|Category:Fields in Börnste|Category:Fields in Kreis Coesfeld in April|Category:Gray clouds in North Rhine-Westphalia|Category:ISO speed rating 100|Category:Images by XRay (flat list)|Category:Information field template with formatting|Category:Landscapes of Börnste|Category:Lens focal length 50 mm|Category:Neusträßer Bruch|Category:Photographs by Dietmar Rabich/Dülmen|Category:Photographs by Dietmar Rabich/Landscape photography|Category:Photographs by Dietmar Rabich/Quality images|Category:Photographs by Dietmar Rabich/Quality images of North Rhine-Westphalia|Category:Photographs by Dietmar Rabich/Quality images of agriculture|Category:Photographs by Dietmar Rabich/Quality images of landscapes|Category:Photographs by Dietmar Rabich/Quality images of trees|Category:Photographs by Dietmar Rabich/Tree photography|Category:Photographs by Dietmar Rabich/Year/2021|Category:Photographs with aspect ratio of 3:2|Category:Protected areas with known WDPA-ID|Category:Quality images|Category:Quality images of clouds in Germany|Category:Quality images of fields in Dülmen|Category:Quality images of landscapes in Dülmen|Category:Quality images of solitary trees|Category:Quality images of trees in Kirchspiel (Dülmen)|Category:Self-published work|Category:Solitary trees in Dülmen|Category:Spring 2021 in Dülmen|Category:Spring landscapes in North Rhine-Westphalia|Category:Taken with Canon EOS 5D Mark IV and Canon EF 50mm F1.4 USM|Category:Trees in Börnste|Category:Trees in North Rhine-Westphalia in April 2021|Category:Trees in spring 2021 in Dülmen|Category:Trees with clouds and blue sky background|Category:Uploaded with LrMediaWiki
302,00302.jpg,"File:Dülmen, Kirchspiel, Naturschutzgebiet -Karthäuser Mühlenbach- -- 2015 -- 4475.jpg","https://commons.wikimedia.org/wiki/File:D%C3%BClmen,_Kirchspiel,_Naturschutzgebiet_-Karth%C3%A4user_M%C3%BChlenbach-_--_2015_--_4475.jpg",https://thumb.wikimedia.org/wikipedia/commons/thumb/d/d7/D%C3%BClmen%2C_Kirchspiel%2C_Naturschutzgebiet_-Karth%C3%A4user_M%C3%BChlenbach-_--_2015_--_4475.jpg/1280px-D%C3%BClmen%2C_Kirchspiel%2C_Naturschutzgebiet_-Karth%C3%A4user_M%C3%BChlenbach-_--_2015_--_4475.jpg?utm_source=commons.wikimedia.org&utm_campaign=imageinfo&utm_content=thumbnail,3456,5184,Dietmar Rabich,CC BY-SA 4.0,Quercus,broadleaf,"Category:Blue sky background in North Rhine-Westphalia|Category:Blue sky in Kirchspiel (Dülmen)|Category:CC-BY-SA-4.0|Category:Changes of XRay's photographs of the recent weeks|Category:Dülmen photographs taken on 2015-04-18|Category:Exposure time 1/640 sec|Category:F-number f/6.3|Category:Fagales in North Rhine-Westphalia in April 2015|Category:ISO speed rating 100|Category:Images by XRay (flat list)|Category:Images from Wiki Loves Earth 2015|Category:Images from Wiki Loves Earth 2015 in Germany|Category:Images from Wiki Loves Earth 2015, DE-NW|Category:Information field template with formatting|Category:Lens focal length 17 mm|Category:Naturschutzgebiet Karthäuser Mühlenbach|Category:Photographs by Dietmar Rabich/Dülmen|Category:Photographs by Dietmar Rabich/Quality images|Category:Photographs by Dietmar Rabich/Quality images from Wiki Loves Earth|Category:Photographs by Dietmar Rabich/Quality images of North Rhine-Westphalia|Category:Photographs by Dietmar Rabich/Quality images of nature reserves|Category:Photographs by Dietmar Rabich/Quality images of trees|Category:Photographs by Dietmar Rabich/Tree photography|Category:Photographs by Dietmar Rabich/Wiki Loves Earth/2015|Category:Photographs by Dietmar Rabich/Year/2015|Category:Photographs with aspect ratio of 2:3|Category:Protected areas with known WDPA-ID|Category:Quality images|Category:Quality images from Wiki Loves Earth 2015 in Germany|Category:Quality images of Quercus robur|Category:Quality images of nature reserves in Kreis Coesfeld|Category:Quality images of solitary trees|Category:Quality images of trees in Kirchspiel (Dülmen)|Category:Quercus in North Rhine-Westphalia in April|Category:Quercus robur in Kreis Coesfeld|Category:Self-published work|Category:Solitary Quercus robur|Category:Solitary trees in Dülmen|Category:Spring 2015 in Dülmen|Category:Taken with Canon EF-S 15-85mm F3.5-5.6 IS USM|Category:Taken with Canon EOS 600D|Category:Trees and sky in Germany|Category:Trees in Weddern|Category:Trees in spring 2015 in North Rhine-Westphalia|Category:Trees in spring in Dülmen|Category:Trees with blue sky background|Category:Uploaded with VicuñaUploader"
303,00303.jpg,"File:Dülmen, Kirchspiel, Naturschutzgebiet -Karthäuser Mühlenbach- -- 2015 -- 4478.jpg","https://commons.wikimedia.org/wiki/File:D%C3%BClmen,_Kirchspiel,_Naturschutzgebiet_-Karth%C3%A4user_M%C3%BChlenbach-_--_2015_--_4478.jpg",https://thumb.wikimedia.org/wikipedia/commons/thumb/0/0e/D%C3%BClmen%2C_Kirchspiel%2C_Naturschutzgebiet_-Karth%C3%A4user_M%C3%BChlenbach-_--_2015_--_4478.jpg/1280px-D%C3%BClmen%2C_Kirchspiel%2C_Naturschutzgebiet_-Karth%C3%A4user_M%C3%BChlenbach-_--_2015_--_4478.jpg?utm_source=commons.wikimedia.org&utm_campaign=imageinfo&utm_content=thumbnail,3456,5184,Dietmar Rabich,CC BY-SA 4.0,,unknown,"Category:Blue sky background in North Rhine-Westphalia|Category:Blue sky in Kirchspiel (Dülmen)|Category:CC-BY-SA-4.0|Category:Changes of XRay's photographs of the recent weeks|Category:Dülmen photographs taken on 2015-04-18|Category:Exposure time 1/640 sec|Category:F-number f/8|Category:ISO speed rating 100|Category:Images by XRay (flat list)|Category:Images from Wiki Loves Earth 2015|Category:Images from Wiki Loves Earth 2015 in Germany|Category:Images from Wiki Loves Earth 2015, DE-NW|Category:Information field template with formatting|Category:Lens focal length 19 mm|Category:Naturschutzgebiet Karthäuser Mühlenbach|Category:Photographs by Dietmar Rabich/Dülmen|Category:Photographs by Dietmar Rabich/Quality images|Category:Photographs by Dietmar Rabich/Quality images from Wiki Loves Earth|Category:Photographs by Dietmar Rabich/Quality images of North Rhine-Westphalia|Category:Photographs by Dietmar Rabich/Quality images of nature reserves|Category:Photographs by Dietmar Rabich/Quality images of trees|Category:Photographs by Dietmar Rabich/Tree photography|Category:Photographs by Dietmar Rabich/Wiki Loves Earth/2015|Category:Photographs by Dietmar Rabich/Year/2015|Category:Photographs with aspect ratio of 2:3|Category:Protected areas with known WDPA-ID|Category:Quality images|Category:Quality images from Wiki Loves Earth 2015 in Germany|Category:Quality images of nature reserves in Kreis Coesfeld|Category:Quality images of solitary trees|Category:Quality images of trees in Kirchspiel (Dülmen)|Category:Self-published work|Category:Solitary trees in Dülmen|Category:Spring 2015 in Dülmen|Category:Taken with Canon EF-S 15-85mm F3.5-5.6 IS USM|Category:Taken with Canon EOS 600D|Category:Trees and sky in Germany|Category:Trees in North Rhine-Westphalia in April 2015|Category:Trees in Weddern|Category:Trees in spring 2015 in North Rhine-Westphalia|Category:Trees in spring in Dülmen|Category:Trees with blue sky background|Category:Unidentified trees in Germany|Category:Uploaded with VicuñaUploader"
304,00304.jpg,"File:Dülmen, Kirchspiel, Naturschutzgebiet -Karthäuser Mühlenbach- -- 2015 -- 4479.jpg","https://commons.wikimedia.org/wiki/File:D%C3%BClmen,_Kirchspiel,_Naturschutzgebiet_-Karth%C3%A4user_M%C3%BChlenbach-_--_2015_--_4479.jpg",https://thumb.wikimedia.org/wikipedia/commons/thumb/9/98/D%C3%BClmen%2C_Kirchspiel%2C_Naturschutzgebiet_-Karth%C3%A4user_M%C3%BChlenbach-_--_2015_--_4479.jpg/1280px-D%C3%BClmen%2C_Kirchspiel%2C_Naturschutzgebiet_-Karth%C3%A4user_M%C3%BChlenbach-_--_2015_--_4479.jpg?utm_source=commons.wikimedia.org&utm_campaign=imageinfo&utm_content=thumbnail,4143,3233,Dietmar Rabich,CC BY-SA 4.0,,unknown,"Category:Blue sky background in North Rhine-Westphalia|Category:Blue sky in Kirchspiel (Dülmen)|Category:CC-BY-SA-4.0|Category:Changes of XRay's photographs of the recent weeks|Category:Churches in Germany photographed in 2015|Category:Dülmen photographs taken on 2015-04-18|Category:Exposure time 1/800 sec|Category:F-number f/8|Category:ISO speed rating 100|Category:Images by XRay (flat list)|Category:Images from Wiki Loves Earth 2015|Category:Images from Wiki Loves Earth 2015 in Germany|Category:Images from Wiki Loves Earth 2015, DE-NW|Category:Information field template with formatting|Category:Landscapes of Weddern|Category:Lens focal length 15 mm|Category:Naturschutzgebiet Karthäuser Mühlenbach|Category:Photographs by Dietmar Rabich/Architectural photography/Religious buildings|Category:Photographs by Dietmar Rabich/Architectural photography/Towers|Category:Photographs by Dietmar Rabich/Dülmen|Category:Photographs by Dietmar Rabich/Landscape photography|Category:Photographs by Dietmar Rabich/Quality images|Category:Photographs by Dietmar Rabich/Quality images from Wiki Loves Earth|Category:Photographs by Dietmar Rabich/Quality images of North Rhine-Westphalia|Category:Photographs by Dietmar Rabich/Quality images of churches|Category:Photographs by Dietmar Rabich/Quality images of landscapes|Category:Photographs by Dietmar Rabich/Quality images of nature reserves|Category:Photographs by Dietmar Rabich/Quality images of trees|Category:Photographs by Dietmar Rabich/Tree photography|Category:Photographs by Dietmar Rabich/Wiki Loves Earth/2015|Category:Photographs by Dietmar Rabich/Year/2015|Category:Photographs with aspect ratio of 9:7|Category:Protected areas with known WDPA-ID|Category:Quality images|Category:Quality images from Wiki Loves Earth 2015 in Germany|Category:Quality images of churches in Kirchspiel (Dülmen)|Category:Quality images of cultural heritage monuments in Dülmen|Category:Quality images of landscapes in Dülmen|Category:Quality images of nature reserves in Kreis Coesfeld|Category:Quality images of solitary trees|Category:Quality images of trees in Kirchspiel (Dülmen)|Category:Self-published work|Category:Solitary trees in Dülmen|Category:Spring 2015 in Dülmen|Category:Spring landscapes in North Rhine-Westphalia|Category:St.-Jakobus-Kirche (Kirchspiel)|Category:Taken with Canon EF-S 15-85mm F3.5-5.6 IS USM|Category:Taken with Canon EOS 600D|Category:Trees and sky in Germany|Category:Trees in North Rhine-Westphalia in April 2015|Category:Trees in Weddern|Category:Trees in spring 2015 in North Rhine-Westphalia|Category:Trees in spring in Dülmen|Category:Trees with blue sky background|Category:Unidentified trees in Germany|Category:Uploaded with VicuñaUploader"
305,00305.jpg,"File:Dülmen, Wildpark -- 2013 -- 9928.jpg","https://commons.wikimedia.org/wiki/File:D%C3%BClmen,_Wildpark_--_2013_--_9928.jpg",https://thumb.wikimedia.org/wikipedia/commons/thumb/8/83/D%C3%BClmen%2C_Wildpark_--_2013_--_9928.jpg/1280px-D%C3%BClmen%2C_Wildpark_--_2013_--_9928.jpg?utm_source=commons.wikimedia.org&utm_campaign=imageinfo&utm_content=thumbnail,3456,5184,Dietmar Rabich,CC BY-SA 4.0,,unknown,"Category:Bare trees in Dülmen-Mitte|Category:Buildings with addresses|Category:CC-BY-SA-4.0|Category:Changes of XRay's photographs of the recent weeks|Category:Clouds in Dülmen-Mitte|Category:Clouds in Germany in February 2013|Category:Dülmen photographs taken on 2013-02-02|Category:Exposure time 1/160 sec|Category:F-number f/11|Category:Gray clouds in North Rhine-Westphalia|Category:ISO speed rating 100|Category:Images by XRay (flat list)|Category:Images from Wiki Loves Monuments 2013|Category:Images from Wiki Loves Monuments 2013 in Germany|Category:Images from Wiki Loves Monuments 2013, DE-NW|Category:Information field template with formatting|Category:Leafless trees in Germany|Category:Lens focal length 18 mm|Category:Photographic silhouettes in Germany|Category:Photographs by Dietmar Rabich/Contre-jour photography|Category:Photographs by Dietmar Rabich/Dülmen|Category:Photographs by Dietmar Rabich/Quality images|Category:Photographs by Dietmar Rabich/Quality images from Wiki Loves Monuments|Category:Photographs by Dietmar Rabich/Quality images of North Rhine-Westphalia|Category:Photographs by Dietmar Rabich/Quality images of gardens and parks|Category:Photographs by Dietmar Rabich/Quality images of trees|Category:Photographs by Dietmar Rabich/Tree photography|Category:Photographs by Dietmar Rabich/Wiki Loves Monuments/2013|Category:Photographs by Dietmar Rabich/Year/2013|Category:Photographs with aspect ratio of 2:3|Category:Protected areas with known WDPA-ID|Category:Quality images|Category:Quality images from Wiki Loves Monuments 2013 in Germany|Category:Quality images of Wildpark (Dülmen)|Category:Quality images of solitary trees|Category:Quality images of trees in Dülmen-Mitte|Category:Self-published work|Category:Shadows of trees in Kreis Coesfeld|Category:Silhouettes of trees in North Rhine-Westphalia|Category:Solitary trees in Dülmen|Category:Sunlight through trees in Dülmen|Category:Taken with Canon EF-S 18-135mm F3.5-5.6 IS|Category:Taken with Canon EOS 600D|Category:Trees in North Rhine-Westphalia in February 2013|Category:Trees in winter 2012-2013 in North Rhine-Westphalia|Category:Trees in winter in Dülmen|Category:Unidentified trees in Germany|Category:Uploaded via Campaign:wlm-de-nrw|Category:Wildpark (Dülmen)|Category:Winter 2012-2013 in Dülmen"
306,00306.jpg,"File:Dülmen, Wildpark -- 2014 -- 3832.jpg","https://commons.wikimedia.org/wiki/File:D%C3%BClmen,_Wildpark_--_2014_--_3832.jpg",https://thumb.wikimedia.org/wikipedia/commons/thumb/b/b4/D%C3%BClmen%2C_Wildpark_--_2014_--_3832.jpg/1280px-D%C3%BClmen%2C_Wildpark_--_2014_--_3832.jpg?utm_source=commons.wikimedia.org&utm_campaign=imageinfo&utm_content=thumbnail,5472,3648,Dietmar Rabich,CC BY-SA 4.0,,unknown,"Category:Autumn 2014 in Dülmen|Category:Autumn landscapes in North Rhine-Westphalia|Category:Blue sky background in North Rhine-Westphalia|Category:Blue sky in Dülmen|Category:Buildings with addresses|Category:CC-BY-SA-4.0|Category:Changes of XRay's photographs of the recent weeks|Category:Dülmen photographs taken on 2014-10-19|Category:Exposure time 2/5 sec|Category:F-number f/20|Category:Fog in Dülmen|Category:Fog in October|Category:ISO speed rating 100|Category:Images by XRay (flat list)|Category:Images from Wiki Loves Monuments 2015|Category:Images from Wiki Loves Monuments 2015 in Germany|Category:Images from Wiki Loves Monuments 2015, DE-NW|Category:Information field template with formatting|Category:Landscapes of Dülmen-Mitte|Category:Landscapes of Germany in fog|Category:Lens focal length 29 mm|Category:Morning in Kreis Coesfeld|Category:Parks with blue sky background|Category:Photographs by Dietmar Rabich/Dülmen|Category:Photographs by Dietmar Rabich/Landscape photography|Category:Photographs by Dietmar Rabich/Medium exposure|Category:Photographs by Dietmar Rabich/Quality images|Category:Photographs by Dietmar Rabich/Quality images from Wiki Loves Monuments|Category:Photographs by Dietmar Rabich/Quality images of North Rhine-Westphalia|Category:Photographs by Dietmar Rabich/Quality images of gardens and parks|Category:Photographs by Dietmar Rabich/Quality images of natural phenomena|Category:Photographs by Dietmar Rabich/Quality images of trees|Category:Photographs by Dietmar Rabich/Tree photography|Category:Photographs by Dietmar Rabich/Wiki Loves Monuments/2015|Category:Photographs by Dietmar Rabich/Year/2014|Category:Photographs with aspect ratio of 3:2|Category:Protected areas with known WDPA-ID|Category:Quality images|Category:Quality images from Wiki Loves Monuments 2015 in Germany|Category:Quality images of Wildpark (Dülmen)|Category:Quality images of fog in Germany|Category:Quality images of solitary trees|Category:Quality images of trees in Dülmen-Mitte|Category:Self-published work|Category:Solitary trees in Dülmen|Category:Taken with Canon EF-S 15-85mm F3.5-5.6 IS USM|Category:Taken with Canon EOS 70D|Category:Trees in Dülmen-Mitte|Category:Trees in North Rhine-Westphalia in October 2014|Category:Trees in autumn 2014 in North Rhine-Westphalia|Category:Trees in autumn in Dülmen|Category:Trees in fog|Category:Trees with blue sky background|Category:Unidentified trees in Germany|Category:Uploaded with VicuñaUploader|Category:Wildpark (Dülmen)"
307,00307.jpg,"File:Dülmen, Wildpark -- 2014 -- 3841.jpg","https://commons.wikimedia.org/wiki/File:D%C3%BClmen,_Wildpark_--_2014_--_3841.jpg",https://thumb.wikimedia.org/wikipedia/commons/thumb/c/c5/D%C3%BClmen%2C_Wildpark_--_2014_--_3841.jpg/1280px-D%C3%BClmen%2C_Wildpark_--_2014_--_3841.jpg?utm_source=commons.wikimedia.org&utm_campaign=imageinfo&utm_content=thumbnail,5472,3648,Dietmar Rabich,CC BY-SA 4.0,,unknown,"Category:Animals in fog in Germany|Category:Animals in landscape|Category:Autumn 2014 in Dülmen|Category:Autumn landscapes in North Rhine-Westphalia|Category:Buildings with addresses|Category:CC-BY-SA-4.0|Category:Changes of XRay's photographs of the recent weeks|Category:Dama dama (groups)|Category:Dama dama in Wildpark Dülmen|Category:Dülmen photographs taken on 2014-10-19|Category:Exposure time 1/10 sec|Category:F-number f/6.3|Category:Fog in Dülmen|Category:Fog in October|Category:ISO speed rating 100|Category:Images by XRay (flat list)|Category:Images from Wiki Loves Monuments 2015|Category:Images from Wiki Loves Monuments 2015 in Germany|Category:Images from Wiki Loves Monuments 2015, DE-NW|Category:Information field template with formatting|Category:Landscapes of Dülmen-Mitte|Category:Landscapes of Germany in fog|Category:Lens focal length 32 mm|Category:Many mammals in North Rhine-Westphalia|Category:Misty mornings in North Rhine-Westphalia|Category:Photographs by Dietmar Rabich/Animal photography|Category:Photographs by Dietmar Rabich/Dülmen|Category:Photographs by Dietmar Rabich/Landscape photography|Category:Photographs by Dietmar Rabich/Medium exposure|Category:Photographs by Dietmar Rabich/Quality images|Category:Photographs by Dietmar Rabich/Quality images from Wiki Loves Monuments|Category:Photographs by Dietmar Rabich/Quality images of North Rhine-Westphalia|Category:Photographs by Dietmar Rabich/Quality images of animals|Category:Photographs by Dietmar Rabich/Quality images of gardens and parks|Category:Photographs by Dietmar Rabich/Quality images of natural phenomena|Category:Photographs by Dietmar Rabich/Quality images of trees|Category:Photographs by Dietmar Rabich/Tree photography|Category:Photographs by Dietmar Rabich/Wiki Loves Monuments/2015|Category:Photographs by Dietmar Rabich/Year/2014|Category:Photographs with aspect ratio of 3:2|Category:Protected areas with known WDPA-ID|Category:Quality images|Category:Quality images from Wiki Loves Monuments 2015 in Germany|Category:Quality images of Dama dama|Category:Quality images of Wildpark (Dülmen)|Category:Quality images of fog in Germany|Category:Quality images of mammals in Dülmen|Category:Quality images of solitary trees|Category:Quality images of trees in Dülmen-Mitte|Category:Self-published work|Category:Solitary trees in Dülmen|Category:Taken with Canon EF-S 15-85mm F3.5-5.6 IS USM|Category:Taken with Canon EOS 70D|Category:Trees in Dülmen-Mitte|Category:Trees in North Rhine-Westphalia in October 2014|Category:Trees in autumn 2014 in North Rhine-Westphalia|Category:Trees in autumn in Dülmen|Category:Unidentified trees in Germany|Category:Uploaded with VicuñaUploader"
308,00308.jpg,"File:Dülmen, Wildpark -- 2014 -- 3849.jpg","https://commons.wikimedia.org/wiki/File:D%C3%BClmen,_Wildpark_--_2014_--_3849.jpg",https://thumb.wikimedia.org/wikipedia/commons/thumb/0/01/D%C3%BClmen%2C_Wildpark_--_2014_--_3849.jpg/1280px-D%C3%BClmen%2C_Wildpark_--_2014_--_3849.jpg?utm_source=commons.wikimedia.org&utm_campaign=imageinfo&utm_content=thumbnail,3419,4847,Dietmar Rabich,CC BY-SA 4.0,,unknown,"Category:Autumn 2014 in Dülmen|Category:Blue sky background in North Rhine-Westphalia|Category:Blue sky in Dülmen|Category:Buildings with addresses|Category:CC-BY-SA-4.0|Category:Dülmen photographs taken on 2014-10-19|Category:Exposure time 1/80 sec|Category:F-number f/6.3|Category:ISO speed rating 100|Category:Images by XRay (flat list)|Category:Images from Wiki Loves Monuments 2015|Category:Images from Wiki Loves Monuments 2015 in Germany|Category:Images from Wiki Loves Monuments 2015, DE-NW|Category:Information field template with formatting|Category:Lens focal length 19 mm|Category:Morning in Kreis Coesfeld|Category:Parks with blue sky background|Category:Photographs by Dietmar Rabich/Dülmen|Category:Photographs by Dietmar Rabich/Quality images|Category:Photographs by Dietmar Rabich/Quality images from Wiki Loves Monuments|Category:Photographs by Dietmar Rabich/Quality images of North Rhine-Westphalia|Category:Photographs by Dietmar Rabich/Quality images of gardens and parks|Category:Photographs by Dietmar Rabich/Quality images of trees|Category:Photographs by Dietmar Rabich/Tree photography|Category:Photographs by Dietmar Rabich/Wiki Loves Monuments/2015|Category:Photographs by Dietmar Rabich/Year/2014|Category:Photographs with aspect ratio of 7:10|Category:Protected areas with known WDPA-ID|Category:Quality images|Category:Quality images from Wiki Loves Monuments 2015 in Germany|Category:Quality images of Wildpark (Dülmen)|Category:Quality images of solitary trees|Category:Quality images of trees in Dülmen-Mitte|Category:Recent changes of XRay's photographs by third parties|Category:Self-published work|Category:Solitary trees in Dülmen|Category:Taken with Canon EF-S 15-85mm F3.5-5.6 IS USM|Category:Taken with Canon EOS 70D|Category:Trees and sky in Germany|Category:Trees in Dülmen-Mitte|Category:Trees in North Rhine-Westphalia in October 2014|Category:Trees in autumn 2014 in North Rhine-Westphalia|Category:Trees in autumn in Dülmen|Category:Trees with blue sky background|Category:Unidentified trees in Germany|Category:Uploaded with VicuñaUploader|Category:Wildpark (Dülmen)"
309,00309.jpg,"File:Dülmen, Wildpark -- 2014 -- 3852.jpg","https://commons.wikimedia.org/wiki/File:D%C3%BClmen,_Wildpark_--_2014_--_3852.jpg",https://thumb.wikimedia.org/wikipedia/commons/thumb/0/0b/D%C3%BClmen%2C_Wildpark_--_2014_--_3852.jpg/1280px-D%C3%BClmen%2C_Wildpark_--_2014_--_3852.jpg?utm_source=commons.wikimedia.org&utm_campaign=imageinfo&utm_content=thumbnail,5472,3648,Dietmar Rabich,CC BY-SA 4.0,,unknown,"Category:Autumn 2014 in Dülmen|Category:Blue sky background in North Rhine-Westphalia|Category:Blue sky in Dülmen|Category:Buildings with addresses|Category:CC-BY-SA-4.0|Category:Dülmen photographs taken on 2014-10-19|Category:Exposure time 1/25 sec|Category:F-number f/8|Category:ISO speed rating 100|Category:Images by XRay (flat list)|Category:Images from Wiki Loves Monuments 2015|Category:Images from Wiki Loves Monuments 2015 in Germany|Category:Images from Wiki Loves Monuments 2015, DE-NW|Category:Information field template with formatting|Category:Lens focal length 24 mm|Category:Morning in Kreis Coesfeld|Category:Parks with blue sky background|Category:Photographs by Dietmar Rabich/Dülmen|Category:Photographs by Dietmar Rabich/Medium exposure|Category:Photographs by Dietmar Rabich/Quality images|Category:Photographs by Dietmar Rabich/Quality images from Wiki Loves Monuments|Category:Photographs by Dietmar Rabich/Quality images of North Rhine-Westphalia|Category:Photographs by Dietmar Rabich/Quality images of gardens and parks|Category:Photographs by Dietmar Rabich/Quality images of trees|Category:Photographs by Dietmar Rabich/Tree photography|Category:Photographs by Dietmar Rabich/Wiki Loves Monuments/2015|Category:Photographs by Dietmar Rabich/Year/2014|Category:Photographs with aspect ratio of 3:2|Category:Protected areas with known WDPA-ID|Category:Quality images|Category:Quality images from Wiki Loves Monuments 2015 in Germany|Category:Quality images of Wildpark (Dülmen)|Category:Quality images of solitary trees|Category:Quality images of trees in Dülmen-Mitte|Category:Self-published work|Category:Solitary trees in Dülmen|Category:Taken with Canon EF-S 15-85mm F3.5-5.6 IS USM|Category:Taken with Canon EOS 70D|Category:Trees and sky in Germany|Category:Trees in Dülmen-Mitte|Category:Trees in North Rhine-Westphalia in October 2014|Category:Trees in autumn 2014 in North Rhine-Westphalia|Category:Trees in autumn in Dülmen|Category:Trees with blue sky background|Category:Unidentified trees in Germany|Category:Uploaded with VicuñaUploader|Category:Wildpark (Dülmen)"
310,00310.jpg,"File:Dülmen, Wildpark -- 2017 -- 6016.jpg","https://commons.wikimedia.org/wiki/File:D%C3%BClmen,_Wildpark_--_2017_--_6016.jpg",https://thumb.wikimedia.org/wikipedia/commons/thumb/5/51/D%C3%BClmen%2C_Wildpark_--_2017_--_6016.jpg/1280px-D%C3%BClmen%2C_Wildpark_--_2017_--_6016.jpg?utm_source=commons.wikimedia.org&utm_campaign=imageinfo&utm_content=thumbnail,5472,3648,Dietmar Rabich,CC BY-SA 4.0,,unknown,Category:Bare trees in Dülmen-Mitte|Category:Buildings with addresses|Category:CC-BY-SA-4.0|Category:Clouds and blue sky in Dülmen-Mitte|Category:Clouds in Germany in January 2017|Category:Dülmen photographs taken on 2017-01-06|Category:Exposure time 1/200 sec|Category:F-number f/9|Category:ISO speed rating 100|Category:Images by XRay (flat list)|Category:Information field template with formatting|Category:Lens focal length 24 mm|Category:Parks with clouds and blue sky background|Category:Photographs by Dietmar Rabich/Dülmen|Category:Photographs by Dietmar Rabich/Quality images|Category:Photographs by Dietmar Rabich/Quality images of North Rhine-Westphalia|Category:Photographs by Dietmar Rabich/Quality images of gardens and parks|Category:Photographs by Dietmar Rabich/Quality images of trees|Category:Photographs by Dietmar Rabich/Tree photography|Category:Photographs by Dietmar Rabich/Year/2017|Category:Photographs with aspect ratio of 3:2|Category:Protected areas with known WDPA-ID|Category:Quality images|Category:Quality images of Wildpark (Dülmen)|Category:Quality images of solitary trees|Category:Quality images of trees in Dülmen-Mitte|Category:Self-published work|Category:Solitary trees in Dülmen|Category:Taken with Canon EF-S 24mm F2.8 STM|Category:Taken with Canon EOS 70D|Category:Trees and sky in Germany|Category:Trees in North Rhine-Westphalia in January 2017|Category:Trees in winter 2016-2017 in North Rhine-Westphalia|Category:Trees in winter in Dülmen|Category:Trees with clouds and blue sky background|Category:Unidentified trees in Germany|Category:Uploaded with VicuñaUploader|Category:Wildpark (Dülmen)|Category:Winter 2016-2017 in Dülmen
311,00311.jpg,"File:Dülmen, Wildpark -- 2018 -- 0369.jpg","https://commons.wikimedia.org/wiki/File:D%C3%BClmen,_Wildpark_--_2018_--_0369.jpg",https://thumb.wikimedia.org/wikipedia/commons/thumb/2/22/D%C3%BClmen%2C_Wildpark_--_2018_--_0369.jpg/1280px-D%C3%BClmen%2C_Wildpark_--_2018_--_0369.jpg?utm_source=commons.wikimedia.org&utm_campaign=imageinfo&utm_content=thumbnail,4480,6720,Dietmar Rabich,CC BY-SA 4.0,,unknown,Category:Blue sky background in North Rhine-Westphalia|Category:Blue sky in Dülmen|Category:Buildings with addresses|Category:CC-BY-SA-4.0|Category:Changes of XRay's photographs of the recent weeks|Category:Diffraction spikes around the Sun|Category:Dülmen photographs taken on 2018-01-07|Category:Exposure time 1/60 sec|Category:F-number f/11|Category:ISO speed rating 100|Category:Images by XRay (flat list)|Category:Information field template with formatting|Category:Landscapes of Dülmen-Mitte|Category:Lens focal length 24 mm|Category:Light and shadow in parks|Category:Parks with blue sky background|Category:Photographs by Dietmar Rabich/Contre-jour photography|Category:Photographs by Dietmar Rabich/Dülmen|Category:Photographs by Dietmar Rabich/Landscape photography|Category:Photographs by Dietmar Rabich/Quality images|Category:Photographs by Dietmar Rabich/Quality images of North Rhine-Westphalia|Category:Photographs by Dietmar Rabich/Quality images of gardens and parks|Category:Photographs by Dietmar Rabich/Quality images of landscapes|Category:Photographs by Dietmar Rabich/Quality images of trees|Category:Photographs by Dietmar Rabich/Tree photography|Category:Photographs by Dietmar Rabich/Year/2018|Category:Photographs with aspect ratio of 2:3|Category:Protected areas with known WDPA-ID|Category:Quality images|Category:Quality images of Wildpark (Dülmen)|Category:Quality images of landscapes in Dülmen|Category:Quality images of solitary trees|Category:Quality images of trees in Dülmen-Mitte|Category:Self-published work|Category:Shadows of trees in Kreis Coesfeld|Category:Solitary trees in Dülmen|Category:Sunlight through trees in Dülmen|Category:Taken with Canon EOS 5D Mark IV and Canon EF 24-105mm F4L IS II USM|Category:Trees and sky in Germany|Category:Trees in Dülmen-Mitte|Category:Trees in North Rhine-Westphalia in January 2018|Category:Trees in winter 2017-2018 in North Rhine-Westphalia|Category:Trees in winter in Dülmen|Category:Trees with blue sky background|Category:Unidentified trees in Germany|Category:Uploaded with VicuñaUploader|Category:Wildpark (Dülmen)|Category:Winter 2017-2018 in Dülmen|Category:Winter landscapes in North Rhine-Westphalia
312,00312.jpg,"File:Dülmen, Wildpark -- 2018 -- 0372.jpg","https://commons.wikimedia.org/wiki/File:D%C3%BClmen,_Wildpark_--_2018_--_0372.jpg",https://thumb.wikimedia.org/wikipedia/commons/thumb/1/17/D%C3%BClmen%2C_Wildpark_--_2018_--_0372.jpg/1280px-D%C3%BClmen%2C_Wildpark_--_2018_--_0372.jpg?utm_source=commons.wikimedia.org&utm_campaign=imageinfo&utm_content=thumbnail,4480,6720,Dietmar Rabich,CC BY-SA 4.0,,unknown,Category:Baaksbach|Category:Blue sky background in North Rhine-Westphalia|Category:Blue sky in Dülmen|Category:Buildings with addresses|Category:CC-BY-SA-4.0|Category:Changes of XRay's photographs of the recent weeks|Category:Diffraction spikes around the Sun|Category:Dülmen photographs taken on 2018-01-07|Category:Exposure time 1/80 sec|Category:F-number f/11|Category:ISO speed rating 100|Category:Images by XRay (flat list)|Category:Information field template with formatting|Category:Landscapes of Dülmen-Mitte|Category:Lens focal length 35 mm|Category:Light and shadow in parks|Category:Parks with blue sky background|Category:Photographs by Dietmar Rabich/Contre-jour photography|Category:Photographs by Dietmar Rabich/Dülmen|Category:Photographs by Dietmar Rabich/Landscape photography|Category:Photographs by Dietmar Rabich/Quality images|Category:Photographs by Dietmar Rabich/Quality images of North Rhine-Westphalia|Category:Photographs by Dietmar Rabich/Quality images of gardens and parks|Category:Photographs by Dietmar Rabich/Quality images of landscapes|Category:Photographs by Dietmar Rabich/Quality images of rivers|Category:Photographs by Dietmar Rabich/Quality images of trees|Category:Photographs by Dietmar Rabich/Tree photography|Category:Photographs by Dietmar Rabich/Year/2018|Category:Photographs with aspect ratio of 2:3|Category:Protected areas with known WDPA-ID|Category:Quality images|Category:Quality images of Wildpark (Dülmen)|Category:Quality images of landscapes in Dülmen|Category:Quality images of solitary trees|Category:Quality images of streams in Dülmen|Category:Quality images of trees in Dülmen-Mitte|Category:Self-published work|Category:Shadows of trees in Kreis Coesfeld|Category:Solitary trees in Dülmen|Category:Streams in Germany in 2018|Category:Sunlight through trees in Dülmen|Category:Taken with Canon EOS 5D Mark IV and Canon EF 24-105mm F4L IS II USM|Category:Trees and sky in Germany|Category:Trees in Dülmen-Mitte|Category:Trees in North Rhine-Westphalia in January 2018|Category:Trees in winter 2017-2018 in North Rhine-Westphalia|Category:Trees in winter in Dülmen|Category:Trees with blue sky background|Category:Unidentified trees in Germany|Category:Uploaded with VicuñaUploader|Category:Wildpark (Dülmen)|Category:Winter 2017-2018 in Dülmen|Category:Winter landscapes in North Rhine-Westphalia
313,00313.jpg,"File:Dülmen, Wildpark -- 2018 -- 0377.jpg","https://commons.wikimedia.org/wiki/File:D%C3%BClmen,_Wildpark_--_2018_--_0377.jpg",https://thumb.wikimedia.org/wikipedia/commons/thumb/b/bd/D%C3%BClmen%2C_Wildpark_--_2018_--_0377.jpg/1280px-D%C3%BClmen%2C_Wildpark_--_2018_--_0377.jpg?utm_source=commons.wikimedia.org&utm_campaign=imageinfo&utm_content=thumbnail,6720,4480,Dietmar Rabich,CC BY-SA 4.0,,unknown,Category:Animals in landscape|Category:Blue sky background in North Rhine-Westphalia|Category:Blue sky in Dülmen|Category:Buildings with addresses|Category:CC-BY-SA-4.0|Category:Changes of XRay's photographs of the recent weeks|Category:Dama dama in Wildpark Dülmen|Category:Dülmen photographs taken on 2018-01-07|Category:Exposure time 1/125 sec|Category:F-number f/8|Category:ISO speed rating 100|Category:Images by XRay (flat list)|Category:Information field template with formatting|Category:Landscapes of Dülmen-Mitte|Category:Lens focal length 35 mm|Category:Parks with blue sky background|Category:Photographs by Dietmar Rabich/Animal photography|Category:Photographs by Dietmar Rabich/Dülmen|Category:Photographs by Dietmar Rabich/Landscape photography|Category:Photographs by Dietmar Rabich/Quality images|Category:Photographs by Dietmar Rabich/Quality images of North Rhine-Westphalia|Category:Photographs by Dietmar Rabich/Quality images of animals|Category:Photographs by Dietmar Rabich/Quality images of gardens and parks|Category:Photographs by Dietmar Rabich/Quality images of landscapes|Category:Photographs by Dietmar Rabich/Quality images of trees|Category:Photographs by Dietmar Rabich/Tree photography|Category:Photographs by Dietmar Rabich/Year/2018|Category:Photographs with aspect ratio of 3:2|Category:Protected areas with known WDPA-ID|Category:Quality images|Category:Quality images of Dama dama|Category:Quality images of Wildpark (Dülmen)|Category:Quality images of landscapes in Dülmen|Category:Quality images of solitary trees|Category:Quality images of trees in Dülmen-Mitte|Category:Self-published work|Category:Solitary trees in Dülmen|Category:Taken with Canon EOS 5D Mark IV and Canon EF 24-105mm F4L IS II USM|Category:Trees and sky in Germany|Category:Trees in Dülmen-Mitte|Category:Trees in North Rhine-Westphalia in January 2018|Category:Trees in winter 2017-2018 in North Rhine-Westphalia|Category:Trees in winter in Dülmen|Category:Trees with blue sky background|Category:Unidentified trees in Germany|Category:Uploaded with VicuñaUploader|Category:Winter 2017-2018 in Dülmen|Category:Winter landscapes in North Rhine-Westphalia
314,00314.jpg,"File:Dülmen, Wildpark -- 2018 -- 0380.jpg","https://commons.wikimedia.org/wiki/File:D%C3%BClmen,_Wildpark_--_2018_--_0380.jpg",https://thumb.wikimedia.org/wikipedia/commons/thumb/1/1d/D%C3%BClmen%2C_Wildpark_--_2018_--_0380.jpg/1280px-D%C3%BClmen%2C_Wildpark_--_2018_--_0380.jpg?utm_source=commons.wikimedia.org&utm_campaign=imageinfo&utm_content=thumbnail,6720,4480,Dietmar Rabich,CC BY-SA 4.0,,unknown,Category:Blue sky background in North Rhine-Westphalia|Category:Blue sky in Dülmen|Category:Buildings with addresses|Category:CC-BY-SA-4.0|Category:Changes of XRay's photographs of the recent weeks|Category:Dama dama in Wildpark Dülmen|Category:Dülmen photographs taken on 2018-01-07|Category:Exposure time 1/160 sec|Category:F-number f/8|Category:ISO speed rating 100|Category:Images by XRay (flat list)|Category:Information field template with formatting|Category:Lakes in Germany in 2018|Category:Landscapes of Dülmen-Mitte|Category:Lens focal length 35 mm|Category:Parks with blue sky background|Category:Photographs by Dietmar Rabich/Animal photography|Category:Photographs by Dietmar Rabich/Dülmen|Category:Photographs by Dietmar Rabich/Landscape photography|Category:Photographs by Dietmar Rabich/Quality images|Category:Photographs by Dietmar Rabich/Quality images of North Rhine-Westphalia|Category:Photographs by Dietmar Rabich/Quality images of animals|Category:Photographs by Dietmar Rabich/Quality images of gardens and parks|Category:Photographs by Dietmar Rabich/Quality images of lakes|Category:Photographs by Dietmar Rabich/Quality images of landscapes|Category:Photographs by Dietmar Rabich/Quality images of natural phenomena|Category:Photographs by Dietmar Rabich/Quality images of trees|Category:Photographs by Dietmar Rabich/Reflections|Category:Photographs by Dietmar Rabich/Tree photography|Category:Photographs by Dietmar Rabich/Year/2018|Category:Photographs with aspect ratio of 3:2|Category:Ponds in Dülmen|Category:Protected areas with known WDPA-ID|Category:Quality images|Category:Quality images of Dama dama|Category:Quality images of Wildpark (Dülmen)|Category:Quality images of landscapes in Dülmen|Category:Quality images of ponds in Dülmen|Category:Quality images of solitary trees|Category:Quality images of trees in Dülmen-Mitte|Category:Quality images of water reflections|Category:Self-published work|Category:Solitary trees in Dülmen|Category:Taken with Canon EOS 5D Mark IV and Canon EF 24-105mm F4L IS II USM|Category:Trees and sky in Germany|Category:Trees in Dülmen-Mitte|Category:Trees in North Rhine-Westphalia in January 2018|Category:Trees in winter 2017-2018 in North Rhine-Westphalia|Category:Trees in winter in Dülmen|Category:Trees with blue sky background|Category:Unidentified trees in Germany|Category:Uploaded with VicuñaUploader|Category:Water reflections in Kreis Coesfeld|Category:Water reflections of trees in North Rhine-Westphalia|Category:Winter 2017-2018 in Dülmen|Category:Winter landscapes in North Rhine-Westphalia
315,00315.jpg,"File:Dülmen, Wildpark -- 2018 -- 2382.jpg","https://commons.wikimedia.org/wiki/File:D%C3%BClmen,_Wildpark_--_2018_--_2382.jpg",https://thumb.wikimedia.org/wikipedia/commons/thumb/3/33/D%C3%BClmen%2C_Wildpark_--_2018_--_2382.jpg/1280px-D%C3%BClmen%2C_Wildpark_--_2018_--_2382.jpg?utm_source=commons.wikimedia.org&utm_campaign=imageinfo&utm_content=thumbnail,6036,4024,Dietmar Rabich,CC BY-SA 4.0,,unknown,Category:Autumn 2018 in Dülmen|Category:Bare trees in Dülmen-Mitte|Category:Beam bridges in Kreis Coesfeld|Category:Bridges in Dülmen-Mitte|Category:Bridges in Germany photographed in 2018|Category:Bridges over ponds in North Rhine-Westphalia|Category:Buildings with addresses|Category:CC-BY-SA-4.0|Category:Changes of XRay's photographs of the recent weeks|Category:Dülmen photographs taken on 2018-12-16|Category:Exposure time 2 sec|Category:F-number f/10|Category:ISO speed rating 50|Category:Images by XRay (flat list)|Category:Information field template with formatting|Category:Lakes in Germany in 2018|Category:Lens focal length 20 mm|Category:Long exposure photographs of Dülmen|Category:Long exposure photographs of water|Category:Long exposure photography in nature|Category:Paths in Kreis Coesfeld|Category:Photographs by Dietmar Rabich/Architectural photography/Bridges|Category:Photographs by Dietmar Rabich/Dülmen|Category:Photographs by Dietmar Rabich/Long exposure|Category:Photographs by Dietmar Rabich/Quality images|Category:Photographs by Dietmar Rabich/Quality images of North Rhine-Westphalia|Category:Photographs by Dietmar Rabich/Quality images of bridges|Category:Photographs by Dietmar Rabich/Quality images of gardens and parks|Category:Photographs by Dietmar Rabich/Quality images of lakes|Category:Photographs by Dietmar Rabich/Quality images of natural phenomena|Category:Photographs by Dietmar Rabich/Quality images of paths|Category:Photographs by Dietmar Rabich/Quality images of trees|Category:Photographs by Dietmar Rabich/Tree photography|Category:Photographs by Dietmar Rabich/Year/2018|Category:Photographs with aspect ratio of 3:2|Category:Ponds in Dülmen|Category:Protected areas with known WDPA-ID|Category:Public footpaths in Kreis Coesfeld|Category:Quality images|Category:Quality images of Wildpark (Dülmen)|Category:Quality images of bridges in Dülmen|Category:Quality images of footpaths in Germany|Category:Quality images of paths in Kreis Coesfeld|Category:Quality images of ponds in Dülmen|Category:Quality images of roads and streets in Dülmen|Category:Quality images of snow in Germany|Category:Quality images of solitary trees|Category:Quality images of trees in Dülmen-Mitte|Category:Quality images with long exposure|Category:Self-published work|Category:Snow in Dülmen|Category:Snow in North Rhine-Westphalia in December 2018|Category:Snow-covered bridges in North Rhine-Westphalia|Category:Solitary trees in Dülmen|Category:Taken with Canon EOS 5D Mark IV|Category:Taken with Sigma 20mm F1.4 DG HSM Art|Category:Trees and water in Germany|Category:Trees in Kreis Coesfeld in snow|Category:Trees in North Rhine-Westphalia in December 2018|Category:Trees in autumn 2018 in North Rhine-Westphalia|Category:Trees in autumn in Dülmen|Category:Uploaded with LrMediaWiki|Category:Walking paths in North Rhine-Westphalia|Category:Wildpark (Dülmen)|Category:Wooden beam bridges in North Rhine-Westphalia
316,00316.jpg,"File:Dülmen, Wildpark -- 2020 -- 3427.jpg","https://commons.wikimedia.org/wiki/File:D%C3%BClmen,_Wildpark_--_2020_--_3427.jpg",https://thumb.wikimedia.org/wikipedia/commons/thumb/c/c5/D%C3%BClmen%2C_Wildpark_--_2020_--_3427.jpg/1280px-D%C3%BClmen%2C_Wildpark_--_2020_--_3427.jpg?utm_source=commons.wikimedia.org&utm_campaign=imageinfo&utm_content=thumbnail,5937,4453,Dietmar Rabich,CC BY-SA 4.0,,unknown,Category:Autumn 2020 in Dülmen|Category:Blue sky background in North Rhine-Westphalia|Category:Blue sky in Dülmen|Category:Buildings with addresses|Category:CC-BY-SA-4.0|Category:Changes of XRay's photographs of the recent weeks|Category:Commons featured desktop backgrounds|Category:Contre-jour photographs of landscapes|Category:Contre-jour photography of plants|Category:Diffraction spikes around the Sun|Category:Dülmen photographs taken on 2020-10-31|Category:Exposure time 1/100 sec|Category:F-number f/11|Category:Featured pictures of Fagales|Category:Featured pictures of Wildpark (Dülmen)|Category:Featured pictures of landscapes in Germany|Category:Featured pictures of trees|Category:Featured pictures on Wikimedia Commons|Category:ISO speed rating 100|Category:Images by XRay (flat list)|Category:Indian summer in North Rhine-Westphalia|Category:Information field template with formatting|Category:Lens focal length 20 mm|Category:Light and shadow in parks|Category:Parks with blue sky background|Category:Photographs by Dietmar Rabich/Contre-jour photography|Category:Photographs by Dietmar Rabich/Dülmen|Category:Photographs by Dietmar Rabich/Featured pictures|Category:Photographs by Dietmar Rabich/Featured pictures of Germany|Category:Photographs by Dietmar Rabich/Featured pictures on Wikimedia Commons|Category:Photographs by Dietmar Rabich/Landscape photography|Category:Photographs by Dietmar Rabich/Quality images|Category:Photographs by Dietmar Rabich/Quality images of North Rhine-Westphalia|Category:Photographs by Dietmar Rabich/Quality images of gardens and parks|Category:Photographs by Dietmar Rabich/Quality images of trees|Category:Photographs by Dietmar Rabich/Tree photography|Category:Photographs by Dietmar Rabich/Year/2020|Category:Photographs with aspect ratio of 4:3|Category:Pictures of the day (2022)|Category:Protected areas with known WDPA-ID|Category:Quality images|Category:Quality images of Wildpark (Dülmen)|Category:Quality images of foliage|Category:Quality images of solitary trees|Category:Quality images of trees in Dülmen-Mitte|Category:Self-published work|Category:Shadows of trees in Kreis Coesfeld|Category:Solitary trees in Dülmen|Category:Sunlight through trees in Dülmen|Category:Taken with Canon EOS 5D Mark IV|Category:Taken with Sigma 20mm F1.4 DG HSM Art|Category:Trees and sky in Germany|Category:Trees in Dülmen-Mitte|Category:Trees in North Rhine-Westphalia in October 2020|Category:Trees in autumn 2020 in North Rhine-Westphalia|Category:Trees in autumn in Dülmen|Category:Trees with blue sky background|Category:Unidentified trees in Germany|Category:Uploaded with LrMediaWiki|Category:Wildpark (Dülmen)
317,00317.jpg,"File:Dülmen, Wildpark -- 2020 -- 3434-8.jpg","https://commons.wikimedia.org/wiki/File:D%C3%BClmen,_Wildpark_--_2020_--_3434-8.jpg",https://thumb.wikimedia.org/wikipedia/commons/thumb/a/ac/D%C3%BClmen%2C_Wildpark_--_2020_--_3434-8.jpg/1280px-D%C3%BClmen%2C_Wildpark_--_2020_--_3434-8.jpg?utm_source=commons.wikimedia.org&utm_campaign=imageinfo&utm_content=thumbnail,5925,4444,Dietmar Rabich,CC BY-SA 4.0,,unknown,Category:Autumn 2020 in Dülmen|Category:Blue sky background in North Rhine-Westphalia|Category:Blue sky in Dülmen|Category:Buildings with addresses|Category:CC-BY-SA-4.0|Category:Changes of XRay's photographs of the recent weeks|Category:Contre-jour photography of plants|Category:Dülmen photographs taken on 2020-10-31|Category:Exposure time 1/2000 sec|Category:F-number f/10|Category:ISO speed rating 200|Category:Images by XRay (flat list)|Category:Indian summer in North Rhine-Westphalia|Category:Information field template with formatting|Category:Lens focal length 20 mm|Category:Light and shadow in parks|Category:Negative space (photography)|Category:Parks with blue sky background|Category:Photographs by Dietmar Rabich/Contre-jour photography|Category:Photographs by Dietmar Rabich/Dülmen|Category:Photographs by Dietmar Rabich/Quality images|Category:Photographs by Dietmar Rabich/Quality images of North Rhine-Westphalia|Category:Photographs by Dietmar Rabich/Quality images of gardens and parks|Category:Photographs by Dietmar Rabich/Quality images of trees|Category:Photographs by Dietmar Rabich/Tone-mapped HDR images|Category:Photographs by Dietmar Rabich/Tree photography|Category:Photographs by Dietmar Rabich/Year/2020|Category:Photographs with aspect ratio of 4:3|Category:Protected areas with known WDPA-ID|Category:Quality images|Category:Quality images of Wildpark (Dülmen)|Category:Quality images of foliage|Category:Quality images of solitary trees|Category:Quality images of trees in Dülmen-Mitte|Category:Self-published work|Category:Shadows of trees in Kreis Coesfeld|Category:Solitary trees in Dülmen|Category:Sunlight through trees in Dülmen|Category:Taken with Canon EOS 5D Mark IV|Category:Taken with Sigma 20mm F1.4 DG HSM Art|Category:Tone-mapped HDR images of Dülmen-Mitte|Category:Tone-mapped HDR images of plants|Category:Trees and sky in Germany|Category:Trees in Dülmen-Mitte|Category:Trees in North Rhine-Westphalia in October 2020|Category:Trees in autumn 2020 in North Rhine-Westphalia|Category:Trees in autumn in Dülmen|Category:Trees with blue sky background|Category:Unidentified trees in Germany|Category:Uploaded with LrMediaWiki|Category:Wildpark (Dülmen)
318,00318.jpg,"File:Dülmen, Wildpark -- 2020 -- 3449.jpg","https://commons.wikimedia.org/wiki/File:D%C3%BClmen,_Wildpark_--_2020_--_3449.jpg",https://thumb.wikimedia.org/wikipedia/commons/thumb/c/c0/D%C3%BClmen%2C_Wildpark_--_2020_--_3449.jpg/1280px-D%C3%BClmen%2C_Wildpark_--_2020_--_3449.jpg?utm_source=commons.wikimedia.org&utm_campaign=imageinfo&utm_content=thumbnail,5452,4362,Dietmar Rabich,CC BY-SA 4.0,,unknown,Category:Autumn 2020 in Dülmen|Category:Blue sky background in North Rhine-Westphalia|Category:Blue sky in Dülmen|Category:Buildings with addresses|Category:CC-BY-SA-4.0|Category:Changes of XRay's photographs of the recent weeks|Category:Contre-jour photography of plants|Category:Dülmen photographs taken on 2020-10-31|Category:Exposure time 1/160 sec|Category:F-number f/10|Category:ISO speed rating 100|Category:Images by XRay (flat list)|Category:Indian summer in North Rhine-Westphalia|Category:Information field template with formatting|Category:Lens focal length 20 mm|Category:Light and shadow in parks|Category:Negative space (photography)|Category:Parks with blue sky background|Category:Photographs by Dietmar Rabich/Contre-jour photography|Category:Photographs by Dietmar Rabich/Dülmen|Category:Photographs by Dietmar Rabich/Quality images|Category:Photographs by Dietmar Rabich/Quality images of North Rhine-Westphalia|Category:Photographs by Dietmar Rabich/Quality images of gardens and parks|Category:Photographs by Dietmar Rabich/Quality images of trees|Category:Photographs by Dietmar Rabich/Tree photography|Category:Photographs by Dietmar Rabich/Year/2020|Category:Photographs with aspect ratio of 5:4|Category:Protected areas with known WDPA-ID|Category:Quality images|Category:Quality images of Wildpark (Dülmen)|Category:Quality images of solitary trees|Category:Quality images of trees in Dülmen-Mitte|Category:Self-published work|Category:Shadows of trees in Kreis Coesfeld|Category:Solitary trees in Dülmen|Category:Sunlight through trees in Dülmen|Category:Taken with Canon EOS 5D Mark IV|Category:Taken with Sigma 20mm F1.4 DG HSM Art|Category:Trees and sky in Germany|Category:Trees in Dülmen-Mitte|Category:Trees in North Rhine-Westphalia in October 2020|Category:Trees in autumn 2020 in North Rhine-Westphalia|Category:Trees in autumn in Dülmen|Category:Trees with blue sky background|Category:Unidentified trees in Germany|Category:Uploaded with LrMediaWiki|Category:Wildpark (Dülmen)
319,00319.jpg,"File:Dülmen, Wildpark -- 2020 -- 7841.jpg","https://commons.wikimedia.org/wiki/File:D%C3%BClmen,_Wildpark_--_2020_--_7841.jpg",https://thumb.wikimedia.org/wikipedia/commons/thumb/4/45/D%C3%BClmen%2C_Wildpark_--_2020_--_7841.jpg/1280px-D%C3%BClmen%2C_Wildpark_--_2020_--_7841.jpg?utm_source=commons.wikimedia.org&utm_campaign=imageinfo&utm_content=thumbnail,6256,4171,Dietmar Rabich,CC BY-SA 4.0,,unknown,Category:Buildings with addresses|Category:CC-BY-SA-4.0|Category:Changes of XRay's photographs of the recent weeks|Category:Dülmen photographs taken on 2020-06-13|Category:Exposure time 1/25 sec|Category:F-number f/9|Category:ISO speed rating 100|Category:Images by XRay (flat list)|Category:Information field template with formatting|Category:Lens focal length 24 mm|Category:Morning in Kreis Coesfeld|Category:Paths in Kreis Coesfeld|Category:Photographs by Dietmar Rabich/Dülmen|Category:Photographs by Dietmar Rabich/Quality images|Category:Photographs by Dietmar Rabich/Quality images of North Rhine-Westphalia|Category:Photographs by Dietmar Rabich/Quality images of gardens and parks|Category:Photographs by Dietmar Rabich/Quality images of paths|Category:Photographs by Dietmar Rabich/Quality images of trees|Category:Photographs by Dietmar Rabich/Tree photography|Category:Photographs by Dietmar Rabich/Year/2020|Category:Photographs with aspect ratio of 3:2|Category:Protected areas with known WDPA-ID|Category:Public footpaths in Kreis Coesfeld|Category:Quality images|Category:Quality images of Wildpark (Dülmen)|Category:Quality images of footpaths in Germany|Category:Quality images of paths in Kreis Coesfeld|Category:Quality images of roads and streets in Dülmen|Category:Quality images of solitary trees|Category:Quality images of trees in Dülmen-Mitte|Category:Self-published work|Category:Solitary trees in Dülmen|Category:Spring 2020 in Dülmen|Category:Taken with Canon EOS 5D Mark IV and Canon EF 24-105mm F4L IS II USM|Category:Trees in Dülmen-Mitte|Category:Trees in North Rhine-Westphalia in June 2020|Category:Trees in spring 2020 in Kreis Coesfeld|Category:Trees in spring in Dülmen|Category:Unidentified trees in Germany|Category:Uploaded with LrMediaWiki|Category:Wildpark (Dülmen)
320,00320.jpg,"File:Dülmen, Wildpark, Baum am Herzteich -- 2022 -- 0338-40.jpg","https://commons.wikimedia.org/wiki/File:D%C3%BClmen,_Wildpark,_Baum_am_Herzteich_--_2022_--_0338-40.jpg",https://thumb.wikimedia.org/wikipedia/commons/thumb/c/c1/D%C3%BClmen%2C_Wildpark%2C_Baum_am_Herzteich_--_2022_--_0338-40.jpg/1280px-D%C3%BClmen%2C_Wildpark%2C_Baum_am_Herzteich_--_2022_--_0338-40.jpg?utm_source=commons.wikimedia.org&utm_campaign=imageinfo&utm_content=thumbnail,5955,4466,Dietmar Rabich,CC BY-SA 4.0,Quercus,broadleaf,Category:Beam bridges in Kreis Coesfeld|Category:Blue sky background in North Rhine-Westphalia|Category:Blue sky in Dülmen|Category:Bridges in Dülmen-Mitte|Category:Bridges in Germany photographed in 2022|Category:Bridges over ponds in North Rhine-Westphalia|Category:Buildings with addresses|Category:CC-BY-SA-4.0|Category:Changes of XRay's photographs of the recent weeks|Category:Contre-jour photographs of landscapes|Category:Contre-jour photography of plants|Category:Diffraction spikes around the Sun|Category:Dülmen photographs taken on 2022-03-05|Category:Exposure time 1/400 sec|Category:F-number f/14|Category:Fagales in North Rhine-Westphalia in March 2022|Category:ISO speed rating 100|Category:Images by XRay (flat list)|Category:Information field template with formatting|Category:Lens focal length 20 mm|Category:Light and shadow in parks|Category:Parks with blue sky background|Category:Paths in Kreis Coesfeld|Category:Photographs by Dietmar Rabich/Architectural photography/Bridges|Category:Photographs by Dietmar Rabich/Contre-jour photography|Category:Photographs by Dietmar Rabich/Dülmen|Category:Photographs by Dietmar Rabich/Landscape photography|Category:Photographs by Dietmar Rabich/Quality images|Category:Photographs by Dietmar Rabich/Quality images of North Rhine-Westphalia|Category:Photographs by Dietmar Rabich/Quality images of bridges|Category:Photographs by Dietmar Rabich/Quality images of gardens and parks|Category:Photographs by Dietmar Rabich/Quality images of lakes|Category:Photographs by Dietmar Rabich/Quality images of paths|Category:Photographs by Dietmar Rabich/Quality images of trees|Category:Photographs by Dietmar Rabich/Tone-mapped HDR images|Category:Photographs by Dietmar Rabich/Tree photography|Category:Photographs by Dietmar Rabich/Year/2022|Category:Photographs with aspect ratio of 4:3|Category:Ponds in Dülmen|Category:Protected areas with known WDPA-ID|Category:Quality images|Category:Quality images of Quercus robur|Category:Quality images of Quercus rubra|Category:Quality images of Wildpark (Dülmen)|Category:Quality images of bridges in Dülmen|Category:Quality images of footpaths in Germany|Category:Quality images of paths in Kreis Coesfeld|Category:Quality images of ponds in Dülmen|Category:Quality images of roads and streets in Dülmen|Category:Quality images of solitary trees|Category:Quality images of trees in Dülmen-Mitte|Category:Quercus in North Rhine-Westphalia in March|Category:Quercus rubra in Kreis Coesfeld|Category:Self-published work|Category:Shadows of trees in Kreis Coesfeld|Category:Solitary Quercus robur|Category:Solitary trees in Dülmen|Category:Sunlight through trees in Dülmen|Category:Taken with Canon EOS 5D Mark IV|Category:Taken with Sigma 20mm F1.4 DG HSM Art|Category:Tone-mapped HDR images of Dülmen-Mitte|Category:Tone-mapped HDR images of landscapes|Category:Trees and sky in Germany|Category:Trees in Dülmen-Mitte|Category:Trees in winter 2021-2022 in North Rhine-Westphalia|Category:Trees in winter in Dülmen|Category:Trees with blue sky background|Category:Uploaded with LrMediaWiki|Category:Walking paths in North Rhine-Westphalia|Category:Wildpark (Dülmen)|Category:Winter 2021-2022 in Dülmen|Category:Wooden beam bridges in North Rhine-Westphalia
321,00321.jpg,"File:Dülmen, Wildpark, Baum am Herzteich -- 2022 -- 0365-7.jpg","https://commons.wikimedia.org/wiki/File:D%C3%BClmen,_Wildpark,_Baum_am_Herzteich_--_2022_--_0365-7.jpg",https://thumb.wikimedia.org/wikipedia/commons/thumb/d/df/D%C3%BClmen%2C_Wildpark%2C_Baum_am_Herzteich_--_2022_--_0365-7.jpg/1280px-D%C3%BClmen%2C_Wildpark%2C_Baum_am_Herzteich_--_2022_--_0365-7.jpg?utm_source=commons.wikimedia.org&utm_campaign=imageinfo&utm_content=thumbnail,4463,5951,Dietmar Rabich,CC BY-SA 4.0,Quercus,broadleaf,Category:Beam bridges in Kreis Coesfeld|Category:Blue sky background in North Rhine-Westphalia|Category:Blue sky in Dülmen|Category:Bridges in Dülmen-Mitte|Category:Bridges in Germany photographed in 2022|Category:Bridges over ponds in North Rhine-Westphalia|Category:Buildings with addresses|Category:CC-BY-SA-4.0|Category:Changes of XRay's photographs of the recent weeks|Category:Contre-jour photography of plants|Category:Diffraction spikes around the Sun|Category:Dülmen photographs taken on 2022-03-05|Category:Exposure time 1/320 sec|Category:F-number f/16|Category:Fagales in North Rhine-Westphalia in March 2022|Category:ISO speed rating 100|Category:Images by XRay (flat list)|Category:Information field template with formatting|Category:Lens focal length 20 mm|Category:Light and shadow in parks|Category:Parks with blue sky background|Category:Paths in Kreis Coesfeld|Category:Photographs by Dietmar Rabich/Architectural photography/Bridges|Category:Photographs by Dietmar Rabich/Contre-jour photography|Category:Photographs by Dietmar Rabich/Dülmen|Category:Photographs by Dietmar Rabich/Landscape photography|Category:Photographs by Dietmar Rabich/Quality images|Category:Photographs by Dietmar Rabich/Quality images of North Rhine-Westphalia|Category:Photographs by Dietmar Rabich/Quality images of bridges|Category:Photographs by Dietmar Rabich/Quality images of gardens and parks|Category:Photographs by Dietmar Rabich/Quality images of lakes|Category:Photographs by Dietmar Rabich/Quality images of paths|Category:Photographs by Dietmar Rabich/Quality images of trees|Category:Photographs by Dietmar Rabich/Tone-mapped HDR images|Category:Photographs by Dietmar Rabich/Tree photography|Category:Photographs by Dietmar Rabich/Year/2022|Category:Photographs with aspect ratio of 3:4|Category:Ponds in Dülmen|Category:Protected areas with known WDPA-ID|Category:Quality images|Category:Quality images of Quercus rubra|Category:Quality images of Wildpark (Dülmen)|Category:Quality images of bridges in Dülmen|Category:Quality images of footpaths in Germany|Category:Quality images of paths in Kreis Coesfeld|Category:Quality images of ponds in Dülmen|Category:Quality images of roads and streets in Dülmen|Category:Quality images of solitary trees|Category:Quality images of trees in Dülmen-Mitte|Category:Quercus in North Rhine-Westphalia in March|Category:Quercus rubra in Kreis Coesfeld|Category:Self-published work|Category:Shadows of trees in Kreis Coesfeld|Category:Solitary Quercus robur|Category:Solitary trees in Dülmen|Category:Sunlight through trees in Dülmen|Category:Taken with Canon EOS 5D Mark IV|Category:Taken with Sigma 20mm F1.4 DG HSM Art|Category:Tone-mapped HDR images of Dülmen-Mitte|Category:Tone-mapped HDR images of landscapes|Category:Trees and sky in Germany|Category:Trees in Dülmen-Mitte|Category:Trees in winter 2021-2022 in North Rhine-Westphalia|Category:Trees in winter in Dülmen|Category:Trees with blue sky background|Category:Uploaded with LrMediaWiki|Category:Walking paths in North Rhine-Westphalia|Category:Wildpark (Dülmen)|Category:Wooden beam bridges in North Rhine-Westphalia
322,00322.jpg,"File:Dülmen, Wildpark, Brücke am Herzteich -- 2026 -- 0098.jpg","https://commons.wikimedia.org/wiki/File:D%C3%BClmen,_Wildpark,_Br%C3%BCcke_am_Herzteich_--_2026_--_0098.jpg",https://thumb.wikimedia.org/wikipedia/commons/thumb/6/6d/D%C3%BClmen%2C_Wildpark%2C_Br%C3%BCcke_am_Herzteich_--_2026_--_0098.jpg/1280px-D%C3%BClmen%2C_Wildpark%2C_Br%C3%BCcke_am_Herzteich_--_2026_--_0098.jpg?utm_source=commons.wikimedia.org&utm_campaign=imageinfo&utm_content=thumbnail,6769,5077,Dietmar Rabich,CC BY-SA 4.0,Quercus,broadleaf,Category:Bare trees in Dülmen-Mitte|Category:Beam bridges in Kreis Coesfeld|Category:Bridges in Dülmen-Mitte|Category:Bridges in Germany photographed in 2026|Category:Bridges in snow|Category:Bridges over ponds in North Rhine-Westphalia|Category:Buildings with addresses|Category:CC-BY-SA-4.0|Category:Dülmen photographs taken on 2026-01-29|Category:Empty bridges in North Rhine-Westphalia|Category:Exposure time 1/170 sec|Category:F-number f/8|Category:ISO speed rating 250|Category:Images by XRay (flat list)|Category:Information field template with formatting|Category:Lens focal length 19 mm|Category:Photographs by Dietmar Rabich/Architectural photography/Bridges|Category:Photographs by Dietmar Rabich/Dülmen|Category:Photographs by Dietmar Rabich/Quality images|Category:Photographs by Dietmar Rabich/Quality images of North Rhine-Westphalia|Category:Photographs by Dietmar Rabich/Quality images of bridges|Category:Photographs by Dietmar Rabich/Quality images of gardens and parks|Category:Photographs by Dietmar Rabich/Quality images of natural phenomena|Category:Photographs by Dietmar Rabich/Quality images of trees|Category:Photographs by Dietmar Rabich/Tree photography|Category:Photographs by Dietmar Rabich/Year/2026|Category:Photographs with aspect ratio of 4:3|Category:Ponds in Dülmen|Category:Protected areas with known WDPA-ID|Category:Quality images|Category:Quality images of Quercus rubra|Category:Quality images of Wildpark (Dülmen)|Category:Quality images of bridges in Dülmen|Category:Quality images of snow in Germany|Category:Quality images of solitary trees|Category:Quality images of trees in Dülmen-Mitte|Category:Quercus in North Rhine-Westphalia in January|Category:Quercus rubra in Kreis Coesfeld|Category:Self-published work|Category:Snow in Dülmen|Category:Snowing in North Rhine-Westphalia in January|Category:Solitary trees in Dülmen|Category:Taken with Fujifilm X-E5|Category:Taken with Fujinon XF16-50mm F2.8-4.8 R LM WR|Category:Trees in Kreis Coesfeld in snow|Category:Trees in North Rhine-Westphalia in January 2026|Category:Trees in winter 2025-2026 in North Rhine-Westphalia|Category:Uploaded with LrMediaWiki|Category:Wildpark (Dülmen)|Category:Winter 2025-2026 in Dülmen|Category:Wooden beam bridges in North Rhine-Westphalia
323,00323.jpg,"File:Dülmen, Wildpark, Herzteich -- 2020 -- 3398.jpg","https://commons.wikimedia.org/wiki/File:D%C3%BClmen,_Wildpark,_Herzteich_--_2020_--_3398.jpg",https://thumb.wikimedia.org/wikipedia/commons/thumb/1/10/D%C3%BClmen%2C_Wildpark%2C_Herzteich_--_2020_--_3398.jpg/1280px-D%C3%BClmen%2C_Wildpark%2C_Herzteich_--_2020_--_3398.jpg?utm_source=commons.wikimedia.org&utm_campaign=imageinfo&utm_content=thumbnail,5899,4424,Dietmar Rabich,CC BY-SA 4.0,Quercus,broadleaf,Category:Autumn 2020 in Dülmen|Category:Beam bridges in Kreis Coesfeld|Category:Blue sky background in North Rhine-Westphalia|Category:Blue sky in Dülmen|Category:Bridges in Dülmen-Mitte|Category:Bridges in Germany photographed in 2020|Category:Bridges over ponds in North Rhine-Westphalia|Category:Buildings with addresses|Category:CC-BY-SA-4.0|Category:Dülmen photographs taken on 2020-10-31|Category:Empty bridges in North Rhine-Westphalia|Category:Exposure time 1/100 sec|Category:F-number f/8|Category:Fagales in North Rhine-Westphalia in October 2020|Category:ISO speed rating 100|Category:Images by XRay (flat list)|Category:Indian summer in North Rhine-Westphalia|Category:Information field template with formatting|Category:Lakes in Germany in 2020|Category:Lens focal length 20 mm|Category:Parks with blue sky background|Category:Photographs by Dietmar Rabich/Architectural photography/Bridges|Category:Photographs by Dietmar Rabich/Dülmen|Category:Photographs by Dietmar Rabich/Quality images|Category:Photographs by Dietmar Rabich/Quality images of North Rhine-Westphalia|Category:Photographs by Dietmar Rabich/Quality images of bridges|Category:Photographs by Dietmar Rabich/Quality images of gardens and parks|Category:Photographs by Dietmar Rabich/Quality images of lakes|Category:Photographs by Dietmar Rabich/Quality images of trees|Category:Photographs by Dietmar Rabich/Tree photography|Category:Photographs by Dietmar Rabich/Year/2020|Category:Photographs with aspect ratio of 4:3|Category:Ponds in Dülmen|Category:Protected areas with known WDPA-ID|Category:Quality images|Category:Quality images of Quercus rubra|Category:Quality images of Wildpark (Dülmen)|Category:Quality images of bridges in Dülmen|Category:Quality images of foliage|Category:Quality images of ponds in Dülmen|Category:Quality images of solitary trees|Category:Quality images of trees in Dülmen-Mitte|Category:Quercus in North Rhine-Westphalia in October|Category:Quercus rubra in Kreis Coesfeld|Category:Quercus rubra in autumn|Category:Self-published work|Category:Solitary trees in Dülmen|Category:Taken with Canon EOS 5D Mark IV|Category:Taken with Sigma 20mm F1.4 DG HSM Art|Category:Trees and sky in Germany|Category:Trees in Dülmen-Mitte|Category:Trees in autumn 2020 in North Rhine-Westphalia|Category:Trees in autumn in Dülmen|Category:Trees with blue sky background|Category:Uploaded with LrMediaWiki|Category:Wildpark (Dülmen)|Category:Wooden beam bridges in North Rhine-Westphalia
324,00324.jpg,"File:Dülmen, Wildpark, Rot-Eiche -- 2026 -- 0091.jpg","https://commons.wikimedia.org/wiki/File:D%C3%BClmen,_Wildpark,_Rot-Eiche_--_2026_--_0091.jpg",https://thumb.wikimedia.org/wikipedia/commons/thumb/e/e9/D%C3%BClmen%2C_Wildpark%2C_Rot-Eiche_--_2026_--_0091.jpg/1280px-D%C3%BClmen%2C_Wildpark%2C_Rot-Eiche_--_2026_--_0091.jpg?utm_source=commons.wikimedia.org&utm_campaign=imageinfo&utm_content=thumbnail,5152,5152,Dietmar Rabich,CC BY-SA 4.0,Quercus,broadleaf,Category:Bare trees in Dülmen-Mitte|Category:Beam bridges in Kreis Coesfeld|Category:Bridges in Dülmen-Mitte|Category:Bridges in Germany photographed in 2026|Category:Bridges in snow|Category:Bridges over ponds in North Rhine-Westphalia|Category:Buildings with addresses|Category:CC-BY-SA-4.0|Category:Dülmen photographs taken on 2026-01-29|Category:Empty bridges in North Rhine-Westphalia|Category:Exposure time 1/110 sec|Category:F-number f/8|Category:ISO speed rating 125|Category:Images by XRay (flat list)|Category:Information field template with formatting|Category:Lens focal length 19 mm|Category:Photographs by Dietmar Rabich/Architectural photography/Bridges|Category:Photographs by Dietmar Rabich/Dülmen|Category:Photographs by Dietmar Rabich/Quality images|Category:Photographs by Dietmar Rabich/Quality images of North Rhine-Westphalia|Category:Photographs by Dietmar Rabich/Quality images of bridges|Category:Photographs by Dietmar Rabich/Quality images of gardens and parks|Category:Photographs by Dietmar Rabich/Quality images of natural phenomena|Category:Photographs by Dietmar Rabich/Quality images of trees|Category:Photographs by Dietmar Rabich/Tree photography|Category:Photographs by Dietmar Rabich/Year/2026|Category:Protected areas with known WDPA-ID|Category:Quality images|Category:Quality images of Quercus rubra|Category:Quality images of Wildpark (Dülmen)|Category:Quality images of bridges in Dülmen|Category:Quality images of snow in Germany|Category:Quality images of solitary trees|Category:Quality images of trees in Dülmen-Mitte|Category:Quercus in North Rhine-Westphalia in January|Category:Quercus rubra in Kreis Coesfeld|Category:Self-published work|Category:Snow in Dülmen|Category:Snowing in North Rhine-Westphalia in January|Category:Solitary trees in Dülmen|Category:Square photos of Dülmen|Category:Square photos of trees|Category:Taken with Fujifilm X-E5|Category:Taken with Fujinon XF16-50mm F2.8-4.8 R LM WR|Category:Trees in Kreis Coesfeld in snow|Category:Trees in North Rhine-Westphalia in January 2026|Category:Trees in winter 2025-2026 in North Rhine-Westphalia|Category:Uploaded with LrMediaWiki|Category:Wildpark (Dülmen)|Category:Winter 2025-2026 in Dülmen|Category:Wooden beam bridges in North Rhine-Westphalia
325,00325.jpg,"File:Dülmen, Wildpark, Solitärbaum -- 2022 -- 0303.jpg","https://commons.wikimedia.org/wiki/File:D%C3%BClmen,_Wildpark,_Solit%C3%A4rbaum_--_2022_--_0303.jpg",https://thumb.wikimedia.org/wikipedia/commons/thumb/b/b5/D%C3%BClmen%2C_Wildpark%2C_Solit%C3%A4rbaum_--_2022_--_0303.jpg/1280px-D%C3%BClmen%2C_Wildpark%2C_Solit%C3%A4rbaum_--_2022_--_0303.jpg?utm_source=commons.wikimedia.org&utm_campaign=imageinfo&utm_content=thumbnail,5883,4412,Dietmar Rabich,CC BY-SA 4.0,,unknown,Category:Blue sky background in North Rhine-Westphalia|Category:Blue sky in Dülmen|Category:Buildings with addresses|Category:CC-BY-SA-4.0|Category:Changes of XRay's photographs of the recent weeks|Category:Dülmen photographs taken on 2022-03-05|Category:Exposure time 1/50 sec|Category:F-number f/9|Category:ISO speed rating 100|Category:Images by XRay (flat list)|Category:Information field template with formatting|Category:Lens focal length 20 mm|Category:Morning in Kreis Coesfeld|Category:Negative space (photography)|Category:Parks with blue sky background|Category:Photographs by Dietmar Rabich/Dülmen|Category:Photographs by Dietmar Rabich/Quality images|Category:Photographs by Dietmar Rabich/Quality images of North Rhine-Westphalia|Category:Photographs by Dietmar Rabich/Quality images of gardens and parks|Category:Photographs by Dietmar Rabich/Quality images of lakes|Category:Photographs by Dietmar Rabich/Quality images of trees|Category:Photographs by Dietmar Rabich/Tree photography|Category:Photographs by Dietmar Rabich/Year/2022|Category:Photographs with aspect ratio of 4:3|Category:Ponds in Dülmen|Category:Protected areas with known WDPA-ID|Category:Quality images|Category:Quality images of Wildpark (Dülmen)|Category:Quality images of ponds in Dülmen|Category:Quality images of solitary trees|Category:Quality images of trees in Dülmen-Mitte|Category:Rule of thirds|Category:Self-published work|Category:Solitary trees in Dülmen|Category:Taken with Canon EOS 5D Mark IV|Category:Taken with Sigma 20mm F1.4 DG HSM Art|Category:Trees and sky in Germany|Category:Trees in Dülmen-Mitte|Category:Trees in North Rhine-Westphalia in March 2022|Category:Trees in winter 2021-2022 in North Rhine-Westphalia|Category:Trees in winter in Dülmen|Category:Trees with blue sky background|Category:Uploaded with LrMediaWiki|Category:Wildpark (Dülmen)|Category:Winter 2021-2022 in Dülmen
326,00326.jpg,"File:Dülmen, Wildpark, Solitärbaum -- 2022 -- 0304.jpg","https://commons.wikimedia.org/wiki/File:D%C3%BClmen,_Wildpark,_Solit%C3%A4rbaum_--_2022_--_0304.jpg",https://thumb.wikimedia.org/wikipedia/commons/thumb/f/f3/D%C3%BClmen%2C_Wildpark%2C_Solit%C3%A4rbaum_--_2022_--_0304.jpg/1280px-D%C3%BClmen%2C_Wildpark%2C_Solit%C3%A4rbaum_--_2022_--_0304.jpg?utm_source=commons.wikimedia.org&utm_campaign=imageinfo&utm_content=thumbnail,5960,4470,Dietmar Rabich,CC BY-SA 4.0,,unknown,Category:Blue sky background in North Rhine-Westphalia|Category:Blue sky in Dülmen|Category:Buildings with addresses|Category:CC-BY-SA-4.0|Category:Changes of XRay's photographs of the recent weeks|Category:Dülmen photographs taken on 2022-03-05|Category:Exposure time 1/25 sec|Category:F-number f/11|Category:ISO speed rating 100|Category:Images by XRay (flat list)|Category:Information field template with formatting|Category:Lens focal length 20 mm|Category:Morning in Kreis Coesfeld|Category:Negative space (photography)|Category:Parks with blue sky background|Category:Photographs by Dietmar Rabich/Dülmen|Category:Photographs by Dietmar Rabich/Quality images|Category:Photographs by Dietmar Rabich/Quality images of North Rhine-Westphalia|Category:Photographs by Dietmar Rabich/Quality images of gardens and parks|Category:Photographs by Dietmar Rabich/Quality images of lakes|Category:Photographs by Dietmar Rabich/Quality images of trees|Category:Photographs by Dietmar Rabich/Tree photography|Category:Photographs by Dietmar Rabich/Year/2022|Category:Photographs with aspect ratio of 4:3|Category:Ponds in Dülmen|Category:Protected areas with known WDPA-ID|Category:Quality images|Category:Quality images of Wildpark (Dülmen)|Category:Quality images of ponds in Dülmen|Category:Quality images of solitary trees|Category:Quality images of trees in Dülmen-Mitte|Category:Rule of thirds|Category:Self-published work|Category:Solitary trees in Dülmen|Category:Taken with Canon EOS 5D Mark IV|Category:Taken with Sigma 20mm F1.4 DG HSM Art|Category:Trees and sky in Germany|Category:Trees in Dülmen-Mitte|Category:Trees in North Rhine-Westphalia in March 2022|Category:Trees in winter 2021-2022 in North Rhine-Westphalia|Category:Trees in winter in Dülmen|Category:Trees with blue sky background|Category:Uploaded with LrMediaWiki|Category:Wildpark (Dülmen)|Category:Winter 2021-2022 in Dülmen
327,00327.jpg,File:Fig Tree Mumbwa Zambia Jul23 A7C 05647.jpg,https://commons.wikimedia.org/wiki/File:Fig_Tree_Mumbwa_Zambia_Jul23_A7C_05647.jpg,https://thumb.wikimedia.org/wikipedia/commons/thumb/b/b8/Fig_Tree_Mumbwa_Zambia_Jul23_A7C_05647.jpg/1280px-Fig_Tree_Mumbwa_Zambia_Jul23_A7C_05647.jpg?utm_source=commons.wikimedia.org&utm_campaign=imageinfo&utm_content=thumbnail,4000,6000,"This Photo was taken by Timothy A. Gonsalves.  Feel free to use my photos, but please mention me as the author.  I would",CC BY-SA 4.0,Ficus,broadleaf,Category:CC-BY-SA-4.0|Category:Ficus in Zambia|Category:Images by User:Tagooty|Category:Images by User:Tagooty/Zambia|Category:Mumbwa District|Category:Quality images|Category:Quality images by Tagooty|Category:Quality images missing SDC creator|Category:Quality images missing SDC depicts|Category:Quality images of Kafue National Park|Category:Quality images of Zambia by Tagooty|Category:Quality images of solitary trees|Category:Self-published work|Category:Taken with Sony ILCE-7C|Category:Unidentified Ficus
328,00328.jpg,File:Forst an der Weinstraße Weisling 003 2021 04 02.jpg,https://commons.wikimedia.org/wiki/File:Forst_an_der_Weinstra%C3%9Fe_Weisling_003_2021_04_02.jpg,https://thumb.wikimedia.org/wikipedia/commons/thumb/7/7b/Forst_an_der_Weinstra%C3%9Fe_Weisling_003_2021_04_02.jpg/1280px-Forst_an_der_Weinstra%C3%9Fe_Weisling_003_2021_04_02.jpg?utm_source=commons.wikimedia.org&utm_campaign=imageinfo&utm_content=thumbnail,2413,2485,Friedrich Haag,CC BY-SA 4.0,,unknown,"Category:CC-BY-SA-4.0|Category:Forster Ungeheuer|Category:Images by F. Riedelio|Category:Images from Wiki Loves Earth 2021|Category:Images from Wiki Loves Earth 2021 in Germany|Category:Images from Wiki Loves Earth 2021, DE landscape|Category:Images from Wiki Loves Earth 2021, DE-RP|Category:Information field template with formatting|Category:Naturpark Pfälzerwald|Category:Protected areas with known WDPA-ID|Category:Quality images|Category:Quality images by F. Riedelio|Category:Quality images from Wiki Loves Earth 2021 in Germany|Category:Quality images of Germany by F. Riedelio|Category:Quality images of blossoms in Germany|Category:Quality images of solitary trees|Category:Quality images of vineyards in Germany|Category:Rhineland-Palatinate photographs taken on 2021-04-02|Category:Self-published work|Category:Solitary trees in Rhineland-Palatinate|Category:Trees in Landkreis Bad Dürkheim|Category:Trees in Rhineland-Palatinate in April|Category:Trees in flower in Germany|Category:Uploaded with LrMediaWiki|Category:Vineyards of Palatinate in April|Category:Vogelschutzgebiet Haardtrand"
329,00329.jpg,File:Galder Kerzelseweg Pinus sylvestris 2025-06-30.jpg,https://commons.wikimedia.org/wiki/File:Galder_Kerzelseweg_Pinus_sylvestris_2025-06-30.jpg,https://thumb.wikimedia.org/wikipedia/commons/thumb/e/ec/Galder_Kerzelseweg_Pinus_sylvestris_2025-06-30.jpg/1280px-Galder_Kerzelseweg_Pinus_sylvestris_2025-06-30.jpg?utm_source=commons.wikimedia.org&utm_campaign=imageinfo&utm_content=thumbnail,3600,4800,Renée Kools,CC BY 4.0,Pinus,conifer,"Category:2025 photographs by User:ReneeWrites|Category:CC-BY-4.0|Category:Files with coordinates missing SDC location of creation (51° N, 4° E)|Category:Flora of North Brabant|Category:Images by User:ReneeWrites|Category:Nature of Galder, Netherlands|Category:Netherlands photographs taken on 2025-06-30|Category:Photographs by User:ReneeWrites|Category:Photographs by User:ReneeWrites of plants|Category:Photographs by User:ReneeWrites taken with Canon EOS R50|Category:Photographs of the Netherlands by User:ReneeWrites|Category:Pinus sylvestris in the Netherlands|Category:Quality images|Category:Quality images by User:ReneeWrites|Category:Quality images by User:ReneeWrites taken with Canon EOS R50|Category:Quality images missing SDC Commons quality assessment|Category:Quality images missing SDC creator|Category:Quality images missing SDC depicts|Category:Quality images missing SDC source of file|Category:Quality images of 2025 by User:ReneeWrites|Category:Quality images of Pinus sylvestris|Category:Quality images of plants by User:ReneeWrites|Category:Quality images of solitary trees|Category:Quality images of the Netherlands by User:ReneeWrites|Category:Quality images of trees in the Netherlands|Category:Self-published work|Category:Uploads by User:ReneeWrites"
330,00330.jpg,"File:Haltern am See, Flaesheim, Naturdenkmal Sommerlinde am Stiftsplatz -- 2015 -- 6660.jpg","https://commons.wikimedia.org/wiki/File:Haltern_am_See,_Flaesheim,_Naturdenkmal_Sommerlinde_am_Stiftsplatz_--_2015_--_6660.jpg",https://thumb.wikimedia.org/wikipedia/commons/thumb/3/3e/Haltern_am_See%2C_Flaesheim%2C_Naturdenkmal_Sommerlinde_am_Stiftsplatz_--_2015_--_6660.jpg/1280px-Haltern_am_See%2C_Flaesheim%2C_Naturdenkmal_Sommerlinde_am_Stiftsplatz_--_2015_--_6660.jpg?utm_source=commons.wikimedia.org&utm_campaign=imageinfo&utm_content=thumbnail,3333,4677,Dietmar Rabich,CC BY-SA 4.0,Tilia,broadleaf,Category:CC-BY-SA-4.0|Category:Exposure time 1/40 sec|Category:F-number f/11|Category:Haltern am See photographs taken on 2015-06-13|Category:ISO speed rating 1250|Category:Images by XRay (flat list)|Category:Information field template with formatting|Category:Lens focal length 19 mm|Category:Photographs by Dietmar Rabich/Haltern am See|Category:Photographs by Dietmar Rabich/Quality images|Category:Photographs by Dietmar Rabich/Quality images of North Rhine-Westphalia|Category:Photographs by Dietmar Rabich/Quality images of trees|Category:Photographs by Dietmar Rabich/Tree photography|Category:Photographs by Dietmar Rabich/Year/2015|Category:Photographs with aspect ratio of 5:7|Category:Quality images|Category:Quality images of Tilia|Category:Quality images of solitary trees|Category:Quality images of trees in Haltern am See|Category:Self-published work|Category:Sommerlinde am Stiftsplatz (Flaesheim)|Category:Spring 2015 in Haltern am See|Category:Taken with Canon EF-S 15-85mm F3.5-5.6 IS USM|Category:Taken with Canon EOS 70D|Category:Tilia in North Rhine-Westphalia in June 2015|Category:Tilia platyphyllos in the Northern Hemisphere in June 2015|Category:Trees as natural monuments|Category:Trees in spring 2015 in North Rhine-Westphalia|Category:Trees in spring in Haltern am See|Category:Uploaded with VicuñaUploader
331,00331.jpg,"File:Haltern am See, Sythen, Umland -- 2018 -- 0125.jpg","https://commons.wikimedia.org/wiki/File:Haltern_am_See,_Sythen,_Umland_--_2018_--_0125.jpg",https://thumb.wikimedia.org/wikipedia/commons/thumb/6/65/Haltern_am_See%2C_Sythen%2C_Umland_--_2018_--_0125.jpg/1280px-Haltern_am_See%2C_Sythen%2C_Umland_--_2018_--_0125.jpg?utm_source=commons.wikimedia.org&utm_campaign=imageinfo&utm_content=thumbnail,6000,4000,Dietmar Rabich,CC BY-SA 4.0,Betula,broadleaf,Category:Betula in July|Category:Betula in Kreis Recklinghausen|Category:CC-BY-SA-4.0|Category:Clouds and blue sky in Haltern am See|Category:Clouds in Germany in July 2018|Category:Clouds in North Rhine-Westphalia in 2018|Category:Exposure time 1/500 sec|Category:F-number f/8|Category:Fields in Kreis Recklinghausen|Category:Fields in North Rhine-Westphalia in July|Category:Haltern am See photographs taken on 2018-07-08|Category:ISO speed rating 100|Category:Images by XRay (flat list)|Category:Information field template with formatting|Category:Landscapes of Haltern am See|Category:Lens focal length 26 mm|Category:Photographs by Dietmar Rabich/Haltern am See|Category:Photographs by Dietmar Rabich/Landscape photography|Category:Photographs by Dietmar Rabich/Quality images|Category:Photographs by Dietmar Rabich/Quality images of North Rhine-Westphalia|Category:Photographs by Dietmar Rabich/Quality images of agriculture|Category:Photographs by Dietmar Rabich/Quality images of landscapes|Category:Photographs by Dietmar Rabich/Quality images of trees|Category:Photographs by Dietmar Rabich/Tree photography|Category:Photographs by Dietmar Rabich/Year/2018|Category:Photographs with aspect ratio of 3:2|Category:Quality images|Category:Quality images of Betula|Category:Quality images of clouds in Germany|Category:Quality images of fields in North Rhine-Westphalia|Category:Quality images of landscapes in Kreis Recklinghausen|Category:Quality images of solitary trees|Category:Quality images of trees in Haltern am See|Category:Self-published work|Category:Solitary trees in Haltern am See|Category:Summer 2018 in Haltern am See|Category:Summer 2018 in North Rhine-Westphalia|Category:Summer landscapes in North Rhine-Westphalia|Category:Sythen|Category:Taken with AF-S DX NIKKOR 18-105 mm f/3.5-5.6G ED VR|Category:Taken with Nikon D5600|Category:Trees and sky in Germany|Category:Trees in North Rhine-Westphalia in July 2018|Category:Trees in summer 2018 in North Rhine-Westphalia|Category:Trees in summer in Haltern am See|Category:Trees with clouds and blue sky background|Category:Unidentified Betula|Category:Uploaded with LrMediaWiki|Category:White clouds in North Rhine-Westphalia|Category:White clouds with blue sky background in Germany
332,00332.jpg,"File:Haltern am See, Sythen, Umland -- 2018 -- 0127.jpg","https://commons.wikimedia.org/wiki/File:Haltern_am_See,_Sythen,_Umland_--_2018_--_0127.jpg",https://thumb.wikimedia.org/wikipedia/commons/thumb/3/3d/Haltern_am_See%2C_Sythen%2C_Umland_--_2018_--_0127.jpg/1280px-Haltern_am_See%2C_Sythen%2C_Umland_--_2018_--_0127.jpg?utm_source=commons.wikimedia.org&utm_campaign=imageinfo&utm_content=thumbnail,6000,4000,Dietmar Rabich,CC BY-SA 4.0,Betula,broadleaf,Category:Betula in July|Category:Betula in Kreis Recklinghausen|Category:CC-BY-SA-4.0|Category:Clouds and blue sky in Haltern am See|Category:Clouds in Germany in July 2018|Category:Exposure time 1/640 sec|Category:F-number f/8|Category:Fields in Kreis Recklinghausen|Category:Fields in North Rhine-Westphalia in July|Category:Haltern am See photographs taken on 2018-07-08|Category:ISO speed rating 100|Category:Images by XRay (flat list)|Category:Information field template with formatting|Category:Landscapes of Haltern am See|Category:Lens focal length 26 mm|Category:Photographs by Dietmar Rabich/Haltern am See|Category:Photographs by Dietmar Rabich/Landscape photography|Category:Photographs by Dietmar Rabich/Quality images|Category:Photographs by Dietmar Rabich/Quality images of North Rhine-Westphalia|Category:Photographs by Dietmar Rabich/Quality images of agriculture|Category:Photographs by Dietmar Rabich/Quality images of landscapes|Category:Photographs by Dietmar Rabich/Quality images of trees|Category:Photographs by Dietmar Rabich/Tree photography|Category:Photographs by Dietmar Rabich/Year/2018|Category:Photographs with aspect ratio of 3:2|Category:Quality images|Category:Quality images of Betula|Category:Quality images of fields in North Rhine-Westphalia|Category:Quality images of landscapes in Kreis Recklinghausen|Category:Quality images of solitary trees|Category:Quality images of trees in Haltern am See|Category:Self-published work|Category:Solitary trees in Haltern am See|Category:Summer 2018 in Haltern am See|Category:Summer 2018 in North Rhine-Westphalia|Category:Summer landscapes in North Rhine-Westphalia|Category:Sythen|Category:Taken with AF-S DX NIKKOR 18-105 mm f/3.5-5.6G ED VR|Category:Taken with Nikon D5600|Category:Trees and sky in Germany|Category:Trees in North Rhine-Westphalia in July 2018|Category:Trees in summer 2018 in North Rhine-Westphalia|Category:Trees in summer in Haltern am See|Category:Trees with clouds and blue sky background|Category:Unidentified Betula|Category:Uploaded with LrMediaWiki|Category:White clouds in North Rhine-Westphalia|Category:White clouds with blue sky background in Germany
333,00333.jpg,"File:Haltern am See, Sythen, Umland -- 2018 -- 0128.jpg","https://commons.wikimedia.org/wiki/File:Haltern_am_See,_Sythen,_Umland_--_2018_--_0128.jpg",https://thumb.wikimedia.org/wikipedia/commons/thumb/a/a4/Haltern_am_See%2C_Sythen%2C_Umland_--_2018_--_0128.jpg/1280px-Haltern_am_See%2C_Sythen%2C_Umland_--_2018_--_0128.jpg?utm_source=commons.wikimedia.org&utm_campaign=imageinfo&utm_content=thumbnail,6000,4000,Dietmar Rabich,CC BY-SA 4.0,Betula,broadleaf,Category:Betula in July|Category:Betula in Kreis Recklinghausen|Category:CC-BY-SA-4.0|Category:Clouds and blue sky in Haltern am See|Category:Clouds in Germany in July 2018|Category:Clouds in North Rhine-Westphalia in 2018|Category:Exposure time 1/640 sec|Category:F-number f/8|Category:Fields in Kreis Recklinghausen|Category:Fields in North Rhine-Westphalia in July|Category:Haltern am See photographs taken on 2018-07-08|Category:ISO speed rating 100|Category:Images by XRay (flat list)|Category:Information field template with formatting|Category:Landscapes of Haltern am See|Category:Lens focal length 26 mm|Category:Photographs by Dietmar Rabich/Haltern am See|Category:Photographs by Dietmar Rabich/Landscape photography|Category:Photographs by Dietmar Rabich/Quality images|Category:Photographs by Dietmar Rabich/Quality images of North Rhine-Westphalia|Category:Photographs by Dietmar Rabich/Quality images of agriculture|Category:Photographs by Dietmar Rabich/Quality images of landscapes|Category:Photographs by Dietmar Rabich/Quality images of trees|Category:Photographs by Dietmar Rabich/Tree photography|Category:Photographs by Dietmar Rabich/Year/2018|Category:Photographs with aspect ratio of 3:2|Category:Quality images|Category:Quality images of Betula|Category:Quality images of clouds in Germany|Category:Quality images of fields in North Rhine-Westphalia|Category:Quality images of landscapes in Kreis Recklinghausen|Category:Quality images of solitary trees|Category:Quality images of trees in Haltern am See|Category:Self-published work|Category:Solitary trees in Haltern am See|Category:Summer 2018 in Haltern am See|Category:Summer 2018 in North Rhine-Westphalia|Category:Summer landscapes in North Rhine-Westphalia|Category:Sythen|Category:Taken with AF-S DX NIKKOR 18-105 mm f/3.5-5.6G ED VR|Category:Taken with Nikon D5600|Category:Trees and sky in Germany|Category:Trees in North Rhine-Westphalia in July 2018|Category:Trees in summer 2018 in North Rhine-Westphalia|Category:Trees in summer in Haltern am See|Category:Trees with clouds and blue sky background|Category:Uploaded with LrMediaWiki|Category:White clouds in North Rhine-Westphalia|Category:White clouds with blue sky background in Germany
334,00334.jpg,"File:Haltern am See, Westruper Heide -- 2015 -- 7942-6.jpg","https://commons.wikimedia.org/wiki/File:Haltern_am_See,_Westruper_Heide_--_2015_--_7942-6.jpg",https://thumb.wikimedia.org/wikipedia/commons/thumb/3/37/Haltern_am_See%2C_Westruper_Heide_--_2015_--_7942-6.jpg/1280px-Haltern_am_See%2C_Westruper_Heide_--_2015_--_7942-6.jpg?utm_source=commons.wikimedia.org&utm_campaign=imageinfo&utm_content=thumbnail,5434,3609,Dietmar Rabich,CC BY-SA 4.0,,unknown,"Category:CC-BY-SA-4.0|Category:Clouds and blue sky in Haltern am See|Category:Clouds in Germany in August 2015|Category:Exposure time 1/800 sec|Category:F-number f/4|Category:Haltern am See photographs taken on 2015-08-07|Category:ISO speed rating 100|Category:Images by XRay (flat list)|Category:Images from Wiki Loves Earth 2016|Category:Images from Wiki Loves Earth 2016 in Germany|Category:Images from Wiki Loves Earth 2016, DE-NW|Category:Information field template with formatting|Category:Landscapes of Haltern am See|Category:Lens focal length 24 mm|Category:Naturschutzgebiet Westruper Heide (Haltern am See)|Category:Photographs by Dietmar Rabich/Contre-jour photography|Category:Photographs by Dietmar Rabich/Haltern am See|Category:Photographs by Dietmar Rabich/Landscape photography|Category:Photographs by Dietmar Rabich/Quality images|Category:Photographs by Dietmar Rabich/Quality images from Wiki Loves Earth|Category:Photographs by Dietmar Rabich/Quality images of North Rhine-Westphalia|Category:Photographs by Dietmar Rabich/Quality images of landscapes|Category:Photographs by Dietmar Rabich/Quality images of nature reserves|Category:Photographs by Dietmar Rabich/Quality images of trees|Category:Photographs by Dietmar Rabich/Tone-mapped HDR images|Category:Photographs by Dietmar Rabich/Tree photography|Category:Photographs by Dietmar Rabich/Wiki Loves Earth/2016|Category:Photographs by Dietmar Rabich/Year/2015|Category:Photographs with aspect ratio of 3:2|Category:Protected areas with known WDPA-ID|Category:Quality images|Category:Quality images from Wiki Loves Earth 2016 in Germany|Category:Quality images of Westruper Heide|Category:Quality images of landscapes in Kreis Recklinghausen|Category:Quality images of solitary trees|Category:Quality images of trees in Haltern am See|Category:Self-published work|Category:Solitary trees in Haltern am See|Category:Summer 2015 in Haltern am See|Category:Summer 2015 in North Rhine-Westphalia|Category:Summer landscapes in North Rhine-Westphalia|Category:Sunlight through trees in Haltern am See|Category:Taken with Canon EF-S 15-85mm F3.5-5.6 IS USM|Category:Taken with Canon EOS 70D|Category:Tone-mapped HDR images of Haltern am See|Category:Tone-mapped HDR images of landscapes|Category:Trees and sky in Germany|Category:Trees in North Rhine-Westphalia in August 2015|Category:Trees in summer 2015 in North Rhine-Westphalia|Category:Trees in summer in Haltern am See|Category:Trees with clouds and blue sky background|Category:Unidentified trees in Germany|Category:Uploaded with VicuñaUploader"
335,00335.jpg,"File:Haltern am See, Westruper Heide -- 2015 -- 7957.jpg","https://commons.wikimedia.org/wiki/File:Haltern_am_See,_Westruper_Heide_--_2015_--_7957.jpg",https://thumb.wikimedia.org/wikipedia/commons/thumb/3/3f/Haltern_am_See%2C_Westruper_Heide_--_2015_--_7957.jpg/1280px-Haltern_am_See%2C_Westruper_Heide_--_2015_--_7957.jpg?utm_source=commons.wikimedia.org&utm_campaign=imageinfo&utm_content=thumbnail,3140,4710,Dietmar Rabich,CC BY-SA 4.0,Betula,broadleaf,"Category:Betula in August|Category:Betula in Kreis Recklinghausen|Category:CC-BY-SA-4.0|Category:Changes of XRay's photographs of the recent weeks|Category:Clouds and blue sky in Haltern am See|Category:Clouds in Germany in August 2015|Category:Exposure time 1/60 sec|Category:F-number f/11|Category:Haltern am See photographs taken on 2015-08-07|Category:Hot air balloons in Kreis Recklinghausen|Category:ISO speed rating 125|Category:Images by XRay (flat list)|Category:Images from Wiki Loves Earth 2016|Category:Images from Wiki Loves Earth 2016 in Germany|Category:Images from Wiki Loves Earth 2016, DE-NW|Category:Information field template with formatting|Category:Landscapes of Haltern am See|Category:Lens focal length 35 mm|Category:Naturschutzgebiet Westruper Heide (Haltern am See)|Category:Photographs by Dietmar Rabich/Haltern am See|Category:Photographs by Dietmar Rabich/Landscape photography|Category:Photographs by Dietmar Rabich/Quality images|Category:Photographs by Dietmar Rabich/Quality images from Wiki Loves Earth|Category:Photographs by Dietmar Rabich/Quality images of North Rhine-Westphalia|Category:Photographs by Dietmar Rabich/Quality images of landscapes|Category:Photographs by Dietmar Rabich/Quality images of nature reserves|Category:Photographs by Dietmar Rabich/Quality images of paths|Category:Photographs by Dietmar Rabich/Quality images of trees|Category:Photographs by Dietmar Rabich/Tree photography|Category:Photographs by Dietmar Rabich/Wiki Loves Earth/2016|Category:Photographs by Dietmar Rabich/Year/2015|Category:Photographs with aspect ratio of 2:3|Category:Protected areas with known WDPA-ID|Category:Quality images|Category:Quality images from Wiki Loves Earth 2016 in Germany|Category:Quality images of Betula|Category:Quality images of Westruper Heide|Category:Quality images of footpaths in Germany|Category:Quality images of landscapes in Kreis Recklinghausen|Category:Quality images of solitary trees|Category:Quality images of trees in Haltern am See|Category:Self-published work|Category:Shadows of plants in North Rhine-Westphalia|Category:Solitary trees in Haltern am See|Category:Summer 2015 in Haltern am See|Category:Summer 2015 in North Rhine-Westphalia|Category:Summer landscapes in North Rhine-Westphalia|Category:Taken with Canon EF-S 15-85mm F3.5-5.6 IS USM|Category:Taken with Canon EOS 70D|Category:Trees in North Rhine-Westphalia in August 2015|Category:Trees in summer 2015 in North Rhine-Westphalia|Category:Trees in summer in Haltern am See|Category:Trees with clouds and blue sky background|Category:Uploaded with VicuñaUploader|Category:Walking paths in North Rhine-Westphalia"
336,00336.jpg,"File:Haltern am See, Westruper Heide -- 2015 -- 8318.jpg","https://commons.wikimedia.org/wiki/File:Haltern_am_See,_Westruper_Heide_--_2015_--_8318.jpg",https://thumb.wikimedia.org/wikipedia/commons/thumb/4/4e/Haltern_am_See%2C_Westruper_Heide_--_2015_--_8318.jpg/1280px-Haltern_am_See%2C_Westruper_Heide_--_2015_--_8318.jpg?utm_source=commons.wikimedia.org&utm_campaign=imageinfo&utm_content=thumbnail,5472,3648,Dietmar Rabich,CC BY-SA 4.0,Betula,broadleaf,Category:Betula in August|Category:Betula in Kreis Recklinghausen|Category:CC-BY-SA-4.0|Category:Clouds and blue sky in Haltern am See|Category:Clouds at sunrise in Germany|Category:Clouds in Germany in August 2015|Category:Contre-jour photographs of landscapes|Category:Contre-jour photography of North Rhine-Westphalia|Category:Exposure time 1/25 sec|Category:F-number f/7.1|Category:Haltern am See photographs taken on 2015-08-23|Category:ISO speed rating 100|Category:Images by XRay (flat list)|Category:Information field template with formatting|Category:Landscapes of Haltern am See|Category:Lens focal length 15 mm|Category:Naturschutzgebiet Westruper Heide (Haltern am See)|Category:Photographs by Dietmar Rabich/Available light photography/Sunrises|Category:Photographs by Dietmar Rabich/Contre-jour photography|Category:Photographs by Dietmar Rabich/Haltern am See|Category:Photographs by Dietmar Rabich/Landscape photography|Category:Photographs by Dietmar Rabich/Quality images|Category:Photographs by Dietmar Rabich/Quality images of North Rhine-Westphalia|Category:Photographs by Dietmar Rabich/Quality images of landscapes|Category:Photographs by Dietmar Rabich/Quality images of nature reserves|Category:Photographs by Dietmar Rabich/Quality images of sunsets and sunrises|Category:Photographs by Dietmar Rabich/Quality images of trees|Category:Photographs by Dietmar Rabich/Tree photography|Category:Photographs by Dietmar Rabich/Year/2015|Category:Photographs with aspect ratio of 3:2|Category:Protected areas with known WDPA-ID|Category:Quality images|Category:Quality images of Betula|Category:Quality images of Ericales|Category:Quality images of Westruper Heide|Category:Quality images of landscapes in Kreis Recklinghausen|Category:Quality images of solitary trees|Category:Quality images of sunrises of North Rhine-Westphalia|Category:Quality images of trees in Haltern am See|Category:Self-published work|Category:Solitary trees in Haltern am See|Category:Summer 2015 in Haltern am See|Category:Summer 2015 in North Rhine-Westphalia|Category:Summer landscapes in North Rhine-Westphalia|Category:Sunrises in 2015|Category:Sunrises of Haltern am See|Category:Taken with Canon EF-S 15-85mm F3.5-5.6 IS USM|Category:Taken with Canon EOS 70D|Category:Trees and sky in Germany|Category:Trees at sunrise in North Rhine-Westphalia|Category:Trees in North Rhine-Westphalia in August 2015|Category:Trees in summer 2015 in North Rhine-Westphalia|Category:Trees in summer in Haltern am See|Category:Trees with clouds and blue sky background|Category:Uploaded with VicuñaUploader
337,00337.jpg,"File:Haltern am See, Westruper Heide -- 2015 -- 8326-30.jpg","https://commons.wikimedia.org/wiki/File:Haltern_am_See,_Westruper_Heide_--_2015_--_8326-30.jpg",https://thumb.wikimedia.org/wikipedia/commons/thumb/0/0c/Haltern_am_See%2C_Westruper_Heide_--_2015_--_8326-30.jpg/1280px-Haltern_am_See%2C_Westruper_Heide_--_2015_--_8326-30.jpg?utm_source=commons.wikimedia.org&utm_campaign=imageinfo&utm_content=thumbnail,5494,3669,Dietmar Rabich,CC BY-SA 4.0,,unknown,"Category:CC-BY-SA-4.0|Category:Exposure time 1/50 sec|Category:F-number f/7.1|Category:Golden hour in Kreis Recklinghausen|Category:Golden hour landscapes in Germany|Category:Golden landscapes|Category:Haltern am See photographs taken on 2015-08-23|Category:ISO speed rating 100|Category:Images by XRay (flat list)|Category:Images from Wiki Loves Earth 2016|Category:Images from Wiki Loves Earth 2016 in Germany|Category:Images from Wiki Loves Earth 2016, DE-NW|Category:Information field template with formatting|Category:Landscapes of Haltern am See|Category:Lens focal length 70 mm|Category:Naturschutzgebiet Westruper Heide (Haltern am See)|Category:Photographs by Dietmar Rabich/Available light photography/Golden hour|Category:Photographs by Dietmar Rabich/Available light photography/Sunrises|Category:Photographs by Dietmar Rabich/Contre-jour photography|Category:Photographs by Dietmar Rabich/Haltern am See|Category:Photographs by Dietmar Rabich/Landscape photography|Category:Photographs by Dietmar Rabich/Medium exposure|Category:Photographs by Dietmar Rabich/Quality images|Category:Photographs by Dietmar Rabich/Quality images from Wiki Loves Earth|Category:Photographs by Dietmar Rabich/Quality images of North Rhine-Westphalia|Category:Photographs by Dietmar Rabich/Quality images of landscapes|Category:Photographs by Dietmar Rabich/Quality images of nature reserves|Category:Photographs by Dietmar Rabich/Quality images of sunsets and sunrises|Category:Photographs by Dietmar Rabich/Quality images of trees|Category:Photographs by Dietmar Rabich/Tone-mapped HDR images|Category:Photographs by Dietmar Rabich/Tree photography|Category:Photographs by Dietmar Rabich/Wiki Loves Earth/2016|Category:Photographs by Dietmar Rabich/Year/2015|Category:Photographs with aspect ratio of 3:2|Category:Protected areas with known WDPA-ID|Category:Quality images|Category:Quality images from Wiki Loves Earth 2016 in Germany|Category:Quality images of Westruper Heide|Category:Quality images of landscapes in Kreis Recklinghausen|Category:Quality images of solitary trees|Category:Quality images of sunrises of North Rhine-Westphalia|Category:Quality images of trees in Haltern am See|Category:Self-published work|Category:Solitary trees in Haltern am See|Category:Summer 2015 in Haltern am See|Category:Summer 2015 in North Rhine-Westphalia|Category:Summer landscapes in North Rhine-Westphalia|Category:Sunlight through trees in Haltern am See|Category:Sunrises in 2015|Category:Sunrises of Haltern am See|Category:Taken with Canon EF-S 15-85mm F3.5-5.6 IS USM|Category:Taken with Canon EOS 70D|Category:Tone-mapped HDR images of Haltern am See|Category:Tone-mapped HDR images of landscapes|Category:Tone-mapped HDR images of sunrises|Category:Trees at sunrise in North Rhine-Westphalia|Category:Trees in North Rhine-Westphalia in August 2015|Category:Trees in summer 2015 in North Rhine-Westphalia|Category:Trees in summer in Haltern am See|Category:Unidentified trees in Germany|Category:Uploaded with VicuñaUploader"
338,00338.jpg,"File:Haltern am See, Westruper Heide -- 2015 -- 8346-50.jpg","https://commons.wikimedia.org/wiki/File:Haltern_am_See,_Westruper_Heide_--_2015_--_8346-50.jpg",https://thumb.wikimedia.org/wikipedia/commons/thumb/9/95/Haltern_am_See%2C_Westruper_Heide_--_2015_--_8346-50.jpg/1280px-Haltern_am_See%2C_Westruper_Heide_--_2015_--_8346-50.jpg?utm_source=commons.wikimedia.org&utm_campaign=imageinfo&utm_content=thumbnail,5486,3651,Dietmar Rabich,CC BY-SA 4.0,,unknown,"Category:CC-BY-SA-4.0|Category:Contre-jour photographs of landscapes|Category:Contre-jour photography of North Rhine-Westphalia|Category:Exposure time 1/50 sec|Category:F-number f/9|Category:Golden hour in Kreis Recklinghausen|Category:Golden hour landscapes in Germany|Category:Golden landscapes|Category:Haltern am See photographs taken on 2015-08-23|Category:ISO speed rating 100|Category:Images by XRay (flat list)|Category:Images from Wiki Loves Earth 2016|Category:Images from Wiki Loves Earth 2016 in Germany|Category:Images from Wiki Loves Earth 2016, DE-NW|Category:Information field template with formatting|Category:Landscapes of Haltern am See|Category:Lens focal length 63 mm|Category:Naturschutzgebiet Westruper Heide (Haltern am See)|Category:Photographs by Dietmar Rabich/Available light photography/Golden hour|Category:Photographs by Dietmar Rabich/Available light photography/Sunrises|Category:Photographs by Dietmar Rabich/Contre-jour photography|Category:Photographs by Dietmar Rabich/Haltern am See|Category:Photographs by Dietmar Rabich/Landscape photography|Category:Photographs by Dietmar Rabich/Medium exposure|Category:Photographs by Dietmar Rabich/Quality images|Category:Photographs by Dietmar Rabich/Quality images from Wiki Loves Earth|Category:Photographs by Dietmar Rabich/Quality images of North Rhine-Westphalia|Category:Photographs by Dietmar Rabich/Quality images of landscapes|Category:Photographs by Dietmar Rabich/Quality images of nature reserves|Category:Photographs by Dietmar Rabich/Quality images of sunsets and sunrises|Category:Photographs by Dietmar Rabich/Quality images of trees|Category:Photographs by Dietmar Rabich/Tone-mapped HDR images|Category:Photographs by Dietmar Rabich/Tree photography|Category:Photographs by Dietmar Rabich/Wiki Loves Earth/2016|Category:Photographs by Dietmar Rabich/Year/2015|Category:Photographs with aspect ratio of 3:2|Category:Protected areas with known WDPA-ID|Category:Quality images|Category:Quality images from Wiki Loves Earth 2016 in Germany|Category:Quality images of Westruper Heide|Category:Quality images of landscapes in Kreis Recklinghausen|Category:Quality images of solitary trees|Category:Quality images of sunrises of North Rhine-Westphalia|Category:Quality images of trees in Haltern am See|Category:Self-published work|Category:Solitary trees in Haltern am See|Category:Summer 2015 in Haltern am See|Category:Summer 2015 in North Rhine-Westphalia|Category:Summer landscapes in North Rhine-Westphalia|Category:Sunrises in 2015|Category:Sunrises of Haltern am See|Category:Taken with Canon EF-S 15-85mm F3.5-5.6 IS USM|Category:Taken with Canon EOS 70D|Category:Tone-mapped HDR images of Haltern am See|Category:Tone-mapped HDR images of landscapes|Category:Tone-mapped HDR images of sunrises|Category:Trees at sunrise in North Rhine-Westphalia|Category:Trees in North Rhine-Westphalia in August 2015|Category:Trees in summer 2015 in North Rhine-Westphalia|Category:Trees in summer in Haltern am See|Category:Uploaded with VicuñaUploader"
339,00339.jpg,"File:Haltern am See, Westruper Heide -- 2015 -- 8347.jpg","https://commons.wikimedia.org/wiki/File:Haltern_am_See,_Westruper_Heide_--_2015_--_8347.jpg",https://thumb.wikimedia.org/wikipedia/commons/thumb/0/0a/Haltern_am_See%2C_Westruper_Heide_--_2015_--_8347.jpg/1280px-Haltern_am_See%2C_Westruper_Heide_--_2015_--_8347.jpg?utm_source=commons.wikimedia.org&utm_campaign=imageinfo&utm_content=thumbnail,5472,3648,Dietmar Rabich,CC BY-SA 4.0,,unknown,Category:CC-BY-SA-4.0|Category:Contre-jour photographs of landscapes|Category:Contre-jour photography of North Rhine-Westphalia|Category:Exposure time 1/160 sec|Category:F-number f/9|Category:Haltern am See photographs taken on 2015-08-23|Category:ISO speed rating 100|Category:Images by XRay (flat list)|Category:Information field template with formatting|Category:Landscapes of Haltern am See|Category:Lens focal length 63 mm|Category:Naturschutzgebiet Westruper Heide (Haltern am See)|Category:Orange landscapes|Category:Orange sky in North Rhine-Westphalia|Category:Photographs by Dietmar Rabich/Available light photography/Sunrises|Category:Photographs by Dietmar Rabich/Contre-jour photography|Category:Photographs by Dietmar Rabich/Haltern am See|Category:Photographs by Dietmar Rabich/Landscape photography|Category:Photographs by Dietmar Rabich/Quality images|Category:Photographs by Dietmar Rabich/Quality images of North Rhine-Westphalia|Category:Photographs by Dietmar Rabich/Quality images of landscapes|Category:Photographs by Dietmar Rabich/Quality images of nature reserves|Category:Photographs by Dietmar Rabich/Quality images of sunsets and sunrises|Category:Photographs by Dietmar Rabich/Quality images of trees|Category:Photographs by Dietmar Rabich/Tree photography|Category:Photographs by Dietmar Rabich/Year/2015|Category:Photographs with aspect ratio of 3:2|Category:Protected areas with known WDPA-ID|Category:Quality images|Category:Quality images of Westruper Heide|Category:Quality images of landscapes in Kreis Recklinghausen|Category:Quality images of solitary trees|Category:Quality images of sunrises of North Rhine-Westphalia|Category:Quality images of trees in Haltern am See|Category:Self-published work|Category:Solitary trees in Haltern am See|Category:Summer 2015 in Haltern am See|Category:Summer 2015 in North Rhine-Westphalia|Category:Summer landscapes in North Rhine-Westphalia|Category:Sunrises in 2015|Category:Sunrises of Haltern am See|Category:Taken with Canon EF-S 15-85mm F3.5-5.6 IS USM|Category:Taken with Canon EOS 70D|Category:Trees and sky in Germany|Category:Trees at sunrise in North Rhine-Westphalia|Category:Trees in North Rhine-Westphalia in August 2015|Category:Trees in summer 2015 in North Rhine-Westphalia|Category:Trees in summer in Haltern am See|Category:Uploaded with VicuñaUploader
340,00340.jpg,"File:Haltern am See, Westruper Heide -- 2024 -- 5643.jpg","https://commons.wikimedia.org/wiki/File:Haltern_am_See,_Westruper_Heide_--_2024_--_5643.jpg",https://thumb.wikimedia.org/wikipedia/commons/thumb/7/70/Haltern_am_See%2C_Westruper_Heide_--_2024_--_5643.jpg/1280px-Haltern_am_See%2C_Westruper_Heide_--_2024_--_5643.jpg?utm_source=commons.wikimedia.org&utm_campaign=imageinfo&utm_content=thumbnail,6720,4480,Dietmar Rabich,CC BY-SA 4.0,,unknown,Category:CC-BY-SA-4.0|Category:Exposure time 1/320 sec|Category:F-number f/8|Category:Fog at sunrise in Germany|Category:Fog in August|Category:Fog in Kreis Recklinghausen|Category:Haltern am See photographs taken on 2024-08-24|Category:ISO speed rating 100|Category:Images by XRay (flat list)|Category:Information field template with formatting|Category:Landscapes of Haltern am See|Category:Lens focal length 135 mm|Category:Naturschutzgebiet Westruper Heide (Haltern am See)|Category:Photographs by Dietmar Rabich/Available light photography/Sunrises|Category:Photographs by Dietmar Rabich/Contre-jour photography|Category:Photographs by Dietmar Rabich/Haltern am See|Category:Photographs by Dietmar Rabich/Landscape photography|Category:Photographs by Dietmar Rabich/Quality images|Category:Photographs by Dietmar Rabich/Quality images of North Rhine-Westphalia|Category:Photographs by Dietmar Rabich/Quality images of natural phenomena|Category:Photographs by Dietmar Rabich/Quality images of nature reserves|Category:Photographs by Dietmar Rabich/Quality images of sunsets and sunrises|Category:Photographs by Dietmar Rabich/Quality images of trees|Category:Photographs by Dietmar Rabich/Tree photography|Category:Photographs by Dietmar Rabich/Year/2024|Category:Photographs with aspect ratio of 3:2|Category:Pinales in North Rhine-Westphalia in August 2024|Category:Protected areas with known WDPA-ID|Category:Quality images|Category:Quality images of Pinales|Category:Quality images of Westruper Heide|Category:Quality images of fog in Germany|Category:Quality images of solitary trees|Category:Quality images of sunrises of North Rhine-Westphalia|Category:Quality images of trees in Haltern am See|Category:Self-published work|Category:Solitary trees in Haltern am See|Category:Summer 2024 in Haltern am See|Category:Summer landscapes in North Rhine-Westphalia|Category:Sunrises in 2024|Category:Sunrises of Haltern am See|Category:Taken with Canon EF 70-300mm F4-5.6 IS II USM|Category:Taken with Canon EOS 5D Mark IV|Category:Trees at sunrise in North Rhine-Westphalia|Category:Trees in North Rhine-Westphalia in August 2024|Category:Trees in summer 2024 in North Rhine-Westphalia|Category:Trees in summer in Haltern am See|Category:Uploaded with LrMediaWiki
341,00341.jpg,File:Harstastate Hegebeintum (actm) 12.jpg,https://commons.wikimedia.org/wiki/File:Harstastate_Hegebeintum_(actm)_12.jpg,https://thumb.wikimedia.org/wikipedia/commons/thumb/b/be/Harstastate_Hegebeintum_%28actm%29_12.jpg/1280px-Harstastate_Hegebeintum_%28actm%29_12.jpg?utm_source=commons.wikimedia.org&utm_campaign=imageinfo&utm_content=thumbnail,4236,3177,Agnes Monkelbaan,CC BY-SA 4.0,,unknown,Category:CC-BY-SA-4.0|Category:Harsta State|Category:Netherlands photographs taken on 2018-07-03|Category:Quality images|Category:Quality images by Agnes Monkelbaan|Category:Quality images missing SDC depicts|Category:Quality images of solitary trees|Category:Quality images of trees in the Netherlands|Category:Self-published work|Category:Solitary trees in the Netherlands
342,00342.jpg,File:Harstastate Hegebeintum (actm) 14.jpg,https://commons.wikimedia.org/wiki/File:Harstastate_Hegebeintum_(actm)_14.jpg,https://thumb.wikimedia.org/wikipedia/commons/thumb/2/29/Harstastate_Hegebeintum_%28actm%29_14.jpg/1280px-Harstastate_Hegebeintum_%28actm%29_14.jpg?utm_source=commons.wikimedia.org&utm_campaign=imageinfo&utm_content=thumbnail,3384,4993,Agnes Monkelbaan,CC BY-SA 4.0,,unknown,Category:CC-BY-SA-4.0|Category:Harsta State|Category:Netherlands photographs taken on 2018-07-03|Category:Quality images|Category:Quality images by Agnes Monkelbaan|Category:Quality images of solitary trees|Category:Quality images of trees in the Netherlands|Category:Self-published work|Category:Solitary trees in the Netherlands
343,00343.jpg,"File:Hausdülmen, Umland -- 2020 -- 7072.jpg","https://commons.wikimedia.org/wiki/File:Hausd%C3%BClmen,_Umland_--_2020_--_7072.jpg",https://thumb.wikimedia.org/wikipedia/commons/thumb/7/76/Hausd%C3%BClmen%2C_Umland_--_2020_--_7072.jpg/1280px-Hausd%C3%BClmen%2C_Umland_--_2020_--_7072.jpg?utm_source=commons.wikimedia.org&utm_campaign=imageinfo&utm_content=thumbnail,6720,4480,Dietmar Rabich,CC BY-SA 4.0,,unknown,Category:CC-BY-SA-4.0|Category:Clouds in Hausdülmen|Category:Dülmen photographs taken on 2020-05-19|Category:Exposure time 1/13 sec|Category:F-number f/6.3|Category:Fields in Hausdülmen|Category:Fields in Kreis Coesfeld in May|Category:ISO speed rating 200|Category:Images by XRay (flat list)|Category:Information field template with formatting|Category:Lens focal length 105 mm|Category:Morning in Kreis Coesfeld|Category:Photographs by Dietmar Rabich/Dülmen|Category:Photographs by Dietmar Rabich/Medium exposure|Category:Photographs by Dietmar Rabich/Quality images|Category:Photographs by Dietmar Rabich/Quality images of North Rhine-Westphalia|Category:Photographs by Dietmar Rabich/Quality images of agriculture|Category:Photographs by Dietmar Rabich/Quality images of trees|Category:Photographs by Dietmar Rabich/Tree photography|Category:Photographs by Dietmar Rabich/Year/2020|Category:Photographs with aspect ratio of 3:2|Category:Quality images|Category:Quality images of fields in Dülmen|Category:Quality images of nature in Hausdülmen|Category:Quality images of solitary trees|Category:Quality images of trees in Hausdülmen|Category:Self-published work|Category:Solitary trees in Dülmen|Category:Spring 2020 in Dülmen|Category:Taken with Canon EOS 5D Mark IV and Canon EF 24-105mm F4L IS II USM|Category:Trees in Hausdülmen|Category:Trees in North Rhine-Westphalia in May 2020|Category:Trees in spring 2020 in Kreis Coesfeld|Category:Trees in spring in Dülmen|Category:Unidentified trees in Germany|Category:Uploaded with LrMediaWiki
344,00344.jpg,"File:Hausdülmen, Umland -- 2020 -- 7076.jpg","https://commons.wikimedia.org/wiki/File:Hausd%C3%BClmen,_Umland_--_2020_--_7076.jpg",https://thumb.wikimedia.org/wikipedia/commons/thumb/6/6f/Hausd%C3%BClmen%2C_Umland_--_2020_--_7076.jpg/1280px-Hausd%C3%BClmen%2C_Umland_--_2020_--_7076.jpg?utm_source=commons.wikimedia.org&utm_campaign=imageinfo&utm_content=thumbnail,6720,4480,Dietmar Rabich,CC BY-SA 4.0,,unknown,Category:CC-BY-SA-4.0|Category:Clouds in Hausdülmen|Category:Dülmen photographs taken on 2020-05-19|Category:Exposure time 1/13 sec|Category:F-number f/8|Category:Fields in Hausdülmen|Category:Fields in Kreis Coesfeld in May|Category:ISO speed rating 200|Category:Images by XRay (flat list)|Category:Information field template with formatting|Category:Lens focal length 70 mm|Category:Morning in Kreis Coesfeld|Category:Morning sky|Category:Photographs by Dietmar Rabich/Dülmen|Category:Photographs by Dietmar Rabich/Medium exposure|Category:Photographs by Dietmar Rabich/Quality images|Category:Photographs by Dietmar Rabich/Quality images of North Rhine-Westphalia|Category:Photographs by Dietmar Rabich/Quality images of agriculture|Category:Photographs by Dietmar Rabich/Quality images of trees|Category:Photographs by Dietmar Rabich/Tree photography|Category:Photographs by Dietmar Rabich/Year/2020|Category:Photographs with aspect ratio of 3:2|Category:Quality images|Category:Quality images of fields in Dülmen|Category:Quality images of nature in Hausdülmen|Category:Quality images of solitary trees|Category:Quality images of trees in Hausdülmen|Category:Self-published work|Category:Solitary trees in Dülmen|Category:Spring 2020 in Dülmen|Category:Taken with Canon EOS 5D Mark IV and Canon EF 24-105mm F4L IS II USM|Category:Trees in Hausdülmen|Category:Trees in North Rhine-Westphalia in May 2020|Category:Trees in spring 2020 in Kreis Coesfeld|Category:Trees in spring in Dülmen|Category:Uploaded with LrMediaWiki
345,00345.jpg,"File:Hausdülmen, Umland -- 2020 -- 7082.jpg","https://commons.wikimedia.org/wiki/File:Hausd%C3%BClmen,_Umland_--_2020_--_7082.jpg",https://thumb.wikimedia.org/wikipedia/commons/thumb/3/3a/Hausd%C3%BClmen%2C_Umland_--_2020_--_7082.jpg/1280px-Hausd%C3%BClmen%2C_Umland_--_2020_--_7082.jpg?utm_source=commons.wikimedia.org&utm_campaign=imageinfo&utm_content=thumbnail,4480,6720,Dietmar Rabich,CC BY-SA 4.0,,unknown,Category:Blue and green landscapes|Category:CC-BY-SA-4.0|Category:Changes of XRay's photographs of the recent weeks|Category:Clouds and blue sky in Hausdülmen|Category:Clouds in Germany in May 2020|Category:Dülmen photographs taken on 2020-05-19|Category:Exposure time 1/20 sec|Category:F-number f/8|Category:Fields in Hausdülmen|Category:Fields in Kreis Coesfeld in May|Category:ISO speed rating 200|Category:Images by XRay (flat list)|Category:Information field template with formatting|Category:Landscapes of Hausdülmen|Category:Lens focal length 45 mm|Category:Morning in Kreis Coesfeld|Category:Morning sky|Category:Photographs by Dietmar Rabich/Dülmen|Category:Photographs by Dietmar Rabich/Landscape photography|Category:Photographs by Dietmar Rabich/Medium exposure|Category:Photographs by Dietmar Rabich/Quality images|Category:Photographs by Dietmar Rabich/Quality images of North Rhine-Westphalia|Category:Photographs by Dietmar Rabich/Quality images of agriculture|Category:Photographs by Dietmar Rabich/Quality images of landscapes|Category:Photographs by Dietmar Rabich/Quality images of trees|Category:Photographs by Dietmar Rabich/Tree photography|Category:Photographs by Dietmar Rabich/Year/2020|Category:Photographs with aspect ratio of 2:3|Category:Quality images|Category:Quality images of clouds in Germany|Category:Quality images of fields in Dülmen|Category:Quality images of landscapes in Dülmen|Category:Quality images of nature in Hausdülmen|Category:Quality images of solitary trees|Category:Quality images of trees in Hausdülmen|Category:Self-published work|Category:Solitary trees in Dülmen|Category:Spring 2020 in Dülmen|Category:Spring landscapes in North Rhine-Westphalia|Category:Taken with Canon EOS 5D Mark IV and Canon EF 24-105mm F4L IS II USM|Category:Trees in Hausdülmen|Category:Trees in North Rhine-Westphalia in May 2020|Category:Trees in spring 2020 in Kreis Coesfeld|Category:Trees in spring in Dülmen|Category:Trees with clouds and blue sky background|Category:Uploaded with LrMediaWiki
346,00346.jpg,"File:Kakadu (AU), Kakadu National Park, Nadap Lookout -- 2019 -- 4191.jpg","https://commons.wikimedia.org/wiki/File:Kakadu_(AU),_Kakadu_National_Park,_Nadap_Lookout_--_2019_--_4191.jpg",https://thumb.wikimedia.org/wikipedia/commons/thumb/6/6d/Kakadu_%28AU%29%2C_Kakadu_National_Park%2C_Nadap_Lookout_--_2019_--_4191.jpg/1280px-Kakadu_%28AU%29%2C_Kakadu_National_Park%2C_Nadap_Lookout_--_2019_--_4191.jpg?utm_source=commons.wikimedia.org&utm_campaign=imageinfo&utm_content=thumbnail,6710,4473,Dietmar Rabich,CC BY-SA 4.0,,unknown,Category:Australia photographs taken on 2019-10-31|Category:CC-BY-SA-4.0|Category:Clouds and blue sky in the Northern Territory|Category:Clouds at sunset in Australia|Category:Clouds in the Southern Hemisphere in October 2019|Category:Cultural heritage monuments in Australia with known IDs|Category:Exposure time 1/1000 sec|Category:F-number f/8|Category:Horizons of Australia|Category:ISO speed rating 200|Category:Images by XRay (flat list)|Category:Information field template with formatting|Category:Lens focal length 35 mm|Category:Nature of Australia in October 2019|Category:October 2019 in the Northern Territory|Category:Photographs by Dietmar Rabich/Australia|Category:Photographs by Dietmar Rabich/Available light photography/Sunsets|Category:Photographs by Dietmar Rabich/Contre-jour photography|Category:Photographs by Dietmar Rabich/Landscape photography|Category:Photographs by Dietmar Rabich/Quality images|Category:Photographs by Dietmar Rabich/Quality images of Australia|Category:Photographs by Dietmar Rabich/Quality images of World Heritage Sites|Category:Photographs by Dietmar Rabich/Quality images of landscapes|Category:Photographs by Dietmar Rabich/Quality images of national parks|Category:Photographs by Dietmar Rabich/Quality images of sunsets and sunrises|Category:Photographs by Dietmar Rabich/Quality images of trees|Category:Photographs by Dietmar Rabich/Tree photography|Category:Photographs by Dietmar Rabich/Year/2019|Category:Photographs with aspect ratio of 3:2|Category:Protected areas with known WDPA-ID|Category:Quality images|Category:Quality images of Kakadu National Park|Category:Quality images of landscapes in Australia|Category:Quality images of solitary trees|Category:Quality images of sunsets of Australia|Category:Quality images of trees in Australia|Category:Self-published work|Category:Solitary trees in Australia|Category:Spring 2019 in Australia|Category:Spring in the Northern Territory|Category:Sunsets in 2019|Category:Sunsets of the Northern Territory|Category:Taken with Canon EOS 5D Mark IV and Canon EF 24-105mm F4L IS II USM|Category:Trees at sunset in Australia|Category:Trees in Australia in October|Category:Trees in October 2019|Category:Trees in spring in Australia|Category:Trees with clouds and blue sky background|Category:Ubirr|Category:Unidentified trees in Australia|Category:Uploaded with LrMediaWiki|Category:Views from hills in Australia
347,00347.jpg,"File:Kakadu (AU), Kakadu National Park, Yellow Water -- 2019 -- 3983.jpg","https://commons.wikimedia.org/wiki/File:Kakadu_(AU),_Kakadu_National_Park,_Yellow_Water_--_2019_--_3983.jpg",https://thumb.wikimedia.org/wikipedia/commons/thumb/2/2e/Kakadu_%28AU%29%2C_Kakadu_National_Park%2C_Yellow_Water_--_2019_--_3983.jpg/1280px-Kakadu_%28AU%29%2C_Kakadu_National_Park%2C_Yellow_Water_--_2019_--_3983.jpg?utm_source=commons.wikimedia.org&utm_campaign=imageinfo&utm_content=thumbnail,6720,4480,Dietmar Rabich,CC BY-SA 4.0,,unknown,Category:Australia photographs taken on 2019-10-31|Category:Blue sky background in Australia|Category:Blue sky in the Northern Territory|Category:CC-BY-SA-4.0|Category:Changes of XRay's photographs of the recent weeks|Category:Cultural heritage monuments in Australia with known IDs|Category:Exposure time 1/320 sec|Category:F-number f/8|Category:ISO speed rating 100|Category:Images by XRay (flat list)|Category:Information field template with formatting|Category:Lakes in 2019|Category:Lakes with blue sky background|Category:Landscapes of the Northern Territory|Category:Lens focal length 32 mm|Category:Morning in Australia|Category:Nature of Australia in October 2019|Category:October 2019 in the Northern Territory|Category:Photographs by Dietmar Rabich/Australia|Category:Photographs by Dietmar Rabich/Landscape photography|Category:Photographs by Dietmar Rabich/Quality images|Category:Photographs by Dietmar Rabich/Quality images of Australia|Category:Photographs by Dietmar Rabich/Quality images of World Heritage Sites|Category:Photographs by Dietmar Rabich/Quality images of lakes|Category:Photographs by Dietmar Rabich/Quality images of landscapes|Category:Photographs by Dietmar Rabich/Quality images of national parks|Category:Photographs by Dietmar Rabich/Quality images of natural phenomena|Category:Photographs by Dietmar Rabich/Quality images of trees|Category:Photographs by Dietmar Rabich/Reflections|Category:Photographs by Dietmar Rabich/Tree photography|Category:Photographs by Dietmar Rabich/Year/2019|Category:Photographs with aspect ratio of 3:2|Category:Protected areas with known WDPA-ID|Category:Quality images|Category:Quality images of Kakadu National Park|Category:Quality images of bodies of water in Australia|Category:Quality images of landscapes in Australia|Category:Quality images of oxbow lakes|Category:Quality images of solitary trees|Category:Quality images of trees in Australia|Category:Quality images of water reflections|Category:Reflections in lakes in Australia|Category:Reflections of trees in still water|Category:Self-published work|Category:Solitary trees in Australia|Category:Spring 2019 in Australia|Category:Spring in the Northern Territory|Category:Spring landscapes in Australia|Category:Taken with Canon EOS 5D Mark IV and Canon EF 24-105mm F4L IS II USM|Category:Trees and sky in Australia|Category:Trees in Australia in October|Category:Trees in October 2019|Category:Trees in spring in Australia|Category:Trees with blue sky background|Category:Unidentified trees in Australia|Category:Uploaded with LrMediaWiki|Category:Water reflections of trees in the Northern Territory|Category:Yellow Water Billabong
348,00348.jpg,File:Kasteeltenboschlede.jpg,https://commons.wikimedia.org/wiki/File:Kasteeltenboschlede.jpg,https://thumb.wikimedia.org/wikipedia/commons/thumb/9/9c/Kasteeltenboschlede.jpg/1280px-Kasteeltenboschlede.jpg?utm_source=commons.wikimedia.org&utm_campaign=imageinfo&utm_content=thumbnail,4288,2848,DirkVE,CC BY-SA 4.0,,unknown,"Category:Belgium photographs taken on 2017-05-06|Category:CC-BY-SA-4.0|Category:Doors in Belgium|Category:Files with coordinates missing SDC location of creation (50° N, 4° E)|Category:Images from Wiki Loves Public Space 2017 in Belgium|Category:Kasteel ten Bosch|Category:Onroerend erfgoed with known IDs|Category:Quality images|Category:Quality images of castles in Belgium|Category:Quality images of solitary trees|Category:Self-published work|Category:Solitary trees in Belgium|Category:Uploaded via Campaign:wlps-be|Category:White houses in Belgium"
349,00349.jpg,"File:Koh Mak (island), Thailand, Solitary tree in lagoon.jpg","https://commons.wikimedia.org/wiki/File:Koh_Mak_(island),_Thailand,_Solitary_tree_in_lagoon.jpg",https://thumb.wikimedia.org/wikipedia/commons/thumb/f/fb/Koh_Mak_%28island%29%2C_Thailand%2C_Solitary_tree_in_lagoon.jpg/1280px-Koh_Mak_%28island%29%2C_Thailand%2C_Solitary_tree_in_lagoon.jpg?utm_source=commons.wikimedia.org&utm_campaign=imageinfo&utm_content=thumbnail,4032,2688,Vyacheslav Argenberg,CC BY 4.0,,unknown,Category:Beaches at low tide|Category:CC-BY-4.0|Category:Coasts of Trat Province|Category:Empty beaches in Thailand|Category:Gulf of Thailand|Category:Images from Wiki Science Competition 2021 in Thailand|Category:Ko Mak|Category:Mangroves of Thailand|Category:Minimalist photographs of landscapes|Category:Negative space (photography)|Category:Photos by Vyacheslav Argenberg|Category:Photos by Vyacheslav Argenberg in 2010|Category:Photos by Vyacheslav Argenberg in Thailand|Category:Quality images|Category:Quality images of Thailand|Category:Quality images of beaches in Thailand|Category:Quality images of islands|Category:Quality images of nature in Thailand|Category:Quality images of solitary trees|Category:Quality minimalist photos|Category:Self-published work|Category:Solitary trees in Thailand|Category:Solitude|Category:Surreal landscape photographs|Category:Uploaded via Campaign:wsc-th|Category:Wildlife and nature images from Wiki Science Competition 2021
350,00350.jpg,"File:Koh Mak (island), Thailand, Solitary tree in tropical lagoon.jpg","https://commons.wikimedia.org/wiki/File:Koh_Mak_(island),_Thailand,_Solitary_tree_in_tropical_lagoon.jpg",https://thumb.wikimedia.org/wikipedia/commons/thumb/f/fe/Koh_Mak_%28island%29%2C_Thailand%2C_Solitary_tree_in_tropical_lagoon.jpg/1280px-Koh_Mak_%28island%29%2C_Thailand%2C_Solitary_tree_in_tropical_lagoon.jpg?utm_source=commons.wikimedia.org&utm_campaign=imageinfo&utm_content=thumbnail,4032,2688,Vyacheslav Argenberg,CC BY 4.0,,unknown,Category:Beaches at low tide|Category:CC-BY-4.0|Category:Coasts of Trat Province|Category:Images from Wiki Science Competition 2021 in Thailand|Category:Ko Mak|Category:Mangroves of Thailand|Category:Nature of Thailand|Category:Photos by Vyacheslav Argenberg|Category:Photos by Vyacheslav Argenberg in 2010|Category:Photos by Vyacheslav Argenberg in Thailand|Category:Quality images|Category:Quality images of Thailand|Category:Quality images of beaches in Thailand|Category:Quality images of nature in Thailand|Category:Quality images of solitary trees|Category:Self-published work|Category:Solitary trees in Thailand|Category:Surreal landscape photographs|Category:Uploaded via Campaign:wsc-th|Category:Wildlife and nature images from Wiki Science Competition 2021
351,00351.jpg,"File:Lüdinghausen, Bauerschaft Reckelsum, Sonnenaufgang -- 2022 -- 9550-2.jpg","https://commons.wikimedia.org/wiki/File:L%C3%BCdinghausen,_Bauerschaft_Reckelsum,_Sonnenaufgang_--_2022_--_9550-2.jpg",https://thumb.wikimedia.org/wikipedia/commons/thumb/2/29/L%C3%BCdinghausen%2C_Bauerschaft_Reckelsum%2C_Sonnenaufgang_--_2022_--_9550-2.jpg/1280px-L%C3%BCdinghausen%2C_Bauerschaft_Reckelsum%2C_Sonnenaufgang_--_2022_--_9550-2.jpg?utm_source=commons.wikimedia.org&utm_campaign=imageinfo&utm_content=thumbnail,6700,4467,Dietmar Rabich,CC BY-SA 4.0,,unknown,Category:Bare trees in Lüdinghausen|Category:Blue hour in Lüdinghausen|Category:CC-BY-SA-4.0|Category:Dawn in Kreis Coesfeld|Category:Exposure time 1/20 sec|Category:F-number f/11|Category:Fields at dawn|Category:Fields in Kreis Coesfeld in January|Category:Fields in Lüdinghausen|Category:Foreglow in North Rhine-Westphalia|Category:ISO speed rating 100|Category:Images by XRay (flat list)|Category:Information field template with formatting|Category:Landscapes of Lüdinghausen|Category:Lens focal length 85 mm|Category:Lüdinghausen photographs taken on 2022-01-11|Category:Night landscapes of Germany|Category:Photographs by Dietmar Rabich/Available light photography/Blue hour|Category:Photographs by Dietmar Rabich/Contre-jour photography|Category:Photographs by Dietmar Rabich/Landscape photography|Category:Photographs by Dietmar Rabich/Lüdinghausen|Category:Photographs by Dietmar Rabich/Medium exposure|Category:Photographs by Dietmar Rabich/Quality images|Category:Photographs by Dietmar Rabich/Quality images of North Rhine-Westphalia|Category:Photographs by Dietmar Rabich/Quality images of agriculture|Category:Photographs by Dietmar Rabich/Quality images of landscapes|Category:Photographs by Dietmar Rabich/Quality images of trees|Category:Photographs by Dietmar Rabich/Tone-mapped HDR images|Category:Photographs by Dietmar Rabich/Tree photography|Category:Photographs by Dietmar Rabich/Year/2022|Category:Photographs with aspect ratio of 3:2|Category:Quality images|Category:Quality images of fields in Kreis Coesfeld|Category:Quality images of landscapes in Kreis Coesfeld|Category:Quality images of solitary trees|Category:Quality images of trees in Lüdinghausen|Category:Quality images of twilights of Germany|Category:Quality night photography in Kreis Coesfeld|Category:Self-published work|Category:Solitary trees in Kreis Coesfeld|Category:Taken with Canon EOS 5D Mark IV and Canon EF 24-105mm F4L IS II USM|Category:Tone-mapped HDR images of Lüdinghausen|Category:Tone-mapped HDR images of landscapes|Category:Trees at dawn|Category:Trees in North Rhine-Westphalia at night|Category:Trees in North Rhine-Westphalia in January 2022|Category:Trees in winter 2021-2022 in North Rhine-Westphalia|Category:Trees in winter in Kreis Coesfeld|Category:Uploaded with LrMediaWiki|Category:Winter 2021-2022 in Kreis Coesfeld|Category:Winter landscapes in North Rhine-Westphalia
352,00352.jpg,"File:Lüdinghausen, Bauerschaft Reckelsum, Sonnenaufgang -- 2022 -- 9561-5.jpg","https://commons.wikimedia.org/wiki/File:L%C3%BCdinghausen,_Bauerschaft_Reckelsum,_Sonnenaufgang_--_2022_--_9561-5.jpg",https://thumb.wikimedia.org/wikipedia/commons/thumb/d/dc/L%C3%BCdinghausen%2C_Bauerschaft_Reckelsum%2C_Sonnenaufgang_--_2022_--_9561-5.jpg/1280px-L%C3%BCdinghausen%2C_Bauerschaft_Reckelsum%2C_Sonnenaufgang_--_2022_--_9561-5.jpg?utm_source=commons.wikimedia.org&utm_campaign=imageinfo&utm_content=thumbnail,5953,4465,Dietmar Rabich,CC BY-SA 4.0,,unknown,Category:Bare trees in Lüdinghausen|Category:Blue hour in Lüdinghausen|Category:CC-BY-SA-4.0|Category:Dawn in Kreis Coesfeld|Category:Exposure time 1/50 sec|Category:F-number f/11|Category:Fields at dawn|Category:Fields in Kreis Coesfeld in January|Category:Fields in Lüdinghausen|Category:Foreglow in North Rhine-Westphalia|Category:ISO speed rating 100|Category:Images by XRay (flat list)|Category:Information field template with formatting|Category:Landscapes of Lüdinghausen|Category:Lens focal length 85 mm|Category:Lüdinghausen photographs taken on 2022-01-11|Category:Night landscapes of Germany|Category:Photographs by Dietmar Rabich/Available light photography/Blue hour|Category:Photographs by Dietmar Rabich/Contre-jour photography|Category:Photographs by Dietmar Rabich/Landscape photography|Category:Photographs by Dietmar Rabich/Lüdinghausen|Category:Photographs by Dietmar Rabich/Medium exposure|Category:Photographs by Dietmar Rabich/Quality images|Category:Photographs by Dietmar Rabich/Quality images of North Rhine-Westphalia|Category:Photographs by Dietmar Rabich/Quality images of agriculture|Category:Photographs by Dietmar Rabich/Quality images of landscapes|Category:Photographs by Dietmar Rabich/Quality images of trees|Category:Photographs by Dietmar Rabich/Tone-mapped HDR images|Category:Photographs by Dietmar Rabich/Tree photography|Category:Photographs by Dietmar Rabich/Year/2022|Category:Photographs with aspect ratio of 4:3|Category:Quality images|Category:Quality images of fields in Kreis Coesfeld|Category:Quality images of landscapes in Kreis Coesfeld|Category:Quality images of solitary trees|Category:Quality images of trees in Lüdinghausen|Category:Quality images of twilights of Germany|Category:Quality night photography in Kreis Coesfeld|Category:Self-published work|Category:Solitary trees in Kreis Coesfeld|Category:Taken with Canon EOS 5D Mark IV and Canon EF 24-105mm F4L IS II USM|Category:Tone-mapped HDR images of Lüdinghausen|Category:Tone-mapped HDR images of landscapes|Category:Trees at dawn|Category:Trees in North Rhine-Westphalia at night|Category:Trees in North Rhine-Westphalia in January 2022|Category:Trees in winter 2021-2022 in North Rhine-Westphalia|Category:Trees in winter in Kreis Coesfeld|Category:Uploaded with LrMediaWiki|Category:Winter 2021-2022 in Kreis Coesfeld|Category:Winter landscapes in North Rhine-Westphalia
353,00353.jpg,File:Mangrove Reflection Wide Ashtamudi Kollam Kerala Mar22 A7C 01464.jpg,https://commons.wikimedia.org/wiki/File:Mangrove_Reflection_Wide_Ashtamudi_Kollam_Kerala_Mar22_A7C_01464.jpg,https://thumb.wikimedia.org/wikipedia/commons/thumb/4/4b/Mangrove_Reflection_Wide_Ashtamudi_Kollam_Kerala_Mar22_A7C_01464.jpg/1280px-Mangrove_Reflection_Wide_Ashtamudi_Kollam_Kerala_Mar22_A7C_01464.jpg?utm_source=commons.wikimedia.org&utm_campaign=imageinfo&utm_content=thumbnail,5314,3543,"This Photo was taken by Timothy A. Gonsalves.  Feel free to use my photos, but please mention me as the author.  I would",CC BY-SA 4.0,,unknown,"Category:Ashtamudi Lake|Category:Black, blue, green, white|Category:CC-BY-SA-4.0|Category:Featured minimalist photos|Category:Featured pictures by Tagooty|Category:Featured pictures of India by Tagooty|Category:Featured pictures of Kerala|Category:Featured pictures of Kerala by Tagooty|Category:Featured pictures of lakes in India|Category:Featured pictures of landscapes in India|Category:Featured pictures of plants in India|Category:Featured pictures of trees|Category:Featured pictures on Wikimedia Commons|Category:Featured pictures on Wikipedia, Bengali|Category:Images by User:Tagooty|Category:Images by User:Tagooty/India|Category:Images with extracted images|Category:India photographs taken on 2022-03-05|Category:Mangroves in Kollam district|Category:March 2022 in Kerala|Category:Nature of Kollam|Category:Picture of the day by Tagooty|Category:Pictures of the Year (2022)|Category:Pictures of the Year (candidate)|Category:Pictures of the Year (finalist)|Category:Pictures of the Year (finalist) by Tagooty|Category:Pictures of the Year/2022 (finalist)|Category:Pictures of the day (2022)|Category:Quality images|Category:Quality images missing SDC creator|Category:Quality images missing SDC depicts|Category:Quality images of Kerala by Tagooty|Category:Quality images of flora in Kerala|Category:Quality images of lakes in Kerala|Category:Quality images of solitary trees|Category:Quality images of trees in India|Category:Reflections in lakes in India|Category:Self-published work|Category:Solitary trees in India|Category:Taken with Sony ILCE-7C|Category:Unidentified Avicennia"
354,00354.jpg,File:Michelau Weinberg-20201024-RM-165125.jpg,https://commons.wikimedia.org/wiki/File:Michelau_Weinberg-20201024-RM-165125.jpg,https://thumb.wikimedia.org/wikipedia/commons/thumb/c/cf/Michelau_Weinberg-20201024-RM-165125.jpg/1280px-Michelau_Weinberg-20201024-RM-165125.jpg?utm_source=commons.wikimedia.org&utm_campaign=imageinfo&utm_content=thumbnail,5184,3888,Ermell,CC BY-SA 4.0,,unknown,"Category:Bavaria photographs taken on 2020-10-24|Category:CC-BY-SA-4.0|Category:Clouds and blue sky in Lower Franconia|Category:Featured pictures by Ermell|Category:Featured pictures of Lower Franconia by Ermell|Category:Featured pictures of agriculture|Category:Featured pictures on Wikimedia Commons|Category:Files with coordinates missing SDC location of creation (49° N, 10° E)|Category:Images by User:Ermell taken in 2020|Category:Michelauer Vollburg|Category:Photographs by Ermell|Category:Quality images|Category:Quality images by Ermell|Category:Quality images of Lower Franconia by Ermell|Category:Quality images of solitary trees|Category:Self-published work|Category:Solitary trees in Bavaria|Category:Taken with Olympus E-M1 Mark II|Category:Taken with Olympus M.Zuiko Digital ED 12-100mm f/4 PRO|Category:Uploaded with LrMediaWiki"
355,00355.jpg,File:Nokkanes Leikanger 2015.jpg,https://commons.wikimedia.org/wiki/File:Nokkanes_Leikanger_2015.jpg,https://thumb.wikimedia.org/wikipedia/commons/thumb/5/5b/Nokkanes_Leikanger_2015.jpg/1280px-Nokkanes_Leikanger_2015.jpg?utm_source=commons.wikimedia.org&utm_campaign=imageinfo&utm_content=thumbnail,5154,3983,Bjørn Erik Pedersen,CC BY-SA 4.0,,unknown,Category:CC-BY-SA-4.0|Category:Files with coordinates missing SDC location of creation|Category:Hermansverk-Leikanger|Category:Quality images|Category:Quality images of solitary trees|Category:Self-published work|Category:Solitary trees in Norway|Category:Taken with Pentax K-3 II
356,00356.jpg,"File:Norderney, Dünenlandschaft -- 2018 -- 0932.jpg","https://commons.wikimedia.org/wiki/File:Norderney,_D%C3%BCnenlandschaft_--_2018_--_0932.jpg",https://thumb.wikimedia.org/wikipedia/commons/thumb/f/f2/Norderney%2C_D%C3%BCnenlandschaft_--_2018_--_0932.jpg/1280px-Norderney%2C_D%C3%BCnenlandschaft_--_2018_--_0932.jpg?utm_source=commons.wikimedia.org&utm_campaign=imageinfo&utm_content=thumbnail,6720,4480,Dietmar Rabich,CC BY-SA 4.0,,unknown,"Category:Bare trees in Lower Saxony|Category:CC-BY-SA-4.0|Category:Clouds in Landkreis Aurich|Category:Exposure time 1/100 sec|Category:F-number f/8|Category:FFH-Gebiet Nationalpark Niedersächsisches Wattenmeer|Category:ISO speed rating 100|Category:Images by XRay (flat list)|Category:Images from Wiki Loves Earth 2018|Category:Images from Wiki Loves Earth 2018 in Germany|Category:Images from Wiki Loves Earth 2018, DE-NI|Category:Images from Wiki Loves Earth Biosphere Reserves and UNESCO Global Geoparks 2018|Category:Information field template with formatting|Category:Landscapes of Landkreis Aurich|Category:Leafless trees in Germany|Category:Lens focal length 50 mm|Category:Nature of Norderney|Category:Norderney photographs taken on 2018-02-10|Category:Overcast in Lower Saxony|Category:Photographs by Dietmar Rabich/Landscape photography|Category:Photographs by Dietmar Rabich/Norderney|Category:Photographs by Dietmar Rabich/Quality images|Category:Photographs by Dietmar Rabich/Quality images from Wiki Loves Earth|Category:Photographs by Dietmar Rabich/Quality images of Lower Saxony|Category:Photographs by Dietmar Rabich/Quality images of World Heritage Sites|Category:Photographs by Dietmar Rabich/Quality images of landscapes|Category:Photographs by Dietmar Rabich/Quality images of national parks|Category:Photographs by Dietmar Rabich/Quality images of trees|Category:Photographs by Dietmar Rabich/Tree photography|Category:Photographs by Dietmar Rabich/Wiki Loves Earth/2018|Category:Photographs by Dietmar Rabich/Year/2018|Category:Photographs with aspect ratio of 3:2|Category:Protected areas with known WDPA-ID|Category:Quality images|Category:Quality images from Wiki Loves Earth 2018 in Germany|Category:Quality images of Nationalpark Niedersächsisches Wattenmeer|Category:Quality images of landscapes in Lower Saxony|Category:Quality images of nature in Norderney|Category:Quality images of solitary trees|Category:Quality images of the Wadden Sea|Category:Quality images of trees in Lower Saxony|Category:Self-published work|Category:Solitary trees in Lower Saxony|Category:Taken with Canon EOS 5D Mark IV and Canon EF 24-105mm F4L IS II USM|Category:Trees in Landkreis Aurich|Category:Trees in Lower Saxony in February 2018|Category:Trees in winter 2018-2019 in Lower Saxony|Category:Unidentified trees in Germany|Category:Uploaded with LrMediaWiki|Category:Winter in Norderney|Category:Winter landscapes in Lower Saxony"
357,00357.jpg,"File:Nottuln, Stevertal -- 2019 -- 4298.jpg","https://commons.wikimedia.org/wiki/File:Nottuln,_Stevertal_--_2019_--_4298.jpg",https://thumb.wikimedia.org/wikipedia/commons/thumb/1/19/Nottuln%2C_Stevertal_--_2019_--_4298.jpg/1280px-Nottuln%2C_Stevertal_--_2019_--_4298.jpg?utm_source=commons.wikimedia.org&utm_campaign=imageinfo&utm_content=thumbnail,6720,4480,Dietmar Rabich,CC BY-SA 4.0,,unknown,Category:Bare trees in Nottuln|Category:Blue sky background in North Rhine-Westphalia|Category:Blue sky in Nottuln|Category:CC-BY-SA-4.0|Category:Exposure time 1/200 sec|Category:F-number f/9|Category:Fields in Kreis Coesfeld in April|Category:ISO speed rating 160|Category:Images by XRay (flat list)|Category:Information field template with formatting|Category:Landscapes of Nottuln|Category:Lens focal length 30 mm|Category:Meadows in Germany in spring|Category:Meadows in Nottuln|Category:Nottuln photographs taken on 2019-04-18|Category:Photographs by Dietmar Rabich/Landscape photography|Category:Photographs by Dietmar Rabich/Nottuln|Category:Photographs by Dietmar Rabich/Quality images|Category:Photographs by Dietmar Rabich/Quality images of North Rhine-Westphalia|Category:Photographs by Dietmar Rabich/Quality images of agriculture|Category:Photographs by Dietmar Rabich/Quality images of landscapes|Category:Photographs by Dietmar Rabich/Quality images of rivers|Category:Photographs by Dietmar Rabich/Quality images of trees|Category:Photographs by Dietmar Rabich/Tree photography|Category:Photographs by Dietmar Rabich/Year/2019|Category:Photographs with aspect ratio of 3:2|Category:Quality images|Category:Quality images of fields in Kreis Coesfeld|Category:Quality images of landscapes in Kreis Coesfeld|Category:Quality images of rivers in North Rhine-Westphalia|Category:Quality images of solitary trees|Category:Quality images of trees in Nottuln|Category:Quality images of valleys|Category:Rivers of Germany in 2019|Category:Self-published work|Category:Solitary trees in Kreis Coesfeld|Category:Spring 2019 in Nottuln|Category:Spring landscapes in North Rhine-Westphalia|Category:Stever|Category:Stevern|Category:Taken with Canon EOS 5D Mark IV and Canon EF 24-105mm F4L IS II USM|Category:Trees and sky in Germany|Category:Trees in North Rhine-Westphalia in April 2019|Category:Trees in spring 2019 in North Rhine-Westphalia|Category:Trees in spring in Kreis Coesfeld|Category:Trees with blue sky background|Category:Unidentified trees in Germany|Category:Uploaded with LrMediaWiki
358,00358.jpg,"File:Nottuln, Stevertal, Stever -- 2017 -- 0697.jpg","https://commons.wikimedia.org/wiki/File:Nottuln,_Stevertal,_Stever_--_2017_--_0697.jpg",https://thumb.wikimedia.org/wikipedia/commons/thumb/5/52/Nottuln%2C_Stevertal%2C_Stever_--_2017_--_0697.jpg/1280px-Nottuln%2C_Stevertal%2C_Stever_--_2017_--_0697.jpg?utm_source=commons.wikimedia.org&utm_campaign=imageinfo&utm_content=thumbnail,5472,3648,Dietmar Rabich,CC BY-SA 4.0,,unknown,Category:CC-BY-SA-4.0|Category:Clouds and blue sky in Nottuln|Category:Clouds in Germany in July 2017|Category:Exposure time 1/80 sec|Category:F-number f/8|Category:ISO speed rating 100|Category:Images by XRay (flat list)|Category:Information field template with formatting|Category:Landscapes of Nottuln|Category:Lens focal length 15 mm|Category:Nottuln photographs taken on 2017-07-06|Category:Photographs by Dietmar Rabich/Landscape photography|Category:Photographs by Dietmar Rabich/Nottuln|Category:Photographs by Dietmar Rabich/Quality images|Category:Photographs by Dietmar Rabich/Quality images of North Rhine-Westphalia|Category:Photographs by Dietmar Rabich/Quality images of landscapes|Category:Photographs by Dietmar Rabich/Quality images of rivers|Category:Photographs by Dietmar Rabich/Quality images of trees|Category:Photographs by Dietmar Rabich/Tree photography|Category:Photographs by Dietmar Rabich/Year/2017|Category:Photographs with aspect ratio of 3:2|Category:Quality images|Category:Quality images of bodies of water in Kreis Coesfeld|Category:Quality images of landscapes in Kreis Coesfeld|Category:Quality images of rivers in North Rhine-Westphalia|Category:Quality images of solitary trees|Category:Quality images of trees in Nottuln|Category:Quality images of valleys|Category:Rivers of Germany in 2017|Category:Self-published work|Category:Solitary trees in Kreis Coesfeld|Category:Stever|Category:Stevern|Category:Summer 2017 in Kreis Coesfeld|Category:Summer in Nottuln|Category:Summer landscapes in North Rhine-Westphalia|Category:Taken with Canon EF-S 15-85mm F3.5-5.6 IS USM|Category:Taken with Canon EOS 70D|Category:Trees and sky in Germany|Category:Trees in North Rhine-Westphalia in July 2017|Category:Trees in summer 2017 in North Rhine-Westphalia|Category:Trees in summer in Nottuln|Category:Trees with clouds and blue sky background|Category:Unidentified trees in Germany|Category:Uploaded with VicuñaUploader
359,00359.jpg,File:Oak in Tohogne autumn 2017.jpg,https://commons.wikimedia.org/wiki/File:Oak_in_Tohogne_autumn_2017.jpg,https://thumb.wikimedia.org/wikipedia/commons/thumb/d/df/Oak_in_Tohogne_autumn_2017.jpg/1280px-Oak_in_Tohogne_autumn_2017.jpg?utm_source=commons.wikimedia.org&utm_campaign=imageinfo&utm_content=thumbnail,2848,4288,Pierre-Jacques Despa,CC BY-SA 4.0,Quercus,broadleaf,"Category:2017 in Durbuy|Category:Autumn 2017 in Belgium|Category:Belgium photographs taken on 2017-10-29|Category:CC-BY-SA-4.0|Category:Files with coordinates missing SDC location of creation (50° N, 5° E)|Category:Quality images|Category:Quality images by PJDespa|Category:Quality images of Durbuy|Category:Quality images of Quercus robur|Category:Quality images of solitary trees|Category:Quercus robur in Belgium|Category:Quercus robur in autumn|Category:Quercus robur in the Northern Hemisphere in October|Category:Self-published work|Category:Solitary Quercus robur|Category:Solitary trees in Belgium|Category:Taken with Nikon D90|Category:Tohogne|Category:Trees in Durbuy"
360,00360.jpg,File:Oak tree Sunol Regional Wilderness California 2023 dllu.jpg,https://commons.wikimedia.org/wiki/File:Oak_tree_Sunol_Regional_Wilderness_California_2023_dllu.jpg,https://thumb.wikimedia.org/wikipedia/commons/thumb/0/0e/Oak_tree_Sunol_Regional_Wilderness_California_2023_dllu.jpg/1280px-Oak_tree_Sunol_Regional_Wilderness_California_2023_dllu.jpg?utm_source=commons.wikimedia.org&utm_campaign=imageinfo&utm_content=thumbnail,11648,8736,Daniel Lu (User:dllu),CC BY-SA 4.0,Quercus,broadleaf,"Category:CC-BY-SA-4.0|Category:Exposure time 1/250 sec|Category:Featured pictures by dllu|Category:Featured pictures on Wikimedia Commons|Category:Grasslands of California|Category:Lens focal length 180 mm|Category:Quality images|Category:Quality images by dllu|Category:Quality images missing SDC creator|Category:Quality images missing SDC depicts|Category:Quality images missing SDC inception|Category:Quality images missing SDC source of file|Category:Quality images of solitary trees|Category:Quality images with different SDC Commons quality assessment|Category:Quercus in the United States|Category:Self-published work|Category:Solitary trees in the United States|Category:Sunol Regional Wilderness|Category:Taken with Fujifilm GFX100S|Category:Trees in Alameda County, California"
361,00361.jpg,"File:Pinus halepensis, Rosis, Hérault (01).jpg","https://commons.wikimedia.org/wiki/File:Pinus_halepensis,_Rosis,_H%C3%A9rault_(01).jpg",https://thumb.wikimedia.org/wikipedia/commons/thumb/a/ab/Pinus_halepensis%2C_Rosis%2C_H%C3%A9rault_%2801%29.jpg/1280px-Pinus_halepensis%2C_Rosis%2C_H%C3%A9rault_%2801%29.jpg?utm_source=commons.wikimedia.org&utm_campaign=imageinfo&utm_content=thumbnail,4928,3080,Christian Ferrer,CC BY-SA 3.0,Pinus,conifer,"Category:April 2013 in Hérault|Category:Bretagne photographs taken on 2013-04-28|Category:CC-BY-SA-3.0|Category:Caroux-Espinouse|Category:Files with coordinates missing SDC location of creation|Category:Quality images|Category:Quality images missing SDC depicts|Category:Quality images of Pinus halepensis|Category:Quality images of Rosis, Hérault|Category:Quality images of solitary trees|Category:Rosis|Category:Self-published work|Category:Solitary trees in Hérault|Category:Taken with Pentax K-5|Category:Taken with SMC Pentax-DA 18-55mm F3.5-5.6 AL WR"
362,00362.jpg,File:Rural landscape in Conques-en-Rouergue.jpg,https://commons.wikimedia.org/wiki/File:Rural_landscape_in_Conques-en-Rouergue.jpg,https://thumb.wikimedia.org/wikipedia/commons/thumb/f/f6/Rural_landscape_in_Conques-en-Rouergue.jpg/1280px-Rural_landscape_in_Conques-en-Rouergue.jpg?utm_source=commons.wikimedia.org&utm_campaign=imageinfo&utm_content=thumbnail,4727,3281,Krzysztof Golik,CC BY-SA 4.0,,unknown,Category:2018 in Aveyron|Category:CC-BY-SA-4.0|Category:Countryside in France|Category:Files with coordinates missing SDC location of creation|Category:Occitanie photographs taken on 2018-11-06|Category:Quality images|Category:Quality images missing SDC depicts|Category:Quality images of France by Tournasol7|Category:Quality images of Saint-Cyprien-sur-Dourdou|Category:Quality images of solitary trees|Category:Saint-Cyprien-sur-Dourdou|Category:Self-published work|Category:Solitary trees in France|Category:Taken with Nikon D3300|Category:Tournasol7's quality images
363,00363.jpg,File:Sv Ana.jpg,https://commons.wikimedia.org/wiki/File:Sv_Ana.jpg,https://thumb.wikimedia.org/wikipedia/commons/thumb/9/99/Sv_Ana.jpg/1280px-Sv_Ana.jpg?utm_source=commons.wikimedia.org&utm_campaign=imageinfo&utm_content=thumbnail,3888,2592,architect: unknown (late 16th / early 17th century).[1]Photo: Yerpo,CC BY-SA 3.0,,unknown,"Category:CC-BY-SA-3.0|Category:Church roofs in Slovenia|Category:Clouds and blue sky in Slovenia|Category:Clouds in Inner Carniola|Category:Featured pictures on Wikipedia, Persian|Category:Featured pictures on Wikipedia, Slovenian|Category:Files with coordinates missing SDC location of creation|Category:GFDL|Category:License migration redundant|Category:Photographs by User:Yerpo|Category:Quality images|Category:Quality images missing SDC depicts|Category:Quality images of churches in Slovenia|Category:Quality images of solitary trees|Category:Self-published work|Category:Solitary trees in Slovenia|Category:Square towers|Category:St. Anne's Church (Jezero)|Category:Taken with Canon EOS 40D|Category:Unidentified trees in Slovenia"
364,00364.jpg,File:Sv. Egidij Zrece 1.jpg,https://commons.wikimedia.org/wiki/File:Sv._Egidij_Zrece_1.jpg,https://thumb.wikimedia.org/wikipedia/commons/thumb/0/08/Sv._Egidij_Zrece_1.jpg/1280px-Sv._Egidij_Zrece_1.jpg?utm_source=commons.wikimedia.org&utm_campaign=imageinfo&utm_content=thumbnail,3888,2592,Yerpo,CC BY-SA 3.0,,unknown,Category:40 km/h speed limit road signs in Slovenia|Category:CC-BY-SA-3.0|Category:Crosses in Slovenia|Category:Cultural monuments of Slovenia with known IDs|Category:Egidij (given name)|Category:Files with coordinates missing SDC location of creation|Category:GFDL|Category:License migration redundant|Category:October 2009 Slovenia photographs|Category:Photographs by User:Yerpo|Category:Quality images|Category:Quality images by Yerpo|Category:Quality images missing SDC depicts|Category:Quality images of churches in Slovenia|Category:Quality images of crosses|Category:Quality images of solitary trees|Category:Self-published work|Category:Slate roofs in Slovenia|Category:Solitary trees in Slovenia|Category:SpomenikSVN warning|Category:St. Giles's Parish Church (Zreče)|Category:Taken with Canon EOS 40D
365,00365.jpg,"File:Sydney (AU), Royal Botanic Gardens -- 2019 -- 3081.jpg","https://commons.wikimedia.org/wiki/File:Sydney_(AU),_Royal_Botanic_Gardens_--_2019_--_3081.jpg",https://thumb.wikimedia.org/wikipedia/commons/thumb/0/03/Sydney_%28AU%29%2C_Royal_Botanic_Gardens_--_2019_--_3081.jpg/1280px-Sydney_%28AU%29%2C_Royal_Botanic_Gardens_--_2019_--_3081.jpg?utm_source=commons.wikimedia.org&utm_campaign=imageinfo&utm_content=thumbnail,6087,4058,Dietmar Rabich,CC BY-SA 4.0,,unknown,"Category:Australia photographs taken on 2019-10-25|Category:Blue sky in New South Wales|Category:Buildings with addresses|Category:CC-BY-SA-4.0|Category:Exposure time 1/30 sec|Category:F-number f/8|Category:ISO speed rating 160|Category:Images by XRay (flat list)|Category:Information field template with formatting|Category:Lens focal length 24 mm|Category:Nature of Australia in October 2019|Category:October 2019 in Sydney|Category:Ornamental trees in Australia|Category:Photographs by Dietmar Rabich/Australia|Category:Photographs by Dietmar Rabich/Quality images|Category:Photographs by Dietmar Rabich/Quality images of Australia|Category:Photographs by Dietmar Rabich/Quality images of gardens and parks|Category:Photographs by Dietmar Rabich/Quality images of trees|Category:Photographs by Dietmar Rabich/Tree photography|Category:Photographs by Dietmar Rabich/Year/2019|Category:Photographs with aspect ratio of 3:2|Category:Quality images|Category:Quality images of Sydney|Category:Quality images of botanical gardens in Australia|Category:Quality images of solitary trees|Category:Quality images of trees in Australia|Category:Recent changes of XRay's photographs by third parties|Category:Royal Botanic Gardens, Sydney|Category:Self-published work|Category:Shadows of trees in Australia|Category:Solitary trees in Australia|Category:Spring 2019 in Australia|Category:Spring in New South Wales|Category:Taken with Canon EOS 5D Mark IV and Canon EF 24-105mm F4L IS II USM|Category:Trees in Australia in October|Category:Trees in October 2019|Category:Trees in Sydney|Category:Trees in spring in Australia|Category:Unidentified trees in Australia|Category:Uploaded with LrMediaWiki"
366,00366.jpg,File:Tohogne tree.jpg,https://commons.wikimedia.org/wiki/File:Tohogne_tree.jpg,https://thumb.wikimedia.org/wikipedia/commons/thumb/d/d3/Tohogne_tree.jpg/1280px-Tohogne_tree.jpg?utm_source=commons.wikimedia.org&utm_campaign=imageinfo&utm_content=thumbnail,2848,4288,PJDespa,CC BY-SA 3.0,,unknown,"Category:2013 in Durbuy|Category:Bare trees in Belgium|Category:Belgium photographs taken on 2013-02-10|Category:CC-BY-SA-3.0|Category:Files with coordinates missing SDC location of creation (50° N, 5° E)|Category:Quality images|Category:Quality images by PJDespa|Category:Quality images of Belgium|Category:Quality images of Durbuy|Category:Quality images of snow|Category:Quality images of solitary trees|Category:Self-published work|Category:Snow in Durbuy|Category:Solitary trees in Belgium|Category:Taken with Nikon D90|Category:Tohogne|Category:Trees in Durbuy|Category:Trees in snow in Belgium|Category:Viscum album in Belgium"
367,00367.jpg,File:Tree with mistletoe in Durbuy.jpg,https://commons.wikimedia.org/wiki/File:Tree_with_mistletoe_in_Durbuy.jpg,https://thumb.wikimedia.org/wikipedia/commons/thumb/b/ba/Tree_with_mistletoe_in_Durbuy.jpg/1280px-Tree_with_mistletoe_in_Durbuy.jpg?utm_source=commons.wikimedia.org&utm_campaign=imageinfo&utm_content=thumbnail,2848,4288,Pierre-Jacques DESPA,CC BY-SA 4.0,Prunus,broadleaf,"Category:2017 in Durbuy|Category:Autumn 2017 in Belgium|Category:Belgium photographs taken on 2017-10-29|Category:CC-BY-SA-4.0|Category:Files with coordinates missing SDC location of creation (50° N, 5° E)|Category:Mistletoe|Category:Quality images|Category:Quality images by PJDespa|Category:Quality images missing SDC depicts|Category:Quality images of Durbuy|Category:Quality images of landscapes in Belgium|Category:Quality images of solitary trees|Category:Self-published work|Category:Solitary trees in Belgium|Category:Taken with Nikon D90|Category:Tohogne|Category:Trees in Durbuy|Category:Unidentified Prunus"
368,00368.jpg,"File:Villingen-Schwenningen, Schwenningen, Schwenniger Moos, Birke -- 2025 -- 8317.jpg","https://commons.wikimedia.org/wiki/File:Villingen-Schwenningen,_Schwenningen,_Schwenniger_Moos,_Birke_--_2025_--_8317.jpg",https://thumb.wikimedia.org/wikipedia/commons/thumb/e/eb/Villingen-Schwenningen%2C_Schwenningen%2C_Schwenniger_Moos%2C_Birke_--_2025_--_8317.jpg/1280px-Villingen-Schwenningen%2C_Schwenningen%2C_Schwenniger_Moos%2C_Birke_--_2025_--_8317.jpg?utm_source=commons.wikimedia.org&utm_campaign=imageinfo&utm_content=thumbnail,4173,6259,Dietmar Rabich,CC BY-SA 4.0,Betula,broadleaf,Category:Baden-Württemberg photographs taken on 2025-06-22|Category:Betula in Baden-Württemberg|Category:Betula in June|Category:Blue sky background in Baden-Württemberg|Category:Blue sky in Schwarzwald-Baar-Kreis|Category:Buildings with addresses|Category:CC-BY-SA-4.0|Category:Exposure time 1/160 sec|Category:F-number f/9|Category:ISO speed rating 100|Category:Images by XRay (flat list)|Category:Information field template with formatting|Category:Lens focal length 50 mm|Category:Naturschutzgebiet Schwenninger Moos|Category:Photographs by Dietmar Rabich/Quality images|Category:Photographs by Dietmar Rabich/Quality images of Baden-Württemberg|Category:Photographs by Dietmar Rabich/Quality images of nature reserves|Category:Photographs by Dietmar Rabich/Quality images of trees|Category:Photographs by Dietmar Rabich/Tree photography|Category:Photographs by Dietmar Rabich/Villingen-Schwenningen|Category:Photographs by Dietmar Rabich/Year/2025|Category:Photographs with aspect ratio of 2:3|Category:Protected areas with known WDPA-ID|Category:Quality images|Category:Quality images of Betula|Category:Quality images of Villingen-Schwenningen|Category:Quality images of nature reserves in Schwarzwald-Baar-Kreis|Category:Quality images of solitary trees|Category:Quality images of trees in Baden-Württemberg|Category:Self-published work|Category:Solitary trees in Baden-Württemberg|Category:Summer 2025 in Schwarzwald-Baar-Kreis|Category:Taken with Canon EOS 5D Mark IV and Canon EF 50mm F1.4 USM|Category:Trees and sky in Germany|Category:Trees in Baden-Württemberg in 2025|Category:Trees in Baden-Württemberg in June|Category:Trees in Schwarzwald-Baar-Kreis|Category:Trees in summer 2025 in Germany|Category:Trees with blue sky background|Category:Uploaded with LrMediaWiki
369,00369.jpg,File:Wandeling over het Hulshorsterzand-Hulshorsterheide 07-03-2020. (actm.) 41.jpg,https://commons.wikimedia.org/wiki/File:Wandeling_over_het_Hulshorsterzand-Hulshorsterheide_07-03-2020._(actm.)_41.jpg,https://thumb.wikimedia.org/wikipedia/commons/thumb/c/c9/Wandeling_over_het_Hulshorsterzand-Hulshorsterheide_07-03-2020._%28actm.%29_41.jpg/1280px-Wandeling_over_het_Hulshorsterzand-Hulshorsterheide_07-03-2020._%28actm.%29_41.jpg?utm_source=commons.wikimedia.org&utm_campaign=imageinfo&utm_content=thumbnail,5158,3439,Agnes Monkelbaan,CC BY-SA 4.0,Quercus,broadleaf,Category:2020 in Gelderland|Category:CC-BY-SA-4.0|Category:Hulshorsterzand|Category:Netherlands photographs taken on 2020-03-07|Category:Quality images|Category:Quality images by Agnes Monkelbaan|Category:Quality images missing SDC depicts|Category:Quality images of landscapes in the Netherlands|Category:Quality images of solitary trees|Category:Quality images of trees in Gelderland|Category:Quercus in the Netherlands|Category:Quercus in the Northern Hemisphere in March|Category:Self-published work|Category:Solitary trees in the Netherlands
370,00370.jpg,"File:""Storm Tree"" (5143597599).jpg",https://commons.wikimedia.org/wiki/File:%22Storm_Tree%22_(5143597599).jpg,https://thumb.wikimedia.org/wikipedia/commons/thumb/e/e1/%22Storm_Tree%22_%285143597599%29.jpg/1280px-%22Storm_Tree%22_%285143597599%29.jpg?utm_source=commons.wikimedia.org&utm_campaign=imageinfo&utm_content=thumbnail,1944,2592,NH53,CC BY 2.0,,unknown,Category:CC-BY-2.0|Category:Files with coordinates missing SDC location of creation|Category:Flickr images reviewed by FlickreviewR|Category:Flora of the Julian Alps|Category:Photographs by NH53|Category:Solitary trees in Slovenia|Category:Taken with Canon PowerShot S2 IS|Category:Triglav Lakes Valley|Category:Windswept trees
371,00371.jpg,"File:'t Jenneboom (abeel) te Borgloon , op het grenspunt van Mettekoven , Hoepertingen , Voort en Gotem. - 372069 - onroerenderfgoed.jpg","https://commons.wikimedia.org/wiki/File:%27t_Jenneboom_(abeel)_te_Borgloon_,_op_het_grenspunt_van_Mettekoven_,_Hoepertingen_,_Voort_en_Gotem._-_372069_-_onroerenderfgoed.jpg",https://thumb.wikimedia.org/wikipedia/commons/thumb/3/35/%27t_Jenneboom_%28abeel%29_te_Borgloon_%2C_op_het_grenspunt_van_Mettekoven_%2C_Hoepertingen_%2C_Voort_en_Gotem._-_372069_-_onroerenderfgoed.jpg/1280px-%27t_Jenneboom_%28abeel%29_te_Borgloon_%2C_op_het_grenspunt_van_Mettekoven_%2C_Hoepertingen_%2C_Voort_en_Gotem._-_372069_-_onroerenderfgoed.jpg?utm_source=commons.wikimedia.org&utm_campaign=imageinfo&utm_content=thumbnail,2464,1648,"Vandevorst, Kris",CC BY 4.0,,unknown,Category:Bare trees in Belgium|Category:Borgloon|Category:CC-BY-4.0|Category:Possible onroerend erfgoed in Borgloon|Category:Solitary trees in Belgium
372,00372.jpg,"File:'t Jenneboom (abeel) te Borgloon , op het grenspunt van Mettekoven , Hoepertingen , Voort en Gotem. - 372130 - onroerenderfgoed.jpg","https://commons.wikimedia.org/wiki/File:%27t_Jenneboom_(abeel)_te_Borgloon_,_op_het_grenspunt_van_Mettekoven_,_Hoepertingen_,_Voort_en_Gotem._-_372130_-_onroerenderfgoed.jpg",https://thumb.wikimedia.org/wikipedia/commons/thumb/a/ab/%27t_Jenneboom_%28abeel%29_te_Borgloon_%2C_op_het_grenspunt_van_Mettekoven_%2C_Hoepertingen_%2C_Voort_en_Gotem._-_372130_-_onroerenderfgoed.jpg/1280px-%27t_Jenneboom_%28abeel%29_te_Borgloon_%2C_op_het_grenspunt_van_Mettekoven_%2C_Hoepertingen_%2C_Voort_en_Gotem._-_372130_-_onroerenderfgoed.jpg?utm_source=commons.wikimedia.org&utm_campaign=imageinfo&utm_content=thumbnail,2464,1648,"Vandevorst, Kris",CC BY 4.0,,unknown,Category:Borgloon|Category:CC-BY-4.0|Category:Possible onroerend erfgoed in Borgloon|Category:Solitary trees in Belgium
373,00373.jpg,File:- panoramio (5385).jpg,https://commons.wikimedia.org/wiki/File:-_panoramio_(5385).jpg,https://thumb.wikimedia.org/wikipedia/commons/thumb/e/e8/-_panoramio_%285385%29.jpg/1280px--_panoramio_%285385%29.jpg?utm_source=commons.wikimedia.org&utm_campaign=imageinfo&utm_content=thumbnail,4608,3456,Андрей Субботин,CC BY 3.0,,unknown,Category:CC-BY-3.0|Category:Clouds and blue sky in Crimea|Category:Crimea photographs taken on 2012-05-06|Category:Files with coordinates missing SDC location of creation|Category:Images from Panoramio with bad file names|Category:Media lacking a description|Category:Nature of Simferopol Raion|Category:Panoramio files uploaded by Panoramio upload bot|Category:Panoramio images reviewed by trusted users|Category:Photos from Panoramio|Category:Solitary trees in Ukraine
374,00374.jpg,File:-i---i- (50536119256).jpg,https://commons.wikimedia.org/wiki/File:-i---i-_(50536119256).jpg,https://thumb.wikimedia.org/wikipedia/commons/thumb/d/d4/-i---i-_%2850536119256%29.jpg/1280px--i---i-_%2850536119256%29.jpg?utm_source=commons.wikimedia.org&utm_campaign=imageinfo&utm_content=thumbnail,4032,3024,"Thomas Woodtli from Zürich, Switzerland",CC BY-SA 2.0,,unknown,Category:CC-BY-SA-2.0|Category:Files from Flickr with bad file names|Category:Flickr images reviewed by FlickreviewR 2|Category:Media lacking a description|Category:Photographs by Thomas Woodtli|Category:Solitary trees in Germany|Category:Unidentified trees in Germany|Category:Uploads by Matlin with bad file names
375,00375.jpg,File:-Փառակատար S-N 02.jpg,https://commons.wikimedia.org/wiki/File:-%D5%93%D5%A1%D5%BC%D5%A1%D5%AF%D5%A1%D5%BF%D5%A1%D6%80_S-N_02.jpg,https://thumb.wikimedia.org/wikipedia/commons/thumb/b/ba/-%D5%93%D5%A1%D5%BC%D5%A1%D5%AF%D5%A1%D5%BF%D5%A1%D6%80_S-N_02.jpg/1280px--%D5%93%D5%A1%D5%BC%D5%A1%D5%AF%D5%A1%D5%BF%D5%A1%D6%80_S-N_02.jpg?utm_source=commons.wikimedia.org&utm_campaign=imageinfo&utm_content=thumbnail,4032,3024,Soghomon Matevosyan,CC BY-SA 4.0,,unknown,Category:Armenian genocide|Category:Artavan|Category:CC-BY-SA-4.0|Category:Files with coordinates missing SDC location of creation|Category:Images from Wiki Loves Earth 2020|Category:Images from Wiki Loves Earth 2020 in Armenia|Category:Images from Wiki Loves Earth missing SDC depicts|Category:Images from Wiki Loves Earth missing SDC location of creation|Category:Natural heritage sites in Armenia with known IDs|Category:Nature of Armenia (uncategorized files of Wiki Loves Earth 2020)|Category:Self-published work|Category:Solitary trees in Armenia|Category:Unidentified trees in Armenia|Category:Uploaded via Campaign:wle-am|Category:Vayots Dzor Province
376,00376.jpg,File:-Փառակատար S-N 04.jpg,https://commons.wikimedia.org/wiki/File:-%D5%93%D5%A1%D5%BC%D5%A1%D5%AF%D5%A1%D5%BF%D5%A1%D6%80_S-N_04.jpg,https://thumb.wikimedia.org/wikipedia/commons/thumb/c/c6/-%D5%93%D5%A1%D5%BC%D5%A1%D5%AF%D5%A1%D5%BF%D5%A1%D6%80_S-N_04.jpg/1280px--%D5%93%D5%A1%D5%BC%D5%A1%D5%AF%D5%A1%D5%BF%D5%A1%D6%80_S-N_04.jpg?utm_source=commons.wikimedia.org&utm_campaign=imageinfo&utm_content=thumbnail,4032,3024,Soghomon Matevosyan,CC BY-SA 4.0,,unknown,Category:Armenian genocide|Category:Artavan|Category:CC-BY-SA-4.0|Category:Files with coordinates missing SDC location of creation|Category:Images from Wiki Loves Earth 2020|Category:Images from Wiki Loves Earth 2020 in Armenia|Category:Images from Wiki Loves Earth missing SDC depicts|Category:Images from Wiki Loves Earth missing SDC location of creation|Category:Natural heritage sites in Armenia with known IDs|Category:Nature of Armenia (uncategorized files of Wiki Loves Earth 2020)|Category:Self-published work|Category:Solitary trees in Armenia|Category:Unidentified trees in Armenia|Category:Uploaded via Campaign:wle-am|Category:Vayots Dzor Province
377,00377.jpg,File:01 Valladolid calle del Pozo by lou.jpg,https://commons.wikimedia.org/wiki/File:01_Valladolid_calle_del_Pozo_by_lou.jpg,https://thumb.wikimedia.org/wikipedia/commons/thumb/7/73/01_Valladolid_calle_del_Pozo_by_lou.jpg/1280px-01_Valladolid_calle_del_Pozo_by_lou.jpg?utm_source=commons.wikimedia.org&utm_campaign=imageinfo&utm_content=thumbnail,2304,1536,Lourdes Cardenal,CC BY-SA 4.0,,unknown,"Category:2004 in Valladolid|Category:Buildings in Valladolid|Category:CC-BY-SA-4.0|Category:Calle del Pozo, Valladolid|Category:February 2004 in the province of Valladolid|Category:Self-published work|Category:Solitary trees in Spain|Category:Spain photographs taken on 2004-02-09"
378,00378.jpg,File:01a Valladolid Plaza de Carranza by Lou.jpg,https://commons.wikimedia.org/wiki/File:01a_Valladolid_Plaza_de_Carranza_by_Lou.jpg,https://thumb.wikimedia.org/wikipedia/commons/thumb/6/64/01a_Valladolid_Plaza_de_Carranza_by_Lou.jpg/1280px-01a_Valladolid_Plaza_de_Carranza_by_Lou.jpg?utm_source=commons.wikimedia.org&utm_campaign=imageinfo&utm_content=thumbnail,2304,1536,Lourdes Cardenal,CC BY-SA 4.0,,unknown,"Category:2004 in Valladolid|Category:Buildings in Valladolid|Category:CC-BY-SA-4.0|Category:February 2004 in the province of Valladolid|Category:Plaza de Carranza, Valladolid|Category:Self-published work|Category:Solitary trees in Spain|Category:Spain photographs taken on 2004-02-05|Category:Yellow houses in Spain"
379,00379.jpg,File:1 Drvo 06241.jpg,https://commons.wikimedia.org/wiki/File:1_Drvo_06241.jpg,https://upload.wikimedia.org/wikipedia/commons/2/22/1_Drvo_06241.jpg?utm_source=commons.wikimedia.org&utm_campaign=imageinfo&utm_content=thumbnail_unscaled,1082,720,Olja Simović,CC BY-SA 4.0,,unknown,Category:CC-BY-SA-4.0|Category:Self-published work|Category:Solitary trees in Serbia|Category:Рашка у долини векова
380,00380.jpg,File:1-Veguillas-paisajeUrbano (2017)0063.jpg,https://commons.wikimedia.org/wiki/File:1-Veguillas-paisajeUrbano_(2017)0063.jpg,https://thumb.wikimedia.org/wikipedia/commons/thumb/6/69/1-Veguillas-paisajeUrbano_%282017%290063.jpg/1280px-1-Veguillas-paisajeUrbano_%282017%290063.jpg?utm_source=commons.wikimedia.org&utm_campaign=imageinfo&utm_content=thumbnail,4512,3000,Alfredo SÁNCHEZ GARZÓN,CC BY-SA 4.0,,unknown,Category:CC-BY-SA-4.0|Category:Self-published work|Category:Solitary trees in Spain|Category:Trees in 2017|Category:Trees in the province of Teruel|Category:Veguillas de la Sierra
381,00381.jpg,File:102 Chyňava hospoda a koloniál SZ u křižovatky.jpg,https://commons.wikimedia.org/wiki/File:102_Chy%C5%88ava_hospoda_a_koloni%C3%A1l_SZ_u_k%C5%99i%C5%BEovatky.jpg,https://thumb.wikimedia.org/wikipedia/commons/thumb/7/7b/102_Chy%C5%88ava_hospoda_a_koloni%C3%A1l_SZ_u_k%C5%99i%C5%BEovatky.jpg/1280px-102_Chy%C5%88ava_hospoda_a_koloni%C3%A1l_SZ_u_k%C5%99i%C5%BEovatky.jpg?utm_source=commons.wikimedia.org&utm_campaign=imageinfo&utm_content=thumbnail,5184,3456,Janmanak,CC BY-SA 4.0,,unknown,Category:2016 in Bohemia|Category:Benches of The Chyňava Czech-Italian Friendship Trail|Category:CC-BY-SA-4.0|Category:Cylinder sheet metal containers for mixed waste in Beroun District|Category:Czech Republic photographs taken on 2016-04-05|Category:Files with coordinates missing SDC location of creation|Category:Koloniál Chyňava|Category:Orange post boxes in the Czech Republic|Category:Pub U Lepičů (Chyňava)|Category:Public waste baskets in Beroun District|Category:Reliefs in Beroun District|Category:Self-published work|Category:Solitary trees in the Czech Republic|Category:Street lights in Chyňava|Category:Trees in Chyňava
382,00382.jpg,File:1300 yıl - panoramio.jpg,https://commons.wikimedia.org/wiki/File:1300_y%C4%B1l_-_panoramio.jpg,https://upload.wikimedia.org/wikipedia/commons/a/af/1300_y%C4%B1l_-_panoramio.jpg?utm_source=commons.wikimedia.org&utm_campaign=imageinfo&utm_content=thumbnail_unscaled,1024,1311,Yılmaz Kilim,CC BY 3.0,Olea,broadleaf,"Category:CC-BY-3.0|Category:Files with coordinates missing SDC location of creation|Category:Haydarköy, Mut|Category:Images from Panoramio with bad file names|Category:Nature of Mersin Province|Category:Olea europaea in Turkey|Category:Panoramio files uploaded by Panoramio upload bot|Category:Panoramio images reviewed by trusted users|Category:Photos from Panoramio|Category:Solitary trees in Turkey"
383,00383.jpg,File:1st Arang Keil (Kashmir Pakistan) 07.jpg,https://commons.wikimedia.org/wiki/File:1st_Arang_Keil_(Kashmir_Pakistan)_07.jpg,https://thumb.wikimedia.org/wikipedia/commons/thumb/e/ef/1st_Arang_Keil_%28Kashmir_Pakistan%29_07.jpg/1280px-1st_Arang_Keil_%28Kashmir_Pakistan%29_07.jpg?utm_source=commons.wikimedia.org&utm_campaign=imageinfo&utm_content=thumbnail,2000,2864,Afzaal Shafi,CC BY-SA 3.0,,unknown,Category:Arang Kel|Category:CC-BY-SA-3.0|Category:Images from Wiki Loves Earth 2015|Category:Images from Wiki Loves Earth 2015 in Pakistan|Category:Images from Wiki Loves Earth missing SDC depicts|Category:Images from Wiki Loves Earth missing SDC location of creation|Category:Pakistan photographs taken on 2013-05-28|Category:Self-published work|Category:Solitary trees in Pakistan|Category:Uploaded via Campaign:wle-pk
384,00384.jpg,File:2007-12-24 14-38-56 Switzerland Schaffhausen Dörflingen.JPG,https://commons.wikimedia.org/wiki/File:2007-12-24_14-38-56_Switzerland_Schaffhausen_D%C3%B6rflingen.JPG,https://thumb.wikimedia.org/wikipedia/commons/thumb/d/d7/2007-12-24_14-38-56_Switzerland_Schaffhausen_D%C3%B6rflingen.JPG/1280px-2007-12-24_14-38-56_Switzerland_Schaffhausen_D%C3%B6rflingen.JPG?utm_source=commons.wikimedia.org&utm_campaign=imageinfo&utm_content=thumbnail,2048,1536,Hansueli Krapf  This   file was uploaded  with Commonist.,CC BY-SA 3.0,,unknown,Category:CC-BY-SA-3.0|Category:Files by User:simisa|Category:Files with coordinates missing SDC location of creation|Category:Frost on trees in Switzerland|Category:Self-published work|Category:Solitary trees in Switzerland|Category:Taken with Nikon Coolpix 8800|Category:Trees in Dörflingen|Category:Trees in the canton of Schaffhausen in winter|Category:Uploaded with Commonist|Category:Vineyards in Dörflingen|Category:Winter 2007-2008 in Switzerland|Category:Winter in Dörflingen
385,00385.jpg,File:2008 February - Trip to Castle Gight (4001016172).jpg,https://commons.wikimedia.org/wiki/File:2008_February_-_Trip_to_Castle_Gight_(4001016172).jpg,https://thumb.wikimedia.org/wikipedia/commons/thumb/e/ee/2008_February_-_Trip_to_Castle_Gight_%284001016172%29.jpg/1280px-2008_February_-_Trip_to_Castle_Gight_%284001016172%29.jpg?utm_source=commons.wikimedia.org&utm_campaign=imageinfo&utm_content=thumbnail,1704,2272,marsupium photography,CC BY-SA 2.0,,unknown,Category:CC-BY-SA-2.0|Category:Flickr images reviewed by FlickreviewR|Category:Photographs by Magnus Hagdorn|Category:Photos uploaded from Flickr by Fæ using a script|Category:Solitary trees in the United Kingdom
386,00386.jpg,File:2008-06-27 10-10-42 Namibia Khomas Schlesien.JPG,https://commons.wikimedia.org/wiki/File:2008-06-27_10-10-42_Namibia_Khomas_Schlesien.JPG,https://thumb.wikimedia.org/wikipedia/commons/thumb/a/ac/2008-06-27_10-10-42_Namibia_Khomas_Schlesien.JPG/1280px-2008-06-27_10-10-42_Namibia_Khomas_Schlesien.JPG?utm_source=commons.wikimedia.org&utm_campaign=imageinfo&utm_content=thumbnail,2048,1536,Hansueli Krapf  This   file was uploaded  with Commonist.,CC BY-SA 3.0,,unknown,Category:C26 (road)|Category:CC-BY-SA-3.0|Category:Files by User:simisa|Category:Files with coordinates missing SDC location of creation|Category:Philetairus socius nests of Namibia|Category:Self-published work|Category:Solitary trees in Namibia|Category:Taken with Nikon Coolpix 8800|Category:Uploaded with Commonist
387,00387.jpg,File:2008-06-27 11-05-42 Namibia Khomas Oase.JPG,https://commons.wikimedia.org/wiki/File:2008-06-27_11-05-42_Namibia_Khomas_Oase.JPG,https://thumb.wikimedia.org/wikipedia/commons/thumb/4/4e/2008-06-27_11-05-42_Namibia_Khomas_Oase.JPG/1280px-2008-06-27_11-05-42_Namibia_Khomas_Oase.JPG?utm_source=commons.wikimedia.org&utm_campaign=imageinfo&utm_content=thumbnail,1985,1489,Hansueli Krapf  This   file was uploaded  with Commonist.,CC BY-SA 3.0,,unknown,Category:Aloidendron dichotomum|Category:Aloidendron in Namibia|Category:Asphodelaceae in the Southern Hemisphere in June|Category:C14 (road in Namibia)|Category:CC-BY-SA-3.0|Category:Files by User:simisa|Category:Files with coordinates missing SDC location of creation|Category:Namibia photographs taken on 2008-06-27|Category:Self-published work|Category:Solitary trees in Namibia|Category:Taken with Nikon Coolpix 8800|Category:Uploaded with Commonist
388,00388.jpg,File:2008-06-27 11-08-26 Namibia Khomas Oase.JPG,https://commons.wikimedia.org/wiki/File:2008-06-27_11-08-26_Namibia_Khomas_Oase.JPG,https://thumb.wikimedia.org/wikipedia/commons/thumb/8/80/2008-06-27_11-08-26_Namibia_Khomas_Oase.JPG/1280px-2008-06-27_11-08-26_Namibia_Khomas_Oase.JPG?utm_source=commons.wikimedia.org&utm_campaign=imageinfo&utm_content=thumbnail,1536,2048,Hansueli Krapf  This   file was uploaded  with Commonist.,CC BY-SA 3.0,,unknown,Category:Aloidendron dichotomum|Category:Aloidendron in Namibia|Category:Asphodelaceae in the Southern Hemisphere in June|Category:C14 (road in Namibia)|Category:CC-BY-SA-3.0|Category:Files by User:simisa|Category:Files with coordinates missing SDC location of creation|Category:Self-published work|Category:Solitary trees in Namibia|Category:Taken with Nikon Coolpix 8800|Category:Uploaded with Commonist
389,00389.jpg,File:2010-09-25 08-35-07 Namibia Khomas Göllschau.jpg,https://commons.wikimedia.org/wiki/File:2010-09-25_08-35-07_Namibia_Khomas_G%C3%B6llschau.jpg,https://thumb.wikimedia.org/wikipedia/commons/thumb/4/4d/2010-09-25_08-35-07_Namibia_Khomas_G%C3%B6llschau.jpg/1280px-2010-09-25_08-35-07_Namibia_Khomas_G%C3%B6llschau.jpg?utm_source=commons.wikimedia.org&utm_campaign=imageinfo&utm_content=thumbnail,4145,2753,Hansueli Krapf,CC BY-SA 3.0,,unknown,Category:C26 (road)|Category:CC-BY-SA-3.0|Category:Files by User:simisa|Category:Files with coordinates missing SDC location of creation|Category:Landscapes of Namibia|Category:Philetairus socius nests of Namibia|Category:Solitary trees in Namibia|Category:Taken with Nikon D90|Category:Uploaded with Commonist
390,00390.jpg,File:2010-09-26 10-05-12 Namibia Hardap Hammerstein.JPG,https://commons.wikimedia.org/wiki/File:2010-09-26_10-05-12_Namibia_Hardap_Hammerstein.JPG,https://thumb.wikimedia.org/wikipedia/commons/thumb/e/e0/2010-09-26_10-05-12_Namibia_Hardap_Hammerstein.JPG/1280px-2010-09-26_10-05-12_Namibia_Hardap_Hammerstein.JPG?utm_source=commons.wikimedia.org&utm_campaign=imageinfo&utm_content=thumbnail,4288,2848,Hansueli Krapf  This   file was uploaded  with Commonist.,CC BY-SA 3.0,,unknown,Category:CC-BY-SA-3.0|Category:Files by User:simisa|Category:Files with coordinates missing SDC location of creation|Category:Self-published work|Category:Solitary trees in Namibia|Category:Sossusvlei|Category:Taken with Nikon D90|Category:Uploaded with Commonist
391,00391.jpg,File:2012-04 Gmina Głogówek 01.jpg,https://commons.wikimedia.org/wiki/File:2012-04_Gmina_G%C5%82og%C3%B3wek_01.jpg,https://thumb.wikimedia.org/wikipedia/commons/thumb/c/cd/2012-04_Gmina_G%C5%82og%C3%B3wek_01.jpg/1280px-2012-04_Gmina_G%C5%82og%C3%B3wek_01.jpg?utm_source=commons.wikimedia.org&utm_campaign=imageinfo&utm_content=thumbnail,1547,2222,Ralf Lotys (Sicherlich),CC BY 3.0,Prunus,broadleaf,Category:CC-BY-3.0|Category:Files by Sicherlich|Category:Files with coordinates missing SDC location of creation|Category:Gmina Głogówek|Category:Solitary trees in Poland|Category:Taken with Canon EOS 600D|Category:Trees in flower|Category:Unidentified Prunus|Category:Wayside crosses in Opole Voivodeship
392,00392.jpg,File:2012-04 Mokre 05.jpg,https://commons.wikimedia.org/wiki/File:2012-04_Mokre_05.jpg,https://thumb.wikimedia.org/wikipedia/commons/thumb/8/8a/2012-04_Mokre_05.jpg/1280px-2012-04_Mokre_05.jpg?utm_source=commons.wikimedia.org&utm_campaign=imageinfo&utm_content=thumbnail,1488,2222,Ralf Lotys (Sicherlich),CC BY 3.0,,unknown,Category:CC-BY-3.0|Category:Files by Sicherlich/Poland|Category:Files with coordinates missing SDC location of creation|Category:Mokre (województwo opolskie)|Category:Solitary trees in Poland|Category:Taken with Canon EOS 600D
393,00393.jpg,File:2012-04-28 15-31-02 Switzerland Kanton Schaffhausen Buch.JPG,https://commons.wikimedia.org/wiki/File:2012-04-28_15-31-02_Switzerland_Kanton_Schaffhausen_Buch.JPG,https://thumb.wikimedia.org/wikipedia/commons/thumb/f/f8/2012-04-28_15-31-02_Switzerland_Kanton_Schaffhausen_Buch.JPG/1280px-2012-04-28_15-31-02_Switzerland_Kanton_Schaffhausen_Buch.JPG?utm_source=commons.wikimedia.org&utm_campaign=imageinfo&utm_content=thumbnail,3012,2001,Hansueli Krapf  This   file was uploaded  with Commonist.,CC BY-SA 3.0,,unknown,Category:Biber (Rhein)|Category:Buch SH|Category:CC-BY-SA-3.0|Category:Files by User:simisa|Category:Files with coordinates missing SDC location of creation|Category:Self-published work|Category:Solitary trees in Switzerland|Category:Taken with Nikon D90|Category:Uploaded with Commonist
394,00394.jpg,File:2012-04-28 16-04-22 Switzerland Kanton Schaffhausen Buch.JPG,https://commons.wikimedia.org/wiki/File:2012-04-28_16-04-22_Switzerland_Kanton_Schaffhausen_Buch.JPG,https://thumb.wikimedia.org/wikipedia/commons/thumb/5/5a/2012-04-28_16-04-22_Switzerland_Kanton_Schaffhausen_Buch.JPG/1280px-2012-04-28_16-04-22_Switzerland_Kanton_Schaffhausen_Buch.JPG?utm_source=commons.wikimedia.org&utm_campaign=imageinfo&utm_content=thumbnail,3012,2001,Hansueli Krapf  This   file was uploaded  with Commonist.,CC BY-SA 3.0,,unknown,Category:Buch SH|Category:CC-BY-SA-3.0|Category:Files by User:simisa|Category:Files with coordinates missing SDC location of creation|Category:Self-published work|Category:Solitary trees in Switzerland|Category:Taken with Nikon D90|Category:Uploaded with Commonist
395,00395.jpg,File:2012-05 Strumiany 02.jpg,https://commons.wikimedia.org/wiki/File:2012-05_Strumiany_02.jpg,https://thumb.wikimedia.org/wikipedia/commons/thumb/1/11/2012-05_Strumiany_02.jpg/1280px-2012-05_Strumiany_02.jpg?utm_source=commons.wikimedia.org&utm_campaign=imageinfo&utm_content=thumbnail,3297,4946,Ralf Lotys (Sicherlich),CC BY 4.0,,unknown,Category:CC-BY-4.0|Category:Files by Sicherlich/Poland|Category:Files with coordinates missing SDC location of creation|Category:Solitary trees in Poland|Category:Strumiany (województwo małopolskie)|Category:Taken with Canon EOS 600D
396,00396.jpg,File:2013-10-19 11-56-20 Switzerland Kanton Schaffhausen Dörflingen Neudörflingen.JPG,https://commons.wikimedia.org/wiki/File:2013-10-19_11-56-20_Switzerland_Kanton_Schaffhausen_D%C3%B6rflingen_Neud%C3%B6rflingen.JPG,https://thumb.wikimedia.org/wikipedia/commons/thumb/b/bf/2013-10-19_11-56-20_Switzerland_Kanton_Schaffhausen_D%C3%B6rflingen_Neud%C3%B6rflingen.JPG/1280px-2013-10-19_11-56-20_Switzerland_Kanton_Schaffhausen_D%C3%B6rflingen_Neud%C3%B6rflingen.JPG?utm_source=commons.wikimedia.org&utm_campaign=imageinfo&utm_content=thumbnail,2776,4182,Hansueli Krapf  This   file was uploaded  with Commonist.,CC BY-SA 3.0,,unknown,Category:CC-BY-SA-3.0|Category:Files by User:simisa|Category:Files with coordinates missing SDC location of creation|Category:October 2013 in the canton of Schaffhausen|Category:Self-published work|Category:Solitary trees in Switzerland|Category:Switzerland photographs taken on 2013-10-19|Category:Trees in Dörflingen|Category:Uploaded with Commonist
397,00397.jpg,File:2014 Приморский район - panoramio.jpg,https://commons.wikimedia.org/wiki/File:2014_%D0%9F%D1%80%D0%B8%D0%BC%D0%BE%D1%80%D1%81%D0%BA%D0%B8%D0%B9_%D1%80%D0%B0%D0%B9%D0%BE%D0%BD_-_panoramio.jpg,https://upload.wikimedia.org/wikipedia/commons/d/d1/2014_%D0%9F%D1%80%D0%B8%D0%BC%D0%BE%D1%80%D1%81%D0%BA%D0%B8%D0%B9_%D1%80%D0%B0%D0%B9%D0%BE%D0%BD_-_panoramio.jpg?utm_source=commons.wikimedia.org&utm_campaign=imageinfo&utm_content=thumbnail_unscaled,1280,926,Валерий Дед,CC BY 3.0,,unknown,Category:CC-BY-3.0|Category:Clouds and blue sky in Donetsk Oblast|Category:Fields in Donetsk Oblast|Category:Files with coordinates missing SDC location of creation|Category:June 2014 in Donetsk Oblast|Category:Nature of Prymorsk Raion|Category:Panoramio files uploaded by Panoramio upload bot|Category:Panoramio images reviewed by trusted users|Category:Photos from Panoramio|Category:Photos from Panoramio ID 2333416|Category:Solitary trees in Ukraine|Category:Ukraine photographs taken on 2014-06-15
398,00398.jpg,File:2014-04-17 Boomtuin Diepenheim Jeroen Kooijmans.jpg,https://commons.wikimedia.org/wiki/File:2014-04-17_Boomtuin_Diepenheim_Jeroen_Kooijmans.jpg,https://thumb.wikimedia.org/wikipedia/commons/thumb/4/45/2014-04-17_Boomtuin_Diepenheim_Jeroen_Kooijmans.jpg/1280px-2014-04-17_Boomtuin_Diepenheim_Jeroen_Kooijmans.jpg?utm_source=commons.wikimedia.org&utm_campaign=imageinfo&utm_content=thumbnail,2992,2992,Jürgen Eissink,CC BY-SA 4.0,Quercus,broadleaf,"Category:2014 in Hof van Twente|Category:CC-BY-SA-4.0|Category:Files with coordinates missing SDC location of creation (52° N, 6° E)|Category:Netherlands photographs taken on 2014-04-17|Category:Photographs by User:Eissink|Category:Quercus in the Netherlands|Category:Self-published work|Category:Solitary trees in the Netherlands|Category:The Non Urban Garden|Category:Trees in Hof van Twente|Category:Trees in the Netherlands in April"
399,00399.jpg,"File:2016 Voerendaal, Kasteel Puth 01.jpg","https://commons.wikimedia.org/wiki/File:2016_Voerendaal,_Kasteel_Puth_01.jpg",https://thumb.wikimedia.org/wikipedia/commons/thumb/1/19/2016_Voerendaal%2C_Kasteel_Puth_01.jpg/1280px-2016_Voerendaal%2C_Kasteel_Puth_01.jpg?utm_source=commons.wikimedia.org&utm_campaign=imageinfo&utm_content=thumbnail,2600,1671,Kleon3,CC BY-SA 4.0,Platanus,broadleaf,"Category:Bake houses in Limburg (Netherlands)|Category:CC-BY-SA-4.0|Category:Files with coordinates missing SDC location of creation (50° N, 5° E)|Category:Nature of Voerendaal|Category:Netherlands photographs taken on 2016-10-26|Category:Platanus × hispanica in the Netherlands|Category:Puth Castle|Category:Self-published work|Category:Solitary trees in the Netherlands"
400,00400.jpg,"File:2016 Voerendaal, Kasteel Puth 02.jpg","https://commons.wikimedia.org/wiki/File:2016_Voerendaal,_Kasteel_Puth_02.jpg",https://thumb.wikimedia.org/wikipedia/commons/thumb/5/58/2016_Voerendaal%2C_Kasteel_Puth_02.jpg/1280px-2016_Voerendaal%2C_Kasteel_Puth_02.jpg?utm_source=commons.wikimedia.org&utm_campaign=imageinfo&utm_content=thumbnail,2600,1950,Kleon3,CC BY-SA 4.0,Platanus,broadleaf,"Category:CC-BY-SA-4.0|Category:Files with coordinates missing SDC location of creation (50° N, 5° E)|Category:Nature of Voerendaal|Category:Netherlands photographs taken on 2016-10-26|Category:Platanus × hispanica in the Netherlands|Category:Puth Castle|Category:Self-published work|Category:Solitary trees in the Netherlands"
401,00401.jpg,"File:2016 Voerendaal, Kasteel Puth 03.jpg","https://commons.wikimedia.org/wiki/File:2016_Voerendaal,_Kasteel_Puth_03.jpg",https://thumb.wikimedia.org/wikipedia/commons/thumb/5/50/2016_Voerendaal%2C_Kasteel_Puth_03.jpg/1280px-2016_Voerendaal%2C_Kasteel_Puth_03.jpg?utm_source=commons.wikimedia.org&utm_campaign=imageinfo&utm_content=thumbnail,2600,1950,Kleon3,CC BY-SA 4.0,Platanus,broadleaf,"Category:CC-BY-SA-4.0|Category:Files with coordinates missing SDC location of creation (50° N, 5° E)|Category:Nature of Voerendaal|Category:Netherlands photographs taken on 2016-10-26|Category:Platanus × hispanica in the Netherlands|Category:Puth Castle|Category:Self-published work|Category:Solitary trees in the Netherlands"
402,00402.jpg,File:2019-07-03 Eik in Kerspel Goor.jpg,https://commons.wikimedia.org/wiki/File:2019-07-03_Eik_in_Kerspel_Goor.jpg,https://thumb.wikimedia.org/wikipedia/commons/thumb/2/27/2019-07-03_Eik_in_Kerspel_Goor.jpg/1280px-2019-07-03_Eik_in_Kerspel_Goor.jpg?utm_source=commons.wikimedia.org&utm_campaign=imageinfo&utm_content=thumbnail,4000,2664,Jürgen Eissink,CC BY-SA 4.0,Quercus,broadleaf,"Category:2019 in Hof van Twente|Category:CC-BY-SA-4.0|Category:Files with coordinates missing SDC location of creation (52° N, 6° E)|Category:Kerspel Goor|Category:Netherlands photographs taken on 2019-07-03|Category:Photographs by User:Eissink|Category:Quercus in the Netherlands|Category:Self-published work|Category:Solitary trees in the Netherlands|Category:Trees in Hof van Twente|Category:Trees in the Netherlands in July"
403,00403.jpg,File:2019-08-18 Boerderij Raadhuisstraat 26 Diepenheim.jpg,https://commons.wikimedia.org/wiki/File:2019-08-18_Boerderij_Raadhuisstraat_26_Diepenheim.jpg,https://thumb.wikimedia.org/wikipedia/commons/thumb/5/54/2019-08-18_Boerderij_Raadhuisstraat_26_Diepenheim.jpg/1280px-2019-08-18_Boerderij_Raadhuisstraat_26_Diepenheim.jpg?utm_source=commons.wikimedia.org&utm_campaign=imageinfo&utm_content=thumbnail,3000,4000,Eissink,CC BY-SA 4.0,,unknown,"Category:2019 in Hof van Twente|Category:CC-BY-SA-4.0|Category:Files with coordinates missing SDC location of creation (52° N, 6° E)|Category:Gemeentelijke monumenten in Diepenheim|Category:Netherlands photographs taken on 2019-08-18|Category:Photographs by User:Eissink|Category:Self-published work|Category:Solitary trees in the Netherlands|Category:Trees in Hof van Twente|Category:Trees in the Netherlands in August"
404,00404.jpg,File:2020 Nebory památný strom.jpg,https://commons.wikimedia.org/wiki/File:2020_Nebory_pam%C3%A1tn%C3%BD_strom.jpg,https://thumb.wikimedia.org/wikipedia/commons/thumb/d/d0/2020_Nebory_pam%C3%A1tn%C3%BD_strom.jpg/1280px-2020_Nebory_pam%C3%A1tn%C3%BD_strom.jpg?utm_source=commons.wikimedia.org&utm_campaign=imageinfo&utm_content=thumbnail,2686,2015,Qasinka,CC0,Quercus,broadleaf,Category:CC-Zero|Category:Famous Quercus robur in Frýdek-Místek District|Category:Files with coordinates missing SDC location of creation|Category:Nature of Třinec|Category:Nebory|Category:Self-published work|Category:Solitary trees in the Czech Republic|Category:Spring in the Czech Republic
405,00405.jpg,File:2020-08-27 — Eik in weide achter Warmelo.jpg,https://commons.wikimedia.org/wiki/File:2020-08-27_%E2%80%94_Eik_in_weide_achter_Warmelo.jpg,https://thumb.wikimedia.org/wikipedia/commons/thumb/5/56/2020-08-27_%E2%80%94_Eik_in_weide_achter_Warmelo.jpg/1280px-2020-08-27_%E2%80%94_Eik_in_weide_achter_Warmelo.jpg?utm_source=commons.wikimedia.org&utm_campaign=imageinfo&utm_content=thumbnail,3000,4000,Eissink,CC BY-SA 4.0,Quercus,broadleaf,Category:2020 in Hof van Twente|Category:CC-BY-SA-4.0|Category:Netherlands photographs taken on 2020-08-27|Category:Photographs by User:Eissink|Category:Quercus in the Netherlands|Category:Self-published work|Category:Solitary trees in the Netherlands|Category:Trees in Hof van Twente|Category:Trees in the Netherlands in August|Category:Warmelo garden and park
406,00406.jpg,"File:39040 Montan, Province of Bolzano - South Tyrol, Italy - panoramio.jpg","https://commons.wikimedia.org/wiki/File:39040_Montan,_Province_of_Bolzano_-_South_Tyrol,_Italy_-_panoramio.jpg",https://upload.wikimedia.org/wikipedia/commons/2/29/39040_Montan%2C_Province_of_Bolzano_-_South_Tyrol%2C_Italy_-_panoramio.jpg?utm_source=commons.wikimedia.org&utm_campaign=imageinfo&utm_content=thumbnail_unscaled,1200,1600,Alessandro Gigliotti,CC BY 3.0,,unknown,Category:CC-BY-3.0|Category:Castelfeder|Category:Files with coordinates missing SDC location of creation|Category:Italy photographs taken on 2009-05-08|Category:May 2009 in Trentino-South Tyrol|Category:Panoramio files uploaded by Panoramio upload bot|Category:Panoramio images reviewed by trusted users|Category:Photos from Panoramio|Category:Photos from Panoramio ID 2007983|Category:Solitary trees in Italy|Category:Trees in Italy in May|Category:Trees in South Tyrol|Category:Unidentified trees in Italy
407,00407.jpg,File:46-227-0057 Krekhiv Monastery RB.jpg,https://commons.wikimedia.org/wiki/File:46-227-0057_Krekhiv_Monastery_RB.jpg,https://thumb.wikimedia.org/wikipedia/commons/thumb/9/96/46-227-0057_Krekhiv_Monastery_RB.jpg/1280px-46-227-0057_Krekhiv_Monastery_RB.jpg?utm_source=commons.wikimedia.org&utm_campaign=imageinfo&utm_content=thumbnail,2233,3000,Rbrechko,CC BY-SA 4.0,,unknown,"Category:CC-BY-SA-4.0|Category:Churches in Ukraine photographed in 2009|Category:Cultural heritage monuments in Ukraine missing SDC depicts|Category:Cultural heritage monuments in Ukraine missing SDC location of creation|Category:Cultural heritage monuments in Ukraine with known IDs|Category:February 2009 in Lviv Oblast|Category:Images from Wiki Loves Monuments 2016|Category:Images from Wiki Loves Monuments 2016 in Ukraine|Category:Images from Wiki Loves Monuments missing SDC depicts|Category:Images from Wiki Loves Monuments missing SDC location of creation|Category:Saint Nicholas church, Krekhiv|Category:Self-published work|Category:Snow in Lviv Oblast|Category:Solitary trees in Ukraine|Category:Taken with Nikon D80|Category:Ukraine photographs taken on 2009-02-28|Category:Uploaded via Campaign:wlm-ua"
408,00408.jpg,File:49. Hacia el encinar (12797605044).jpg,https://commons.wikimedia.org/wiki/File:49._Hacia_el_encinar_(12797605044).jpg,https://upload.wikimedia.org/wikipedia/commons/5/50/49._Hacia_el_encinar_%2812797605044%29.jpg?utm_source=commons.wikimedia.org&utm_campaign=imageinfo&utm_content=thumbnail_unscaled,1024,768,Por los caminos de Málaga,CC BY 2.0,Quercus,broadleaf,Category:CC-BY-2.0|Category:Flickr images reviewed by FlickreviewR|Category:Quercus ilex (habitat)|Category:Sierra de Alhama|Category:Solitary trees in Spain
409,00409.jpg,File:6. Мукачеве (Каплиця Святого Мартина.jpg,https://commons.wikimedia.org/wiki/File:6._%D0%9C%D1%83%D0%BA%D0%B0%D1%87%D0%B5%D0%B2%D0%B5_(%D0%9A%D0%B0%D0%BF%D0%BB%D0%B8%D1%86%D1%8F_%D0%A1%D0%B2%D1%8F%D1%82%D0%BE%D0%B3%D0%BE_%D0%9C%D0%B0%D1%80%D1%82%D0%B8%D0%BD%D0%B0.jpg,https://thumb.wikimedia.org/wikipedia/commons/thumb/9/97/6._%D0%9C%D1%83%D0%BA%D0%B0%D1%87%D0%B5%D0%B2%D0%B5_%28%D0%9A%D0%B0%D0%BF%D0%BB%D0%B8%D1%86%D1%8F_%D0%A1%D0%B2%D1%8F%D1%82%D0%BE%D0%B3%D0%BE_%D0%9C%D0%B0%D1%80%D1%82%D0%B8%D0%BD%D0%B0.jpg/1280px-6._%D0%9C%D1%83%D0%BA%D0%B0%D1%87%D0%B5%D0%B2%D0%B5_%28%D0%9A%D0%B0%D0%BF%D0%BB%D0%B8%D1%86%D1%8F_%D0%A1%D0%B2%D1%8F%D1%82%D0%BE%D0%B3%D0%BE_%D0%9C%D0%B0%D1%80%D1%82%D0%B8%D0%BD%D0%B0.jpg?utm_source=commons.wikimedia.org&utm_campaign=imageinfo&utm_content=thumbnail,3000,4000,Neovitaha777,CC BY-SA 4.0,,unknown,"Category:CC-BY-SA-4.0|Category:Churches in Ukraine photographed in 2015|Category:Cultural heritage monuments in Ukraine missing SDC depicts|Category:Cultural heritage monuments in Ukraine missing SDC location of creation|Category:Cultural heritage monuments in Ukraine with known IDs|Category:Files with coordinates missing SDC location of creation|Category:Images from Wiki Loves Monuments 2016|Category:Images from Wiki Loves Monuments 2016 in Ukraine|Category:Images from Wiki Loves Monuments missing SDC depicts|Category:Images from Wiki Loves Monuments missing SDC location of creation|Category:Saint Joseph chapel, Mukachevo|Category:Self-published work|Category:Solitary trees in Ukraine|Category:Ukraine photographs taken on 2015-10-08|Category:Uploaded via Campaign:wlm-ua|Category:Wrought iron in Mukachevo"
410,00410.jpg,File:A Coconut Tree.jpg,https://commons.wikimedia.org/wiki/File:A_Coconut_Tree.jpg,https://thumb.wikimedia.org/wikipedia/commons/thumb/7/72/A_Coconut_Tree.jpg/1280px-A_Coconut_Tree.jpg?utm_source=commons.wikimedia.org&utm_campaign=imageinfo&utm_content=thumbnail,3456,4608,Ameerahraheem,CC BY-SA 4.0,,unknown,Category:CC-BY-SA-4.0|Category:Self-published work|Category:Solitary trees|Category:Taken with Tecno Spark 8
411,00411.jpg,File:A Day tree.jpg,https://commons.wikimedia.org/wiki/File:A_Day_tree.jpg,https://thumb.wikimedia.org/wikipedia/commons/thumb/b/b7/A_Day_tree.jpg/1280px-A_Day_tree.jpg?utm_source=commons.wikimedia.org&utm_campaign=imageinfo&utm_content=thumbnail,4160,3120,Neil Harits S,CC BY-SA 4.0,,unknown,Category:CC-BY-SA-4.0|Category:Images from Wiki Loves Earth 2019|Category:Images from Wiki Loves Earth 2019 in Indonesia|Category:Images from Wiki Loves Earth missing SDC depicts|Category:Images from Wiki Loves Earth missing SDC location of creation|Category:Indonesia photographs taken on 2018-05-16|Category:Self-published work|Category:Solitary trees in Indonesia|Category:Unidentified trees in Indonesia|Category:Uploaded via Campaign:wle-id|Category:Wiki Loves Earth 2019 in Indonesia - Selection by the committee phase 1
412,00412.jpg,File:A Lone Tree - geograph.org.uk - 2055387.jpg,https://commons.wikimedia.org/wiki/File:A_Lone_Tree_-_geograph.org.uk_-_2055387.jpg,https://thumb.wikimedia.org/wikipedia/commons/thumb/2/20/A_Lone_Tree_-_geograph.org.uk_-_2055387.jpg/1280px-A_Lone_Tree_-_geograph.org.uk_-_2055387.jpg?utm_source=commons.wikimedia.org&utm_campaign=imageinfo&utm_content=thumbnail,4000,3000,David Clark,CC BY-SA 2.0,,unknown,Category:CC-BY-SA-2.0|Category:Images from Geograph Britain and Ireland|Category:Solitary trees in the United Kingdom|Category:Thirston
413,00413.jpg,File:A Lone Tree - geograph.org.uk - 2714389.jpg,https://commons.wikimedia.org/wiki/File:A_Lone_Tree_-_geograph.org.uk_-_2714389.jpg,https://thumb.wikimedia.org/wikipedia/commons/thumb/c/c6/A_Lone_Tree_-_geograph.org.uk_-_2714389.jpg/1280px-A_Lone_Tree_-_geograph.org.uk_-_2714389.jpg?utm_source=commons.wikimedia.org&utm_campaign=imageinfo&utm_content=thumbnail,3240,4320,Finlay Cox,CC BY-SA 2.0,,unknown,"Category:CC-BY-SA-2.0|Category:Images from Geograph Britain and Ireland|Category:Solitary trees in the United Kingdom|Category:Stourbridge Common, Cambridge"
414,00414.jpg,File:A Lone Tree - geograph.org.uk - 3896654.jpg,https://commons.wikimedia.org/wiki/File:A_Lone_Tree_-_geograph.org.uk_-_3896654.jpg,https://thumb.wikimedia.org/wikipedia/commons/thumb/0/0b/A_Lone_Tree_-_geograph.org.uk_-_3896654.jpg/1280px-A_Lone_Tree_-_geograph.org.uk_-_3896654.jpg?utm_source=commons.wikimedia.org&utm_campaign=imageinfo&utm_content=thumbnail,1326,1989,Peter Jeffery,CC BY-SA 2.0,,unknown,Category:CC-BY-SA-2.0|Category:Images from Geograph Britain and Ireland|Category:Slaugham|Category:Solitary trees in the United Kingdom
415,00415.jpg,File:A Lonely Tree (51867346).jpeg,https://commons.wikimedia.org/wiki/File:A_Lonely_Tree_(51867346).jpeg,https://thumb.wikimedia.org/wikipedia/commons/thumb/4/4d/A_Lonely_Tree_%2851867346%29.jpeg/1280px-A_Lonely_Tree_%2851867346%29.jpeg?utm_source=commons.wikimedia.org&utm_campaign=imageinfo&utm_content=thumbnail,2048,1365,Won Hyung Hee,CC BY 3.0,,unknown,Category:Black and white photographs of landscapes|Category:CC-BY-3.0|Category:Photos imported with import-500px|Category:Solitary trees
416,00416.jpg,File:A Magnifica Serra da Canastra.JPG,https://commons.wikimedia.org/wiki/File:A_Magnifica_Serra_da_Canastra.JPG,https://thumb.wikimedia.org/wikipedia/commons/thumb/e/e0/A_Magnifica_Serra_da_Canastra.JPG/1280px-A_Magnifica_Serra_da_Canastra.JPG?utm_source=commons.wikimedia.org&utm_campaign=imageinfo&utm_content=thumbnail,5040,3374,Rodrigo Almeida Fernandes,CC BY-SA 3.0,,unknown,Category:Brazil photographs taken on 2014-12-29|Category:CC-BY-SA-3.0|Category:December 2014 in Brazil|Category:Images from Wiki Loves Earth 2015|Category:Images from Wiki Loves Earth 2015 in Brazil|Category:Images from Wiki Loves Earth missing SDC depicts|Category:Images from Wiki Loves Earth missing SDC location of creation|Category:Landscapes of Brazil|Category:Self-published work|Category:Serra da Canastra National Park|Category:Solitary trees in Brazil|Category:Uploaded via Campaign:wle-br
417,00417.jpg,"File:A Tree in Ragoubet el Golea, Bizerte.jpg","https://commons.wikimedia.org/wiki/File:A_Tree_in_Ragoubet_el_Golea,_Bizerte.jpg",https://thumb.wikimedia.org/wikipedia/commons/thumb/a/ab/A_Tree_in_Ragoubet_el_Golea%2C_Bizerte.jpg/1280px-A_Tree_in_Ragoubet_el_Golea%2C_Bizerte.jpg?utm_source=commons.wikimedia.org&utm_campaign=imageinfo&utm_content=thumbnail,1812,1359,Karim Chakroun,CC BY-SA 4.0,,unknown,Category:Beaches of Tunisia|Category:CC-BY-SA-4.0|Category:Files with coordinates missing SDC location of creation|Category:Self-published work|Category:Solitary trees|Category:Trees with browse line|Category:Tunisia photographs taken on 2016-03-15|Category:Unidentified trees in Tunisia
418,00418.jpg,"File:A beech (weeping) at Church of Saint Nicholas, Walcot, Lincolnshire, England 01.JPG","https://commons.wikimedia.org/wiki/File:A_beech_(weeping)_at_Church_of_Saint_Nicholas,_Walcot,_Lincolnshire,_England_01.JPG",https://thumb.wikimedia.org/wikipedia/commons/thumb/4/41/A_beech_%28weeping%29_at_Church_of_Saint_Nicholas%2C_Walcot%2C_Lincolnshire%2C_England_01.JPG/1280px-A_beech_%28weeping%29_at_Church_of_Saint_Nicholas%2C_Walcot%2C_Lincolnshire%2C_England_01.JPG?utm_source=commons.wikimedia.org&utm_campaign=imageinfo&utm_content=thumbnail,2407,1806,Acabashi,CC BY-SA 4.0,Fagus,broadleaf,"Category:Acabashi photos: churchyards in Lincolnshire|Category:Acabashi photos: trees in Lincolnshire|Category:CC-BY-SA-4.0|Category:Cemeteries in Lincolnshire|Category:Churches in Lincolnshire photographed in 2005|Category:Churchyards in Lincolnshire|Category:Fagus sylvatica 'Pendula'|Category:Fagus sylvatica in February 2005|Category:Fagus sylvatica in Lincolnshire|Category:February 2005 in Lincolnshire|Category:Gravestones in Lincolnshire|Category:Leafless trees|Category:Photographs taken on 2005-02-20|Category:Photographs with aspect ratio of 4:3|Category:Self-published work|Category:Solitary trees in the United Kingdom|Category:St Nicholas' Church, Walcot|Category:Taken with Konica Minolta Dimage Z5|Category:Trees and sky in Lincolnshire"
419,00419.jpg,"File:A beech (weeping) at Church of Saint Nicholas, Walcot, Lincolnshire, England 02.JPG","https://commons.wikimedia.org/wiki/File:A_beech_(weeping)_at_Church_of_Saint_Nicholas,_Walcot,_Lincolnshire,_England_02.JPG",https://thumb.wikimedia.org/wikipedia/commons/thumb/7/7b/A_beech_%28weeping%29_at_Church_of_Saint_Nicholas%2C_Walcot%2C_Lincolnshire%2C_England_02.JPG/1280px-A_beech_%28weeping%29_at_Church_of_Saint_Nicholas%2C_Walcot%2C_Lincolnshire%2C_England_02.JPG?utm_source=commons.wikimedia.org&utm_campaign=imageinfo&utm_content=thumbnail,2560,1920,Acabashi,CC BY-SA 4.0,Fagus,broadleaf,"Category:Acabashi photos: churchyards in Lincolnshire|Category:Acabashi photos: trees in Lincolnshire|Category:CC-BY-SA-4.0|Category:Cemeteries in Lincolnshire|Category:Churches in Lincolnshire photographed in 2005|Category:Churchyards in Lincolnshire|Category:Fagus sylvatica 'Pendula'|Category:Fagus sylvatica in February 2005|Category:Fagus sylvatica in Lincolnshire|Category:February 2005 in Lincolnshire|Category:Gravestones in Lincolnshire|Category:Leafless trees|Category:Photographs taken on 2005-02-20|Category:Photographs with aspect ratio of 4:3|Category:Self-published work|Category:Solitary trees in the United Kingdom|Category:St Nicholas' Church, Walcot|Category:Taken with Konica Minolta Dimage Z5|Category:Trees and sky in Lincolnshire"
420,00420.jpg,"File:A ditch full of duckweed in the peatland Fochterloerveen; North Netherlands, spring 2012.jpg","https://commons.wikimedia.org/wiki/File:A_ditch_full_of_duckweed_in_the_peatland_Fochterloerveen;_North_Netherlands,_spring_2012.jpg",https://thumb.wikimedia.org/wikipedia/commons/thumb/e/ef/A_ditch_full_of_duckweed_in_the_peatland_Fochterloerveen%3B_North_Netherlands%2C_spring_2012.jpg/1280px-A_ditch_full_of_duckweed_in_the_peatland_Fochterloerveen%3B_North_Netherlands%2C_spring_2012.jpg?utm_source=commons.wikimedia.org&utm_campaign=imageinfo&utm_content=thumbnail,3456,2592,Fons Heijnsbroek,CC0,,unknown,Category:CC-Zero|Category:Dappled light and shadow in the Netherlands|Category:Ditches in the Netherlands|Category:Fochteloërveen|Category:Landscapes of Drenthe|Category:Lemnoideae|Category:Light and shadow in nature|Category:Light beams|Category:Nature of Drenthe|Category:Photographic silhouettes of tree branches|Category:Photographs by Fons Heijnsbroek in Drenthe (2012)|Category:Self-published work|Category:Shadows of trees|Category:Shadows of trees in the Netherlands|Category:Solitary trees in the Netherlands|Category:Spring in the Netherlands|Category:Taken with Panasonic Lumix DMC-TZ5
421,00421.jpg,File:A few of my best memories as a Photographer. - Flickr - Christopher.Michel (20).jpg,https://commons.wikimedia.org/wiki/File:A_few_of_my_best_memories_as_a_Photographer._-_Flickr_-_Christopher.Michel_(20).jpg,https://upload.wikimedia.org/wikipedia/commons/3/34/A_few_of_my_best_memories_as_a_Photographer._-_Flickr_-_Christopher.Michel_%2820%29.jpg?utm_source=commons.wikimedia.org&utm_campaign=imageinfo&utm_content=thumbnail_unscaled,1279,854,Christopher Michel,CC BY 2.0,,unknown,Category:CC-BY-2.0|Category:Cumulus congestus clouds|Category:Flickr images missing SDC Flickr photo ID|Category:Flickr images missing SDC creator|Category:Flickr images missing SDC published in|Category:Flickr images reviewed by FlickreviewR|Category:Photographs of Kenya by Christopher Michel|Category:Rain in September 2013|Category:Rain showers|Category:Solitary trees|Category:Taken with Nikon D800E|Category:Unidentified trees
422,00422.jpg,File:A lone spruce tree in a grassy meadow (8ac97ae4-0422-4f25-a250-d828e19a9d8d).JPG,https://commons.wikimedia.org/wiki/File:A_lone_spruce_tree_in_a_grassy_meadow_(8ac97ae4-0422-4f25-a250-d828e19a9d8d).JPG,https://thumb.wikimedia.org/wikipedia/commons/thumb/c/c4/A_lone_spruce_tree_in_a_grassy_meadow_%288ac97ae4-0422-4f25-a250-d828e19a9d8d%29.JPG/1280px-A_lone_spruce_tree_in_a_grassy_meadow_%288ac97ae4-0422-4f25-a250-d828e19a9d8d%29.JPG?utm_source=commons.wikimedia.org&utm_campaign=imageinfo&utm_content=thumbnail,5616,3744,NPS,Public domain,,unknown,Category:Clouds and blue sky in New Mexico|Category:Flora of the Valles Caldera|Category:Images from NPGallery|Category:Landscapes of New Mexico|Category:PD US NPS|Category:Photographs taken on 2022-07-15|Category:Solitary trees in the United States|Category:Trees in New Mexico
423,00423.jpg,File:A lone tree (3291832217).jpg,https://commons.wikimedia.org/wiki/File:A_lone_tree_(3291832217).jpg,https://thumb.wikimedia.org/wikipedia/commons/thumb/2/26/A_lone_tree_%283291832217%29.jpg/1280px-A_lone_tree_%283291832217%29.jpg?utm_source=commons.wikimedia.org&utm_campaign=imageinfo&utm_content=thumbnail,3648,2736,"Weldon Kennedy from London, UK",CC BY 2.0,,unknown,Category:CC-BY-2.0|Category:Dorset|Category:Flickr images reviewed by FlickreviewR 2|Category:Photographs by Weldon Kennedy|Category:Solitary trees in the United Kingdom|Category:Uploads by Matlin
424,00424.jpg,File:A lone tree - geograph.org.uk - 5615292.jpg,https://commons.wikimedia.org/wiki/File:A_lone_tree_-_geograph.org.uk_-_5615292.jpg,https://thumb.wikimedia.org/wikipedia/commons/thumb/f/fc/A_lone_tree_-_geograph.org.uk_-_5615292.jpg/1280px-A_lone_tree_-_geograph.org.uk_-_5615292.jpg?utm_source=commons.wikimedia.org&utm_campaign=imageinfo&utm_content=thumbnail,3672,4896,Stanley Howe,CC BY-SA 2.0,,unknown,Category:CC-BY-SA-2.0|Category:Images from Geograph Britain and Ireland|Category:Midmar|Category:Solitary trees in the United Kingdom
425,00425.jpg,File:A lone tree - geograph.org.uk - 5870195.jpg,https://commons.wikimedia.org/wiki/File:A_lone_tree_-_geograph.org.uk_-_5870195.jpg,https://thumb.wikimedia.org/wikipedia/commons/thumb/6/69/A_lone_tree_-_geograph.org.uk_-_5870195.jpg/1280px-A_lone_tree_-_geograph.org.uk_-_5870195.jpg?utm_source=commons.wikimedia.org&utm_campaign=imageinfo&utm_content=thumbnail,2000,1333,Malcolm Neal,CC BY-SA 2.0,,unknown,Category:CC-BY-SA-2.0|Category:Images from Geograph Britain and Ireland|Category:Middleton and Smerrill|Category:Solitary trees in the United Kingdom
426,00426.jpg,File:A lone tree at King Arthur's Well on Hadrian's Wall - geograph.org.uk - 4115296.jpg,https://commons.wikimedia.org/wiki/File:A_lone_tree_at_King_Arthur%27s_Well_on_Hadrian%27s_Wall_-_geograph.org.uk_-_4115296.jpg,https://thumb.wikimedia.org/wikipedia/commons/thumb/e/ec/A_lone_tree_at_King_Arthur%27s_Well_on_Hadrian%27s_Wall_-_geograph.org.uk_-_4115296.jpg/1280px-A_lone_tree_at_King_Arthur%27s_Well_on_Hadrian%27s_Wall_-_geograph.org.uk_-_4115296.jpg?utm_source=commons.wikimedia.org&utm_campaign=imageinfo&utm_content=thumbnail,4608,3456,Anthony Parkes,CC BY-SA 2.0,,unknown,"Category:CC-BY-SA-2.0|Category:Greenhead, Northumberland|Category:Images from Geograph Britain and Ireland|Category:Solitary trees in the United Kingdom"
427,00427.jpg,"File:A lone tree, Crosh - geograph.org.uk - 5797640.jpg","https://commons.wikimedia.org/wiki/File:A_lone_tree,_Crosh_-_geograph.org.uk_-_5797640.jpg",https://upload.wikimedia.org/wikipedia/commons/0/0c/A_lone_tree%2C_Crosh_-_geograph.org.uk_-_5797640.jpg?utm_source=commons.wikimedia.org&utm_campaign=imageinfo&utm_content=thumbnail_unscaled,1024,768,Kenneth  Allen,CC BY-SA 2.0,,unknown,Category:CC-BY-SA-2.0|Category:County Tyrone|Category:Images from Geograph Britain and Ireland|Category:Solitary trees in the United Kingdom
428,00428.jpg,"File:A lone tree, Drumragh - geograph.org.uk - 6070638.jpg","https://commons.wikimedia.org/wiki/File:A_lone_tree,_Drumragh_-_geograph.org.uk_-_6070638.jpg",https://upload.wikimedia.org/wikipedia/commons/5/58/A_lone_tree%2C_Drumragh_-_geograph.org.uk_-_6070638.jpg?utm_source=commons.wikimedia.org&utm_campaign=imageinfo&utm_content=thumbnail_unscaled,1024,685,Kenneth  Allen,CC BY-SA 2.0,,unknown,Category:CC-BY-SA-2.0|Category:Fermanagh and Omagh|Category:Images from Geograph Britain and Ireland|Category:Solitary trees in the United Kingdom
429,00429.jpg,"File:A lone tree, Mullaghmore - geograph.org.uk - 6070497.jpg","https://commons.wikimedia.org/wiki/File:A_lone_tree,_Mullaghmore_-_geograph.org.uk_-_6070497.jpg",https://upload.wikimedia.org/wikipedia/commons/e/e7/A_lone_tree%2C_Mullaghmore_-_geograph.org.uk_-_6070497.jpg?utm_source=commons.wikimedia.org&utm_campaign=imageinfo&utm_content=thumbnail_unscaled,1024,685,Kenneth  Allen,CC BY-SA 2.0,,unknown,Category:CC-BY-SA-2.0|Category:Fermanagh and Omagh|Category:Images from Geograph Britain and Ireland|Category:Solitary trees in the United Kingdom
430,00430.jpg,"File:A lonely tree Pyrgos,Elis Greece.jpg","https://commons.wikimedia.org/wiki/File:A_lonely_tree_Pyrgos,Elis_Greece.jpg",https://thumb.wikimedia.org/wikipedia/commons/thumb/0/0a/A_lonely_tree_Pyrgos%2CElis_Greece.jpg/1280px-A_lonely_tree_Pyrgos%2CElis_Greece.jpg?utm_source=commons.wikimedia.org&utm_campaign=imageinfo&utm_content=thumbnail,5184,3456,Theov999,CC BY-SA 4.0,,unknown,Category:CC-BY-SA-4.0|Category:Pyrgos|Category:Self-published work|Category:Solitary trees|Category:Trees in Greece
431,00431.jpg,File:A skeleton of a tree.jpg,https://commons.wikimedia.org/wiki/File:A_skeleton_of_a_tree.jpg,https://thumb.wikimedia.org/wikipedia/commons/thumb/5/56/A_skeleton_of_a_tree.jpg/1280px-A_skeleton_of_a_tree.jpg?utm_source=commons.wikimedia.org&utm_campaign=imageinfo&utm_content=thumbnail,1413,2048,Ted Moravec,CC0,,unknown,Category:CC-Zero|Category:Czech Republic photographs taken on 2024-05-01|Category:Dead trees in the Czech Republic|Category:Fields in Hradec Králové Region|Category:Files with coordinates missing SDC location of creation|Category:Flickr images reviewed by FlickreviewR 2|Category:Nature of Souvlastní|Category:Photographs by Ted Moravec|Category:Solitary trees in the Czech Republic
432,00432.jpg,"File:A solitary tree at Parham Park, West Sussex, England.jpg","https://commons.wikimedia.org/wiki/File:A_solitary_tree_at_Parham_Park,_West_Sussex,_England.jpg",https://thumb.wikimedia.org/wikipedia/commons/thumb/d/de/A_solitary_tree_at_Parham_Park%2C_West_Sussex%2C_England.jpg/1280px-A_solitary_tree_at_Parham_Park%2C_West_Sussex%2C_England.jpg?utm_source=commons.wikimedia.org&utm_campaign=imageinfo&utm_content=thumbnail,3000,2000,Acabashi,CC BY-SA 4.0,,unknown,"Category:Acabashi photos: trees in West Sussex|Category:CC-BY-SA-4.0|Category:Files with coordinates missing SDC location of creation (50° N, 1° W)|Category:Flora of West Sussex in July|Category:Images with annotations|Category:Parham Estate|Category:Parham, West Sussex photographs taken on 2016-07-20|Category:Self-published work|Category:Solitary trees in the United Kingdom|Category:South Downs|Category:Summer 2016 in the United Kingdom|Category:Summer in West Sussex|Category:Taken with Canon EOS 6D and Canon EF 24-105mm F4L IS USM|Category:Trees and sky in Sussex|Category:Trees in West Sussex|Category:Trees in the Northern Hemisphere in July"
433,00433.jpg,File:A tree (51437319950).jpg,https://commons.wikimedia.org/wiki/File:A_tree_(51437319950).jpg,https://thumb.wikimedia.org/wikipedia/commons/thumb/4/48/A_tree_%2851437319950%29.jpg/1280px-A_tree_%2851437319950%29.jpg?utm_source=commons.wikimedia.org&utm_campaign=imageinfo&utm_content=thumbnail,2682,1800,Ted Moravec,CC0,,unknown,Category:CC-Zero|Category:Czech Republic photographs taken on 2021-08-26|Category:Files with coordinates missing SDC location of creation|Category:Flickr images missing SDC published in|Category:Flickr images reviewed by FlickreviewR 2|Category:Photographs by Ted Moravec|Category:Solitary trees in the Czech Republic
434,00434.jpg,"File:A tree South of Doel, Belgium (DSCF3810).jpg","https://commons.wikimedia.org/wiki/File:A_tree_South_of_Doel,_Belgium_(DSCF3810).jpg",https://thumb.wikimedia.org/wikipedia/commons/thumb/8/80/A_tree_South_of_Doel%2C_Belgium_%28DSCF3810%29.jpg/1280px-A_tree_South_of_Doel%2C_Belgium_%28DSCF3810%29.jpg?utm_source=commons.wikimedia.org&utm_campaign=imageinfo&utm_content=thumbnail,4781,3295,Trougnouf,CC BY 4.0,,unknown,"Category:Bare trees in Belgium|Category:Belgium photographs taken on 2018-02-04|Category:CC-BY-4.0|Category:Doel|Category:Electricity pylons in Belgium|Category:Files with coordinates missing SDC location of creation (51° N, 4° E)|Category:Photographs by Trougnouf in 2018|Category:Self-published work|Category:Solitary trees in Belgium|Category:Taken with Fujifilm X-E2 and XF18-55mmF2.8-4 R LM OIS|Category:Unidentified trees in Belgium"
435,00435.jpg,"File:A tree South of Doel, Belgium (DSCF3813).jpg","https://commons.wikimedia.org/wiki/File:A_tree_South_of_Doel,_Belgium_(DSCF3813).jpg",https://thumb.wikimedia.org/wikipedia/commons/thumb/2/23/A_tree_South_of_Doel%2C_Belgium_%28DSCF3813%29.jpg/1280px-A_tree_South_of_Doel%2C_Belgium_%28DSCF3813%29.jpg?utm_source=commons.wikimedia.org&utm_campaign=imageinfo&utm_content=thumbnail,4936,3296,Trougnouf,CC BY 4.0,,unknown,"Category:Belgium photographs taken on 2018-02-04|Category:CC-BY-4.0|Category:Doel|Category:Electricity pylons in Belgium|Category:Files with coordinates missing SDC location of creation (51° N, 4° E)|Category:Photographs by Trougnouf in 2018|Category:Self-published work|Category:Solitary trees in Belgium|Category:Taken with Fujifilm X-E2 and XF18-55mmF2.8-4 R LM OIS|Category:Unidentified trees in Belgium"
436,00436.jpg,File:A tree along the Cliff Walk from Bray to Greystones.jpg,https://commons.wikimedia.org/wiki/File:A_tree_along_the_Cliff_Walk_from_Bray_to_Greystones.jpg,https://thumb.wikimedia.org/wikipedia/commons/thumb/b/bc/A_tree_along_the_Cliff_Walk_from_Bray_to_Greystones.jpg/1280px-A_tree_along_the_Cliff_Walk_from_Bray_to_Greystones.jpg?utm_source=commons.wikimedia.org&utm_campaign=imageinfo&utm_content=thumbnail,3488,2616,Dimitry Anikin,CC BY-SA 4.0,,unknown,"Category:Black and white photographs of landscapes|Category:Bray, County Wicklow|Category:CC-BY-SA-4.0|Category:Greystones|Category:Landscapes of Ireland|Category:Self-published work|Category:Solitary trees|Category:Trees in Ireland|Category:Unidentified trees"
437,00437.jpg,"File:A tree at Aunsby, Lincolnshire, England.JPG","https://commons.wikimedia.org/wiki/File:A_tree_at_Aunsby,_Lincolnshire,_England.JPG",https://thumb.wikimedia.org/wikipedia/commons/thumb/2/25/A_tree_at_Aunsby%2C_Lincolnshire%2C_England.JPG/1280px-A_tree_at_Aunsby%2C_Lincolnshire%2C_England.JPG?utm_source=commons.wikimedia.org&utm_campaign=imageinfo&utm_content=thumbnail,2290,1465,Acabashi,CC BY-SA 4.0,,unknown,Category:Acabashi photos: trees in Lincolnshire|Category:Aunsby|Category:CC-BY-SA-4.0|Category:December 2005 in Lincolnshire|Category:Fields in Lincolnshire|Category:Leafless trees|Category:Self-published work|Category:Solitary trees in the United Kingdom|Category:Trees and sky in Lincolnshire|Category:Trees in Lincolnshire
438,00438.jpg,"File:A tree contemplates its destiny - Passo Valles (TN) Italy - March 6, 2011 - panoramio.jpg","https://commons.wikimedia.org/wiki/File:A_tree_contemplates_its_destiny_-_Passo_Valles_(TN)_Italy_-_March_6,_2011_-_panoramio.jpg",https://thumb.wikimedia.org/wikipedia/commons/thumb/2/24/A_tree_contemplates_its_destiny_-_Passo_Valles_%28TN%29_Italy_-_March_6%2C_2011_-_panoramio.jpg/1280px-A_tree_contemplates_its_destiny_-_Passo_Valles_%28TN%29_Italy_-_March_6%2C_2011_-_panoramio.jpg?utm_source=commons.wikimedia.org&utm_campaign=imageinfo&utm_content=thumbnail,2389,3185,Giorgio Galeotti,CC BY 3.0,,unknown,Category:CC-BY-3.0|Category:Files with coordinates missing SDC location of creation|Category:Italy photographs taken on 2011-03-06|Category:Overhead power lines in Italy|Category:Panoramio files uploaded by Panoramio upload bot|Category:Panoramio images reviewed by trusted users|Category:Passo Valles|Category:Photos from Panoramio|Category:Snow in Italy in 2011|Category:Solitary trees in Italy|Category:Trees in Italy in March|Category:Trees in snow in Trentino-South Tyrol|Category:Unidentified trees in Italy
439,00439.jpg,File:A tree in Gullipadu railway station.jpg,https://commons.wikimedia.org/wiki/File:A_tree_in_Gullipadu_railway_station.jpg,https://thumb.wikimedia.org/wikipedia/commons/thumb/c/c4/A_tree_in_Gullipadu_railway_station.jpg/1280px-A_tree_in_Gullipadu_railway_station.jpg?utm_source=commons.wikimedia.org&utm_campaign=imageinfo&utm_content=thumbnail,4032,3024,IM3847,CC BY-SA 4.0,,unknown,Category:CC-BY-SA-4.0|Category:Files with coordinates missing SDC location of creation|Category:Gullipadu railway station|Category:Images by User:I.Mahesh|Category:India photographs taken on 2017-07-06|Category:Plants of India in July|Category:Plumeria (cultivars)|Category:Self-published work|Category:Solitary trees in India|Category:Transport in Visakhapatnam district|Category:Trees in Visakhapatnam district|Category:Views from trains in India
440,00440.jpg,File:A tree near Orlivka.jpg,https://commons.wikimedia.org/wiki/File:A_tree_near_Orlivka.jpg,https://thumb.wikimedia.org/wikipedia/commons/thumb/e/eb/A_tree_near_Orlivka.jpg/1280px-A_tree_near_Orlivka.jpg?utm_source=commons.wikimedia.org&utm_campaign=imageinfo&utm_content=thumbnail,2592,1944,Yuriy Kvach,CC BY-SA 4.0,Juglans,broadleaf,Category:Birds of Izmail Raion|Category:CC-BY-SA-4.0|Category:Fields in Izmail Raion|Category:Flora of Reni Hromada|Category:Information field template with formatting|Category:Juglans regia in Ukraine|Category:Leafless trees in Odesa Oblast|Category:March 2018 in Odesa Oblast|Category:Pictures made by Yuriy Kvach|Category:Self-published work|Category:Snow in Izmail Raion|Category:Snow in the Northern Hemisphere in March 2018|Category:Solitary trees in Ukraine|Category:Trees in Izmail Raion|Category:Trees in snow in Odesa Oblast|Category:Trees in spring in Ukraine|Category:Ukraine photographs taken on 2018-03-22
441,00441.jpg,"File:A tree that stands out looking great with sky, Kuala Berang. Hulu Terengganu.jpg","https://commons.wikimedia.org/wiki/File:A_tree_that_stands_out_looking_great_with_sky,_Kuala_Berang._Hulu_Terengganu.jpg",https://thumb.wikimedia.org/wikipedia/commons/thumb/3/32/A_tree_that_stands_out_looking_great_with_sky%2C_Kuala_Berang._Hulu_Terengganu.jpg/1280px-A_tree_that_stands_out_looking_great_with_sky%2C_Kuala_Berang._Hulu_Terengganu.jpg?utm_source=commons.wikimedia.org&utm_campaign=imageinfo&utm_content=thumbnail,3264,2448,Pro QueeNia,CC BY-SA 4.0,,unknown,Category:CC-BY-SA-4.0|Category:Clouds and blue sky in Malaysia|Category:Files with coordinates missing SDC location of creation|Category:Hulu Terengganu|Category:Images from Wiki Loves Earth 2020|Category:Images from Wiki Loves Earth 2020 in Malaysia|Category:Images from Wiki Loves Earth missing SDC location of creation|Category:Images with watermarks|Category:Photographic silhouettes of trees|Category:Self-published work|Category:Solitary trees|Category:Unidentified trees in Malaysia|Category:Uploaded via Campaign:wle-my
442,00442.jpg,"File:A weeping ash Stow Green, nr Horbling Lincolnshire, England.JPG","https://commons.wikimedia.org/wiki/File:A_weeping_ash_Stow_Green,_nr_Horbling_Lincolnshire,_England.JPG",https://thumb.wikimedia.org/wikipedia/commons/thumb/a/ad/A_weeping_ash_Stow_Green%2C_nr_Horbling_Lincolnshire%2C_England.JPG/1280px-A_weeping_ash_Stow_Green%2C_nr_Horbling_Lincolnshire%2C_England.JPG?utm_source=commons.wikimedia.org&utm_campaign=imageinfo&utm_content=thumbnail,2560,1920,Acabashi,CC BY-SA 4.0,Fagus,broadleaf,Category:Acabashi photos: buildings in Lincolnshire|Category:Acabashi photos: roads and paths|Category:CC-BY-SA-4.0|Category:Dirt roads in Lincolnshire|Category:Fagus sylvatica 'Pendula'|Category:Farm tracks in Lincolnshire|Category:February 2005 in Lincolnshire|Category:Leafless trees in the United Kingdom|Category:Paths in the United Kingdom|Category:Permissive footpaths in England|Category:Photographs with aspect ratio of 4:3|Category:Self-published work|Category:Solitary trees in the United Kingdom|Category:Stone walls in Lincolnshire|Category:Taken with Konica Minolta Dimage Z5|Category:Trees in Lincolnshire|Category:United Kingdom photographs taken on 2005-02-20|Category:White houses in Lincolnshire
443,00443.jpg,File:A ÁRVORE.jpg,https://commons.wikimedia.org/wiki/File:A_%C3%81RVORE.jpg,https://thumb.wikimedia.org/wikipedia/commons/thumb/7/77/A_%C3%81RVORE.jpg/1280px-A_%C3%81RVORE.jpg?utm_source=commons.wikimedia.org&utm_campaign=imageinfo&utm_content=thumbnail,3264,4928,Jéssica Giovannoni,CC BY-SA 4.0,,unknown,Category:CC-BY-SA-4.0|Category:Self-published work|Category:Solitary trees|Category:Trees in Brazil
444,00444.jpg,File:A-Lone tree.jpg,https://commons.wikimedia.org/wiki/File:A-Lone_tree.jpg,https://thumb.wikimedia.org/wikipedia/commons/thumb/d/da/A-Lone_tree.jpg/1280px-A-Lone_tree.jpg?utm_source=commons.wikimedia.org&utm_campaign=imageinfo&utm_content=thumbnail,1600,1024,Rubshrabon,CC BY-SA 4.0,,unknown,Category:CC-BY-SA-4.0|Category:Monohardi Upazila|Category:Narsingdi District|Category:Self-published work|Category:Solitary trees in Bangladesh
445,00445.jpg,File:A-lone Tree.jpg,https://commons.wikimedia.org/wiki/File:A-lone_Tree.jpg,https://thumb.wikimedia.org/wikipedia/commons/thumb/c/cf/A-lone_Tree.jpg/1280px-A-lone_Tree.jpg?utm_source=commons.wikimedia.org&utm_campaign=imageinfo&utm_content=thumbnail,4274,2851,Hannan Balti,CC BY-SA 4.0,,unknown,Category:CC-BY-SA-4.0|Category:Chorbat Valley|Category:Images from Wiki Loves Earth 2018|Category:Images from Wiki Loves Earth 2018 in Pakistan|Category:Images from Wiki Loves Earth missing SDC depicts|Category:Images from Wiki Loves Earth missing SDC location of creation|Category:Landscapes of Pakistan|Category:Pakistan photographs taken on 2018-05-28|Category:Rock formations in Pakistan|Category:Self-published work|Category:Solitary trees in Pakistan|Category:Uploaded via Campaign:wle-pk|Category:WLE 2016 Pakistan unreviewed
446,00446.jpg,"File:A288, Arches National Park, Fiery Furnace, 2008.JPG","https://commons.wikimedia.org/wiki/File:A288,_Arches_National_Park,_Fiery_Furnace,_2008.JPG",https://upload.wikimedia.org/wikipedia/commons/6/68/A288%2C_Arches_National_Park%2C_Fiery_Furnace%2C_2008.JPG?utm_source=commons.wikimedia.org&utm_campaign=imageinfo&utm_content=thumbnail_unscaled,1024,683,Brian W. Schaller,FAL,Juniperus,conifer,Category:BWS National Parks of the United States|Category:BWS Rock formations|Category:BWS Trees|Category:BWS photos in Wikipedia articles|Category:FAL|Category:Fiery Furnace (Arches National Park)|Category:Juniperus osteosperma|Category:Photographs by Brian W. Schaller|Category:Self-published work|Category:Solitary trees in the United States
447,00447.jpg,File:Abies alba Wisła 2.jpg,https://commons.wikimedia.org/wiki/File:Abies_alba_Wis%C5%82a_2.jpg,https://thumb.wikimedia.org/wikipedia/commons/thumb/5/52/Abies_alba_Wis%C5%82a_2.jpg/1280px-Abies_alba_Wis%C5%82a_2.jpg?utm_source=commons.wikimedia.org&utm_campaign=imageinfo&utm_content=thumbnail,3168,4752,Crusier,CC BY-SA 3.0,Abies,conifer,Category:Abies alba|Category:Abies alba (standalone)|Category:Abies alba in Poland|Category:Abies in the Northern Hemisphere in April|Category:CC-BY-SA-3.0|Category:Forests in Silesian Beskids|Category:Photographs by Crusier|Category:Poland photographs taken on 2012-04-29|Category:Self-published work|Category:Solitary trees in Poland|Category:Taken with Canon EOS 500D
448,00448.jpg,"File:Abiquiu, New Mexico (44552711761).jpg","https://commons.wikimedia.org/wiki/File:Abiquiu,_New_Mexico_(44552711761).jpg",https://thumb.wikimedia.org/wikipedia/commons/thumb/1/1e/Abiquiu%2C_New_Mexico_%2844552711761%29.jpg/1280px-Abiquiu%2C_New_Mexico_%2844552711761%29.jpg?utm_source=commons.wikimedia.org&utm_campaign=imageinfo&utm_content=thumbnail,3000,2001,"Pedro Szekely from Los Angeles, USA",CC BY-SA 2.0,,unknown,"Category:CC-BY-SA-2.0|Category:Files from Pedro Szekely Flickr stream|Category:Files with coordinates missing SDC location of creation|Category:Flickr images reviewed by FlickreviewR 2|Category:Sandoval County, New Mexico|Category:Solitary trees in the United States|Category:United States photographs taken on 2018-08-16"
449,00449.jpg,File:Acacia Negev Mitzpe Ramon Burning Bush.jpg,https://commons.wikimedia.org/wiki/File:Acacia_Negev_Mitzpe_Ramon_Burning_Bush.jpg,https://thumb.wikimedia.org/wikipedia/commons/thumb/1/1d/Acacia_Negev_Mitzpe_Ramon_Burning_Bush.jpg/1280px-Acacia_Negev_Mitzpe_Ramon_Burning_Bush.jpg?utm_source=commons.wikimedia.org&utm_campaign=imageinfo&utm_content=thumbnail,1632,1224,Ps2613,CC BY-SA 3.0,Acacia,broadleaf,"Category:CC-BY-SA-3.0,2.5,2.0,1.0|Category:Clouds and blue sky in Israel|Category:Flora of Makhtesh Ramon|Category:GFDL|Category:Landscapes of Israel|Category:License migration redundant|Category:Self-published work|Category:Solitary trees|Category:Taken with Sony Ericsson W810|Category:Unidentified trees in Israel"
450,00450.jpg,"File:Acacia tree and dirt road, Maasai Mara National Reserve, Kenya.jpg","https://commons.wikimedia.org/wiki/File:Acacia_tree_and_dirt_road,_Maasai_Mara_National_Reserve,_Kenya.jpg",https://thumb.wikimedia.org/wikipedia/commons/thumb/0/09/Acacia_tree_and_dirt_road%2C_Maasai_Mara_National_Reserve%2C_Kenya.jpg/1280px-Acacia_tree_and_dirt_road%2C_Maasai_Mara_National_Reserve%2C_Kenya.jpg?utm_source=commons.wikimedia.org&utm_campaign=imageinfo&utm_content=thumbnail,6032,4064,Daniel Case,CC BY-SA 4.0,Vachellia,broadleaf,Category:CC-BY-SA-4.0|Category:Dirt roads in Kenya|Category:GFDL|Category:Kenya photographs taken on 2025-08-20|Category:Landscapes of Kenya|Category:License migration redundant|Category:Masai Mara|Category:Self-published work|Category:Solitary trees|Category:Vachellia abyssinica
451,00451.jpg,"File:Acacia tree on Maasai Mara landscape, Kenya.jpg","https://commons.wikimedia.org/wiki/File:Acacia_tree_on_Maasai_Mara_landscape,_Kenya.jpg",https://thumb.wikimedia.org/wikipedia/commons/thumb/7/74/Acacia_tree_on_Maasai_Mara_landscape%2C_Kenya.jpg/1280px-Acacia_tree_on_Maasai_Mara_landscape%2C_Kenya.jpg?utm_source=commons.wikimedia.org&utm_campaign=imageinfo&utm_content=thumbnail,7360,4912,Daniel Case,CC BY-SA 4.0,Vachellia,broadleaf,Category:CC-BY-SA-4.0|Category:Clouds and blue sky in Kenya|Category:GFDL|Category:Kenya photographs taken on 2025-08-21|Category:Landscapes of Kenya|Category:License migration redundant|Category:Minimalist photographs of landscapes|Category:Self-published work|Category:Solitary trees|Category:Trees in Masai Mara|Category:Vachellia abyssinica
452,00452.jpg,File:Acacia xanthophloea Fever Tree in Tanzania 2864 Nevit.jpg,https://commons.wikimedia.org/wiki/File:Acacia_xanthophloea_Fever_Tree_in_Tanzania_2864_Nevit.jpg,https://thumb.wikimedia.org/wikipedia/commons/thumb/c/c5/Acacia_xanthophloea_Fever_Tree_in_Tanzania_2864_Nevit.jpg/1280px-Acacia_xanthophloea_Fever_Tree_in_Tanzania_2864_Nevit.jpg?utm_source=commons.wikimedia.org&utm_campaign=imageinfo&utm_content=thumbnail,3501,2626,Nevit Dilmen (talk),CC BY-SA 3.0,Acacia,broadleaf,Category:Acacia xanthophloea|Category:CC-BY-SA-3.0|Category:Files with coordinates missing SDC location of creation|Category:GFDL|Category:License migration redundant|Category:Nevit Dilmen|Category:Self-published work|Category:Solitary trees in Tanzania|Category:Taken with Fujifilm FinePix HS10|Category:Tanzania photographs taken on 2010-08-08
453,00453.jpg,File:Acacia xanthophloea Fever Tree in Tanzania 2873 Nevit.jpg,https://commons.wikimedia.org/wiki/File:Acacia_xanthophloea_Fever_Tree_in_Tanzania_2873_Nevit.jpg,https://thumb.wikimedia.org/wikipedia/commons/thumb/b/bc/Acacia_xanthophloea_Fever_Tree_in_Tanzania_2873_Nevit.jpg/1280px-Acacia_xanthophloea_Fever_Tree_in_Tanzania_2873_Nevit.jpg?utm_source=commons.wikimedia.org&utm_campaign=imageinfo&utm_content=thumbnail,3648,2736,Nevit Dilmen (talk),CC BY-SA 3.0,Acacia,broadleaf,Category:Acacia xanthophloea|Category:CC-BY-SA-3.0|Category:Files with coordinates missing SDC location of creation|Category:Nevit Dilmen|Category:Solitary trees in Tanzania|Category:Taken with Fujifilm FinePix HS10|Category:Tanzania photographs taken on 2010-08-08
454,00454.jpg,File:Acacia xanthophloea Fever Tree in Tanzania 3296 Nevit.jpg,https://commons.wikimedia.org/wiki/File:Acacia_xanthophloea_Fever_Tree_in_Tanzania_3296_Nevit.jpg,https://thumb.wikimedia.org/wikipedia/commons/thumb/9/92/Acacia_xanthophloea_Fever_Tree_in_Tanzania_3296_Nevit.jpg/1280px-Acacia_xanthophloea_Fever_Tree_in_Tanzania_3296_Nevit.jpg?utm_source=commons.wikimedia.org&utm_campaign=imageinfo&utm_content=thumbnail,3648,2736,Nevit Dilmen (talk),CC BY-SA 3.0,Acacia,broadleaf,Category:Acacia xanthophloea|Category:CC-BY-SA-3.0|Category:GFDL|Category:License migration redundant|Category:Nevit Dilmen|Category:Self-published work|Category:Solitary trees in Tanzania|Category:Taken with Fujifilm FinePix HS10|Category:Tanzania photographs taken on 2010-08-08
455,00455.jpg,File:AchenseeWinter04.JPG,https://commons.wikimedia.org/wiki/File:AchenseeWinter04.JPG,https://thumb.wikimedia.org/wikipedia/commons/thumb/7/7c/AchenseeWinter04.JPG/1280px-AchenseeWinter04.JPG?utm_source=commons.wikimedia.org&utm_campaign=imageinfo&utm_content=thumbnail,2920,1894,friedrich,CC BY-SA 2.5,,unknown,Category:Austria photographs taken on 2006-02-12|Category:CC-BY-SA-2.5|Category:Eben am Achensee|Category:Photos by Böhringer|Category:Self-published work|Category:Snow in Bezirk Schwaz|Category:Snowy landscapes in Austria|Category:Solitary trees in Austria|Category:Taken with Konica Minolta Dynax 7D|Category:Trees in 2006|Category:Winter 2005-2006 in Tyrol (state)
456,00456.jpg,"File:Adamivka, Ivanivka Hromada 05.jpg","https://commons.wikimedia.org/wiki/File:Adamivka,_Ivanivka_Hromada_05.jpg",https://thumb.wikimedia.org/wikipedia/commons/thumb/e/eb/Adamivka%2C_Ivanivka_Hromada_05.jpg/1280px-Adamivka%2C_Ivanivka_Hromada_05.jpg?utm_source=commons.wikimedia.org&utm_campaign=imageinfo&utm_content=thumbnail,4000,3000,Yuriy Kvach,CC BY-SA 4.0,,unknown,Category:CC-BY-SA-4.0|Category:Clouds and blue sky in Berezivka Raion|Category:Files with coordinates missing SDC location of creation|Category:Information field template with formatting|Category:Lake beaches in Odesa Oblast|Category:Pictures made by Yuriy Kvach|Category:Self-published work|Category:September 2023 in Odesa Oblast|Category:Solitary trees in Ukraine|Category:Taken with Samsung Galaxy M12|Category:Ukraine photographs taken on 2023-09-17|Category:Vandalynivka Pond|Category:Views of Berezivka Raion
457,00457.jpg,"File:Adamivka, Ivanivka Hromada 07.jpg","https://commons.wikimedia.org/wiki/File:Adamivka,_Ivanivka_Hromada_07.jpg",https://thumb.wikimedia.org/wikipedia/commons/thumb/a/a3/Adamivka%2C_Ivanivka_Hromada_07.jpg/1280px-Adamivka%2C_Ivanivka_Hromada_07.jpg?utm_source=commons.wikimedia.org&utm_campaign=imageinfo&utm_content=thumbnail,4000,3000,Yuriy Kvach,CC BY-SA 4.0,,unknown,"Category:CC-BY-SA-4.0|Category:Clouds and blue sky in Berezivka Raion|Category:Elaeagnus angustifolia in Odesa Oblast|Category:Files with coordinates missing SDC location of creation|Category:Flora of Ivanivka Hromada, Odesa Oblast|Category:Information field template with formatting|Category:Pictures made by Yuriy Kvach|Category:Security cameras in Ukraine|Category:Self-published work|Category:September 2023 in Odesa Oblast|Category:Solitary trees in Ukraine|Category:Taken with Samsung Galaxy M12|Category:Trees in Berezivka Raion|Category:Ukraine photographs taken on 2023-09-17|Category:Vandalynivka Pond|Category:White fences in Ukraine"
458,00458.jpg,File:Aepyceros melampus Impala in Tanzania 1001 Nevit.jpg,https://commons.wikimedia.org/wiki/File:Aepyceros_melampus_Impala_in_Tanzania_1001_Nevit.jpg,https://thumb.wikimedia.org/wikipedia/commons/thumb/d/de/Aepyceros_melampus_Impala_in_Tanzania_1001_Nevit.jpg/1280px-Aepyceros_melampus_Impala_in_Tanzania_1001_Nevit.jpg?utm_source=commons.wikimedia.org&utm_campaign=imageinfo&utm_content=thumbnail,3648,2736,Nevit Dilmen (talk),CC BY-SA 3.0,,unknown,Category:Aepyceros melampus of Tanzania|Category:CC-BY-SA-3.0|Category:Nevit Dilmen|Category:Solitary trees in Tanzania|Category:Taken with Fujifilm FinePix HS10|Category:Tanzania photographs taken on 2010-08-05
459,00459.jpg,File:Afrikanische Affenbrotbaum (Adansonia digitata).jpg,https://commons.wikimedia.org/wiki/File:Afrikanische_Affenbrotbaum_(Adansonia_digitata).jpg,https://thumb.wikimedia.org/wikipedia/commons/thumb/4/48/Afrikanische_Affenbrotbaum_%28Adansonia_digitata%29.jpg/1280px-Afrikanische_Affenbrotbaum_%28Adansonia_digitata%29.jpg?utm_source=commons.wikimedia.org&utm_campaign=imageinfo&utm_content=thumbnail,3600,2400,Haplochromis,CC BY-SA 3.0,Adansonia,broadleaf,"Category:Acacia savanna and woodland|Category:Adansonia digitata (leafless)|Category:Adansonia digitata in Tanzania|Category:CC-BY-SA-3.0,2.5,2.0,1.0|Category:GFDL|Category:License migration redundant|Category:Malvaceae in the Southern Hemisphere in July|Category:Photographs by Alex Giltjes|Category:Self-published work|Category:Solitary trees in Tanzania|Category:Taken with Panasonic Lumix DMC-FZ50|Category:Tanzania photographs taken on 2009-07-27|Category:Tarangire National Park|Category:Trees in July 2009|Category:Trees in the Southern Hemisphere in July"
460,00460.jpg,File:Against the wind.jpg,https://commons.wikimedia.org/wiki/File:Against_the_wind.jpg,https://thumb.wikimedia.org/wikipedia/commons/thumb/8/8e/Against_the_wind.jpg/1280px-Against_the_wind.jpg?utm_source=commons.wikimedia.org&utm_campaign=imageinfo&utm_content=thumbnail,5005,3337,ThomasLendt,CC BY-SA 4.0,,unknown,Category:CC-BY-SA-4.0|Category:Files with coordinates missing SDC location of creation|Category:Self-published work|Category:Solitary trees in Germany
461,00461.jpg,File:Agouadir 1997 01.jpg,https://commons.wikimedia.org/wiki/File:Agouadir_1997_01.jpg,https://upload.wikimedia.org/wikipedia/commons/b/be/Agouadir_1997_01.jpg?utm_source=commons.wikimedia.org&utm_campaign=imageinfo&utm_content=thumbnail_unscaled,1013,656,LBM1948,CC BY-SA 4.0,,unknown,Category:Agouadir|Category:CC-BY-SA-4.0|Category:Chinguetti in the 1990s|Category:March 1997 Mauritania photographs|Category:Photographs by LBM1948|Category:Ruins of fortifications|Category:Self-published work|Category:Solitary trees in Mauritania|Category:Trees in 1997
462,00462.jpg,File:Ajodhya Purulia 03.jpg,https://commons.wikimedia.org/wiki/File:Ajodhya_Purulia_03.jpg,https://thumb.wikimedia.org/wikipedia/commons/thumb/4/4f/Ajodhya_Purulia_03.jpg/1280px-Ajodhya_Purulia_03.jpg?utm_source=commons.wikimedia.org&utm_campaign=imageinfo&utm_content=thumbnail,6016,4000,Paramanu Sarkar,CC BY-SA 4.0,,unknown,Category:Ajodhya Hills|Category:CC-BY-SA-4.0|Category:Files with coordinates missing SDC location of creation|Category:India photographs taken on 2020-03-17|Category:Landscapes of West Bengal|Category:Natural scenes by Paramanu Sarkar|Category:Self-published work|Category:Solitary trees|Category:Trees in West Bengal|Category:Unidentified trees in India
463,00463.jpg,File:Al Ghaf tree .jpg,https://commons.wikimedia.org/wiki/File:Al_Ghaf_tree_.jpg,https://thumb.wikimedia.org/wikipedia/commons/thumb/d/d4/Al_Ghaf_tree_.jpg/1280px-Al_Ghaf_tree_.jpg?utm_source=commons.wikimedia.org&utm_campaign=imageinfo&utm_content=thumbnail,5601,3734,Lowai Alkawarit,CC BY-SA 4.0,,unknown,Category:CC-BY-SA-4.0|Category:Mleiha|Category:Prosopis cineraria in the United Arab Emirates|Category:Self-published work|Category:Sharjah|Category:Solitary trees|Category:Trees in the United Arab Emirates
464,00464.jpg,File:Albero (148869045).jpeg,https://commons.wikimedia.org/wiki/File:Albero_(148869045).jpeg,https://upload.wikimedia.org/wikipedia/commons/5/50/Albero_%28148869045%29.jpeg?utm_source=commons.wikimedia.org&utm_campaign=imageinfo&utm_content=thumbnail_unscaled,1000,667,Filippo Secciani,CC BY 3.0,,unknown,Category:Black and white photographs of trees|Category:CC-BY-3.0|Category:Dirt roads|Category:Nature of Tuscany|Category:Photos imported with import-500px|Category:Solitary trees|Category:Val di Chiana
465,00465.jpg,File:Albero in pianura.jpg,https://commons.wikimedia.org/wiki/File:Albero_in_pianura.jpg,https://thumb.wikimedia.org/wikipedia/commons/thumb/2/2f/Albero_in_pianura.jpg/1280px-Albero_in_pianura.jpg?utm_source=commons.wikimedia.org&utm_campaign=imageinfo&utm_content=thumbnail,5184,3456,Sammy.Dongilli,CC BY-SA 4.0,,unknown,Category:CC-BY-SA-4.0|Category:Self-published work|Category:Solitary trees
466,00466.jpg,File:Albero parcoaltamurgia.jpg,https://commons.wikimedia.org/wiki/File:Albero_parcoaltamurgia.jpg,https://thumb.wikimedia.org/wikipedia/commons/thumb/4/4a/Albero_parcoaltamurgia.jpg/1280px-Albero_parcoaltamurgia.jpg?utm_source=commons.wikimedia.org&utm_campaign=imageinfo&utm_content=thumbnail,4272,2848,Luangiphoto,CC BY-SA 4.0,,unknown,Category:CC-BY-SA-4.0|Category:Images from Wiki Loves Earth 2024|Category:Images from Wiki Loves Earth 2024 in Italy|Category:Images from Wiki Loves Earth 2024 in Italy - Round 1|Category:Images from Wiki Loves Earth missing SDC location of creation|Category:Italy photographs taken on 2014-11-09|Category:Self-published work|Category:Solitary trees in Italy|Category:Trees in Apulia|Category:Trees in Italy|Category:Trees in Italy in November|Category:Uploaded via Campaign:wle-it
467,00467.jpg,File:Albero solitario (3438789993).jpg,https://commons.wikimedia.org/wiki/File:Albero_solitario_(3438789993).jpg,https://upload.wikimedia.org/wikipedia/commons/2/29/Albero_solitario_%283438789993%29.jpg?utm_source=commons.wikimedia.org&utm_campaign=imageinfo&utm_content=thumbnail_unscaled,1200,1800,"Roberto Ferrari from Campogalliano (Modena), Italy",CC BY-SA 2.0,,unknown,Category:CC-BY-SA-2.0|Category:Files from Roberto Ferrari Flickr stream|Category:Flickr images reviewed by File Upload Bot (Magnus Manske)|Category:Media needing category review as of 21 March 2016|Category:Solitary trees|Category:Taken with Canon EOS 40D
468,00468.jpg,File:Albero solitario (4413059483).jpg,https://commons.wikimedia.org/wiki/File:Albero_solitario_(4413059483).jpg,https://upload.wikimedia.org/wikipedia/commons/4/4c/Albero_solitario_%284413059483%29.jpg?utm_source=commons.wikimedia.org&utm_campaign=imageinfo&utm_content=thumbnail_unscaled,1200,1800,"Roberto Ferrari from Campogalliano (Modena), Italy",CC BY-SA 2.0,,unknown,Category:CC-BY-SA-2.0|Category:Files from Roberto Ferrari Flickr stream|Category:Files with coordinates missing SDC location of creation|Category:Flickr images reviewed by File Upload Bot (Magnus Manske)|Category:Media needing category review as of 21 March 2016|Category:Solitary trees|Category:Taken with Canon EOS 40D
469,00469.jpg,File:Albero solitario (638356775).jpg,https://commons.wikimedia.org/wiki/File:Albero_solitario_(638356775).jpg,https://upload.wikimedia.org/wikipedia/commons/6/67/Albero_solitario_%28638356775%29.jpg?utm_source=commons.wikimedia.org&utm_campaign=imageinfo&utm_content=thumbnail_unscaled,1200,1800,"Roberto Ferrari from Campogalliano (Modena), Italy",CC BY-SA 2.0,,unknown,Category:CC-BY-SA-2.0|Category:Files from Roberto Ferrari Flickr stream|Category:Files with coordinates missing SDC location of creation|Category:Flickr images reviewed by File Upload Bot (Magnus Manske)|Category:Media needing category review as of 21 March 2016|Category:Solitary trees|Category:Taken with Canon EOS 350D|Category:Tone-mapped HDR images of Italy
470,00470.jpg,File:Albero solitario...ma non solo - panoramio.jpg,https://commons.wikimedia.org/wiki/File:Albero_solitario...ma_non_solo_-_panoramio.jpg,https://thumb.wikimedia.org/wikipedia/commons/thumb/b/b5/Albero_solitario...ma_non_solo_-_panoramio.jpg/1280px-Albero_solitario...ma_non_solo_-_panoramio.jpg?utm_source=commons.wikimedia.org&utm_campaign=imageinfo&utm_content=thumbnail,2306,3000,patano,CC BY-SA 3.0,,unknown,Category:CC-BY-SA-3.0|Category:Contre-jour photography of Italy|Category:Files with coordinates missing SDC location of creation|Category:Italy photographs taken on 2008-02-26|Category:Oulx|Category:Panoramio files uploaded by Panoramio upload bot|Category:Panoramio images reviewed by trusted users|Category:Photos from Panoramio|Category:Photos from Panoramio ID 2433337|Category:Solitary trees in Italy|Category:Trees in winter 2007-2008 in Italy|Category:Trees in winter in Italy|Category:Unidentified trees in Italy
471,00471.jpg,File:Albizia lebbeck.jpg,https://commons.wikimedia.org/wiki/File:Albizia_lebbeck.jpg,https://thumb.wikimedia.org/wikipedia/commons/thumb/8/82/Albizia_lebbeck.jpg/1280px-Albizia_lebbeck.jpg?utm_source=commons.wikimedia.org&utm_campaign=imageinfo&utm_content=thumbnail,4367,4229,Asima Bibi,CC BY-SA 4.0,Albizia,broadleaf,Category:CC-BY-SA-4.0|Category:Images from Wiki Loves Earth 2021|Category:Images from Wiki Loves Earth 2021 in United Arab Emirates|Category:Images from Wiki Loves Earth missing SDC depicts|Category:Images from Wiki Loves Earth missing SDC location of creation|Category:Natural heritage of United Arab Emirates without proper IDs|Category:Self-published work|Category:Solitary trees|Category:Uploaded via Campaign:wle-ae
472,00472.jpg,File:Alleinstehende.Linde.Nationalpark.Hainich.jpg,https://commons.wikimedia.org/wiki/File:Alleinstehende.Linde.Nationalpark.Hainich.jpg,https://thumb.wikimedia.org/wikipedia/commons/thumb/1/16/Alleinstehende.Linde.Nationalpark.Hainich.jpg/1280px-Alleinstehende.Linde.Nationalpark.Hainich.jpg?utm_source=commons.wikimedia.org&utm_campaign=imageinfo&utm_content=thumbnail,5184,3888,Membeth,CC BY-SA 4.0,Tilia,broadleaf,"Category:CC-BY-SA-4.0|Category:F-number f/5|Category:Famous trees in Thuringia|Category:Files with coordinates missing SDC location of creation (51° N, 10° E)|Category:Images from Wiki Loves Earth 2018|Category:Images from Wiki Loves Earth 2018 in Germany|Category:Images from Wiki Loves Earth 2018, DE-TH|Category:Images from Wiki Loves Earth missing SDC depicts|Category:Images from Wiki Loves Earth missing SDC location of creation|Category:Lens focal length 100 mm|Category:Nationalpark Hainich|Category:Self-published work|Category:Solitary trees|Category:Taken with Leica DG Vario-Elmar 100-400mm|Category:Taken with Panasonic Lumix DMC-GX8|Category:Thuringia photographs taken on 2018-04-30|Category:Tilia in Thuringia|Category:Trees in Wartburgkreis|Category:Uploaded via Campaign:wle-de-th"
473,00473.jpg,"File:Almendro en flor Sierras de Tejeda, Almijara y Alhama.jpg","https://commons.wikimedia.org/wiki/File:Almendro_en_flor_Sierras_de_Tejeda,_Almijara_y_Alhama.jpg",https://thumb.wikimedia.org/wikipedia/commons/thumb/5/53/Almendro_en_flor_Sierras_de_Tejeda%2C_Almijara_y_Alhama.jpg/1280px-Almendro_en_flor_Sierras_de_Tejeda%2C_Almijara_y_Alhama.jpg?utm_source=commons.wikimedia.org&utm_campaign=imageinfo&utm_content=thumbnail,1369,984,Mpoullet,CC BY-SA 3.0 es,Prunus,broadleaf,Category:Alhama de Granada|Category:All media supported by Wikimedia España in 2015|Category:CC-BY-SA-3.0-ES|Category:Images from Wiki Loves Earth 2015|Category:Images from Wiki Loves Earth 2015 in Spain|Category:Images from Wiki Loves Earth 2015 in Spain (28 May)|Category:Images from Wiki Loves Earth 2015 in Spain by Mpoullet|Category:Images from Wiki Loves Earth missing SDC depicts|Category:Images from Wiki Loves Earth missing SDC location of creation|Category:Images of a site of community importance in Andalusia from Wiki Loves Earth 2015 in Spain|Category:Images of a site of community importance with code ES6170007 from Wiki Loves Earth 2015 in Spain|Category:Images of a site of community importance with code ES6170007 from Wiki Loves Earth in Spain|Category:Prunus dulcis in Andalusia|Category:Prunus in flower in Spain|Category:Self-published work|Category:Small images from Wiki Loves Earth 2015 in Spain|Category:Solitary trees in Spain|Category:Special Areas of Conservation in Spain with known IDs|Category:Trees in the province of Granada|Category:Uploaded via Campaign:wle-es|Category:Uploaded via Campaign:wle-es in 2015
474,00474.jpg,File:Almirithra.JPG,https://commons.wikimedia.org/wiki/File:Almirithra.JPG,https://thumb.wikimedia.org/wikipedia/commons/thumb/6/6a/Almirithra.JPG/1280px-Almirithra.JPG?utm_source=commons.wikimedia.org&utm_campaign=imageinfo&utm_content=thumbnail,2272,1704,FocalPoint,CC BY-SA 3.0,,unknown,"Category:CC-BY-SA-2.5,2.0,1.0|Category:CC-BY-SA-3.0-migrated|Category:GFDL|Category:License migration redundant|Category:Pollonia (Milos)|Category:Self-published work|Category:Solitary trees in Greece|Category:Taken with Nikon Coolpix L4|Category:Unidentified Tamarix"
475,00475.jpg,File:Alone (148714391).jpeg,https://commons.wikimedia.org/wiki/File:Alone_(148714391).jpeg,https://thumb.wikimedia.org/wikipedia/commons/thumb/9/90/Alone_%28148714391%29.jpeg/1280px-Alone_%28148714391%29.jpeg?utm_source=commons.wikimedia.org&utm_campaign=imageinfo&utm_content=thumbnail,1365,2048,Levi Jackson,CC BY 3.0,,unknown,Category:CC-BY-3.0|Category:Photos imported with import-500px|Category:Solitary trees
476,00476.jpg,File:Alone (165185469).jpeg,https://commons.wikimedia.org/wiki/File:Alone_(165185469).jpeg,https://thumb.wikimedia.org/wikipedia/commons/thumb/8/87/Alone_%28165185469%29.jpeg/1280px-Alone_%28165185469%29.jpeg?utm_source=commons.wikimedia.org&utm_campaign=imageinfo&utm_content=thumbnail,2048,1536,Sreeraj T,CC0,,unknown,Category:CC-Zero|Category:Photos imported with import-500px|Category:Solitary trees
477,00477.jpg,File:Alone Tree (56911292).jpeg,https://commons.wikimedia.org/wiki/File:Alone_Tree_(56911292).jpeg,https://thumb.wikimedia.org/wikipedia/commons/thumb/0/06/Alone_Tree_%2856911292%29.jpeg/1280px-Alone_Tree_%2856911292%29.jpeg?utm_source=commons.wikimedia.org&utm_campaign=imageinfo&utm_content=thumbnail,2048,2048,Luke Channing Turner,CC BY-SA 3.0,,unknown,Category:CC-BY-SA-3.0|Category:Files with coordinates missing SDC location of creation|Category:Photos imported with import-500px|Category:Solitary trees in Jersey
478,00478.jpg,"File:Alte Kastanie, krank,Meyer zu Bentrup, Mühlengelände in Heepen, Bielefeld, Windwehe.jpg","https://commons.wikimedia.org/wiki/File:Alte_Kastanie,_krank,Meyer_zu_Bentrup,_M%C3%BChlengel%C3%A4nde_in_Heepen,_Bielefeld,_Windwehe.jpg",https://thumb.wikimedia.org/wikipedia/commons/thumb/3/3d/Alte_Kastanie%2C_krank%2CMeyer_zu_Bentrup%2C_M%C3%BChlengel%C3%A4nde_in_Heepen%2C_Bielefeld%2C_Windwehe.jpg/1280px-Alte_Kastanie%2C_krank%2CMeyer_zu_Bentrup%2C_M%C3%BChlengel%C3%A4nde_in_Heepen%2C_Bielefeld%2C_Windwehe.jpg?utm_source=commons.wikimedia.org&utm_campaign=imageinfo&utm_content=thumbnail,3264,4912,M.Listander,CC BY-SA 4.0,,unknown,"Category:CC-BY-SA-4.0|Category:Heepen|Category:Images from Wiki Loves Earth 2017|Category:Images from Wiki Loves Earth 2017 in Germany|Category:Images from Wiki Loves Earth 2017, DE-NW|Category:Images from Wiki Loves Earth missing SDC depicts|Category:Images from Wiki Loves Earth missing SDC location of creation|Category:Self-published work|Category:Solitary trees in Germany|Category:Uploaded via Campaign:wle-de-nw"
479,00479.jpg,File:Ama single.jpg,https://commons.wikimedia.org/wiki/File:Ama_single.jpg,https://thumb.wikimedia.org/wikipedia/commons/thumb/4/4b/Ama_single.jpg/1280px-Ama_single.jpg?utm_source=commons.wikimedia.org&utm_campaign=imageinfo&utm_content=thumbnail,3024,4032,Missteddybear,CC BY-SA 4.0,,unknown,Category:2016 in East Nusa Tenggara|Category:CC-BY-SA-4.0|Category:Files with coordinates missing SDC location of creation|Category:Flora of the Lesser Sunda Islands|Category:Images from Wiki Loves Earth 2017 in Indonesia|Category:Indonesia photographs taken on 2016-09-14|Category:Nature of Komodo|Category:Self-published work|Category:Solitary trees in Indonesia|Category:Twisted trees
480,00480.jpg,File:Amasra 1260400 nevit.jpg,https://commons.wikimedia.org/wiki/File:Amasra_1260400_nevit.jpg,https://thumb.wikimedia.org/wikipedia/commons/thumb/1/18/Amasra_1260400_nevit.jpg/1280px-Amasra_1260400_nevit.jpg?utm_source=commons.wikimedia.org&utm_campaign=imageinfo&utm_content=thumbnail,2304,3072,Nevit Dilmen (talk),CC BY-SA 2.5,Ficus,broadleaf,"Category:CC-BY-SA-2.5,2.0,1.0|Category:Ficus carica in Turkey|Category:Flora of Amasra|Category:GFDL|Category:License migration not eligible|Category:Nevit Dilmen|Category:Self-published work|Category:Solitary trees in Turkey|Category:Taken with Panasonic Lumix DMC-TZ3|Category:Turkey photographs taken on 2009-11-27"
481,00481.jpg,File:Amasra 1260423 nevit.jpg,https://commons.wikimedia.org/wiki/File:Amasra_1260423_nevit.jpg,https://thumb.wikimedia.org/wikipedia/commons/thumb/4/47/Amasra_1260423_nevit.jpg/1280px-Amasra_1260423_nevit.jpg?utm_source=commons.wikimedia.org&utm_campaign=imageinfo&utm_content=thumbnail,3072,2304,Nevit Dilmen (talk),CC BY-SA 2.5,,unknown,"Category:CC-BY-SA-2.5,2.0,1.0|Category:GFDL|Category:License migration not eligible|Category:Nature of Amasra|Category:Nevit Dilmen|Category:Self-published work|Category:Solitary trees in Turkey|Category:Taken with Panasonic Lumix DMC-TZ3"
482,00482.jpg,File:An Alone Tree.JPG,https://commons.wikimedia.org/wiki/File:An_Alone_Tree.JPG,https://thumb.wikimedia.org/wikipedia/commons/thumb/1/10/An_Alone_Tree.JPG/1280px-An_Alone_Tree.JPG?utm_source=commons.wikimedia.org&utm_campaign=imageinfo&utm_content=thumbnail,4608,3456,Parvezahmed,CC BY-SA 4.0,,unknown,Category:CC-BY-SA-4.0|Category:Self-published work|Category:Solitary trees|Category:Unidentified trees
483,00483.jpg,"File:And again alone, but still green.jpg","https://commons.wikimedia.org/wiki/File:And_again_alone,_but_still_green.jpg",https://thumb.wikimedia.org/wikipedia/commons/thumb/9/92/And_again_alone%2C_but_still_green.jpg/1280px-And_again_alone%2C_but_still_green.jpg?utm_source=commons.wikimedia.org&utm_campaign=imageinfo&utm_content=thumbnail,3504,2336,"Hamed Masoumi from Manchester, UK.",CC BY 2.0,,unknown,Category:CC-BY-2.0|Category:Fields in Kurdistan Province|Category:Flickr images reviewed by trusted users|Category:Solitary trees|Category:Taken with Canon EOS 30D|Category:Trees in Kurdistan Province
484,00484.jpg,File:Another one of the Tree - panoramio.jpg,https://commons.wikimedia.org/wiki/File:Another_one_of_the_Tree_-_panoramio.jpg,https://thumb.wikimedia.org/wikipedia/commons/thumb/4/48/Another_one_of_the_Tree_-_panoramio.jpg/1280px-Another_one_of_the_Tree_-_panoramio.jpg?utm_source=commons.wikimedia.org&utm_campaign=imageinfo&utm_content=thumbnail,3008,2000,Neil Aitkenhead,CC BY-SA 3.0,,unknown,Category:CC-BY-SA-3.0|Category:Files with coordinates missing SDC location of creation|Category:Panoramio files uploaded by Panoramio upload bot|Category:Panoramio images reviewed by trusted users|Category:Photos from Panoramio|Category:Photos from Panoramio ID 3399910|Category:Solitary trees in Spain|Category:Spain photographs taken on 2006-06-26|Category:Valle de Lecrín
485,00485.jpg,File:Apple tree (32445562743).jpg,https://commons.wikimedia.org/wiki/File:Apple_tree_(32445562743).jpg,https://thumb.wikimedia.org/wikipedia/commons/thumb/7/7c/Apple_tree_%2832445562743%29.jpg/1280px-Apple_tree_%2832445562743%29.jpg?utm_source=commons.wikimedia.org&utm_campaign=imageinfo&utm_content=thumbnail,2816,2112,"Егор Журавлёв from Smarde, Latvia",CC BY-SA 2.0,,unknown,Category:CC-BY-SA-2.0|Category:Files uploaded by Artix Kreiger|Category:Flickr images reviewed by FlickreviewR 2|Category:Images by Егор Журавлёв|Category:Latvia photographs taken on 2017-02-07|Category:Solitary trees in Latvia|Category:Unidentified locations in Latvia
486,00486.jpg,"File:Apple tree, Grantham, Lincolnshire - Dec 2005.JPG","https://commons.wikimedia.org/wiki/File:Apple_tree,_Grantham,_Lincolnshire_-_Dec_2005.JPG",https://thumb.wikimedia.org/wikipedia/commons/thumb/6/66/Apple_tree%2C_Grantham%2C_Lincolnshire_-_Dec_2005.JPG/1280px-Apple_tree%2C_Grantham%2C_Lincolnshire_-_Dec_2005.JPG?utm_source=commons.wikimedia.org&utm_campaign=imageinfo&utm_content=thumbnail,2560,1920,Acabashi,CC BY-SA 4.0,,unknown,Category:Acabashi photos: trees in Lincolnshire|Category:Apple trees in Lincolnshire|Category:CC-BY-SA-4.0|Category:December 2005 in Lincolnshire|Category:England photographs taken on 2005-12-28|Category:Leafless trees in the United Kingdom|Category:Photographs with aspect ratio of 4:3|Category:Self-published work|Category:Snow in England in December|Category:Snow-covered tree branches in the United Kingdom|Category:Solitary trees in the United Kingdom|Category:Taken with Konica Minolta Dimage Z5|Category:Trees in Lincolnshire in snow
487,00487.jpg,File:Arbol - panoramio - José Ibáñez.jpg,https://commons.wikimedia.org/wiki/File:Arbol_-_panoramio_-_Jos%C3%A9_Ib%C3%A1%C3%B1ez.jpg,https://thumb.wikimedia.org/wikipedia/commons/thumb/e/e9/Arbol_-_panoramio_-_Jos%C3%A9_Ib%C3%A1%C3%B1ez.jpg/1280px-Arbol_-_panoramio_-_Jos%C3%A9_Ib%C3%A1%C3%B1ez.jpg?utm_source=commons.wikimedia.org&utm_campaign=imageinfo&utm_content=thumbnail,3008,2000,José Ibáñez,CC BY 3.0,,unknown,Category:CC-BY-3.0|Category:Files with coordinates missing SDC location of creation|Category:Landscapes of the province of Guadalajara|Category:Panoramio files uploaded by Panoramio upload bot|Category:Panoramio images reviewed by trusted users|Category:Photos from Panoramio|Category:Photos from Panoramio ID 112166|Category:Solitary trees in Spain|Category:Spain photographs taken on 2007-06-22|Category:Trees in the province of Guadalajara
488,00488.jpg,"File:Arbol La Puerta, estado Trujillo, Venezuela.jpg","https://commons.wikimedia.org/wiki/File:Arbol_La_Puerta,_estado_Trujillo,_Venezuela.jpg",https://thumb.wikimedia.org/wikipedia/commons/thumb/f/f0/Arbol_La_Puerta%2C_estado_Trujillo%2C_Venezuela.jpg/1280px-Arbol_La_Puerta%2C_estado_Trujillo%2C_Venezuela.jpg?utm_source=commons.wikimedia.org&utm_campaign=imageinfo&utm_content=thumbnail,2592,3888,Luisontiveros,CC BY-SA 3.0,,unknown,Category:CC-BY-SA-3.0|Category:Images from Wikiviajes por Venezuela 2014|Category:July 2008 in Venezuela|Category:Photographs taken on 2008-07-05|Category:Self-published work|Category:Solitary trees in Venezuela|Category:Taken with Canon EOS 40D|Category:Trees in Trujillo (state)
489,00489.jpg,File:Arbol entre trigo - panoramio.jpg,https://commons.wikimedia.org/wiki/File:Arbol_entre_trigo_-_panoramio.jpg,https://thumb.wikimedia.org/wikipedia/commons/thumb/7/7d/Arbol_entre_trigo_-_panoramio.jpg/1280px-Arbol_entre_trigo_-_panoramio.jpg?utm_source=commons.wikimedia.org&utm_campaign=imageinfo&utm_content=thumbnail,3008,2000,José Ibáñez,CC BY 3.0,,unknown,Category:CC-BY-3.0|Category:Fields in the province of Guadalajara|Category:Files with coordinates missing SDC location of creation|Category:Landscapes of Sigüenza|Category:Meseta Sur|Category:Panoramio files uploaded by Panoramio upload bot|Category:Panoramio images reviewed by trusted users|Category:Photos from Panoramio|Category:Photos from Panoramio ID 112166|Category:Solitary trees in Spain|Category:Spain photographs taken on 2008-06-28
490,00490.jpg,File:Arbol1.JPG,https://commons.wikimedia.org/wiki/File:Arbol1.JPG,https://thumb.wikimedia.org/wikipedia/commons/thumb/9/98/Arbol1.JPG/1280px-Arbol1.JPG?utm_source=commons.wikimedia.org&utm_campaign=imageinfo&utm_content=thumbnail,2272,1704,Alejandro Vera Temiño,CC BY-SA 3.0,Populus,broadleaf,Category:CC-BY-SA-3.0|Category:GFDL|Category:License migration redundant|Category:Photographs taken on 2008-08-16|Category:Self-published work|Category:Solitary trees in Spain|Category:Taken with Canon PowerShot A85|Category:Trees in Castile and León|Category:Unidentified Populus
491,00491.jpg,File:Arbre seul à Bamako.jpg,https://commons.wikimedia.org/wiki/File:Arbre_seul_%C3%A0_Bamako.jpg,https://thumb.wikimedia.org/wikipedia/commons/thumb/5/57/Arbre_seul_%C3%A0_Bamako.jpg/1280px-Arbre_seul_%C3%A0_Bamako.jpg?utm_source=commons.wikimedia.org&utm_campaign=imageinfo&utm_content=thumbnail,3024,4032,Rgaudin,CC0,,unknown,Category:CC-Zero|Category:Files with coordinates missing SDC location of creation|Category:Self-published work|Category:Solitary trees|Category:Trees in Bamako|Category:Unidentified trees
492,00492.jpg,File:Argan plants.jpg,https://commons.wikimedia.org/wiki/File:Argan_plants.jpg,https://upload.wikimedia.org/wikipedia/commons/6/69/Argan_plants.jpg?utm_source=commons.wikimedia.org&utm_campaign=imageinfo&utm_content=thumbnail_unscaled,960,1200,Yassine laanani,CC BY-SA 4.0,,unknown,Category:CC-BY-SA-4.0|Category:Fields in Morocco|Category:Images from Wiki Loves Earth 2018|Category:Images from Wiki Loves Earth 2018 in Morocco|Category:Images from Wiki Loves Earth missing SDC depicts|Category:Images from Wiki Loves Earth missing SDC location of creation|Category:Morocco photographs taken on 2018-06-24|Category:Self-published work|Category:Sideroxylon spinosum|Category:Solitary trees|Category:Uploaded via Campaign:wle-ma
493,00493.jpg,"File:Argan tree, Tighrassen, Tarsouat, Amanouz, Tafraout.JPG","https://commons.wikimedia.org/wiki/File:Argan_tree,_Tighrassen,_Tarsouat,_Amanouz,_Tafraout.JPG",https://thumb.wikimedia.org/wikipedia/commons/thumb/e/e1/Argan_tree%2C_Tighrassen%2C_Tarsouat%2C_Amanouz%2C_Tafraout.JPG/1280px-Argan_tree%2C_Tighrassen%2C_Tarsouat%2C_Amanouz%2C_Tafraout.JPG?utm_source=commons.wikimedia.org&utm_campaign=imageinfo&utm_content=thumbnail,3648,2432,F.Benotman,CC BY-SA 3.0,,unknown,Category:CC-BY-SA-3.0|Category:Self-published work|Category:Sideroxylon spinosum|Category:Solitary trees|Category:Tughrassen
494,00494.jpg,File:Argana Arbre Nord Afr.jpg,https://commons.wikimedia.org/wiki/File:Argana_Arbre_Nord_Afr.jpg,https://thumb.wikimedia.org/wikipedia/commons/thumb/6/60/Argana_Arbre_Nord_Afr.jpg/1280px-Argana_Arbre_Nord_Afr.jpg?utm_source=commons.wikimedia.org&utm_campaign=imageinfo&utm_content=thumbnail,2048,1536,Rachid annoub,CC BY-SA 4.0,,unknown,Category:CC-BY-SA-4.0|Category:Images from Wiki Loves Africa 2015|Category:Images from Wiki Loves Africa 2015 in Morocco|Category:Images from Wiki Loves Africa 2015 to check|Category:Self-published work|Category:Sideroxylon spinosum|Category:Solitary trees|Category:Trees in Morocco|Category:Uploaded via Campaign:wlafrica
495,00495.jpg,File:Arkhangai Aimag6.JPG,https://commons.wikimedia.org/wiki/File:Arkhangai_Aimag6.JPG,https://thumb.wikimedia.org/wikipedia/commons/thumb/0/02/Arkhangai_Aimag6.JPG/1280px-Arkhangai_Aimag6.JPG?utm_source=commons.wikimedia.org&utm_campaign=imageinfo&utm_content=thumbnail,3072,2304,Arabsalam,CC BY-SA 4.0,Populus,broadleaf,Category:Animals of Arkhangai Province|Category:CC-BY-SA-4.0|Category:Landscapes of Mongolia|Category:Self-published work|Category:Solitary trees in Mongolia|Category:Taken with Sony DSC-W80|Category:Unidentified Populus
496,00496.jpg,File:Artviže (11565283545).jpg,https://commons.wikimedia.org/wiki/File:Artvi%C5%BEe_(11565283545).jpg,https://thumb.wikimedia.org/wikipedia/commons/thumb/f/f8/Artvi%C5%BEe_%2811565283545%29.jpg/1280px-Artvi%C5%BEe_%2811565283545%29.jpg?utm_source=commons.wikimedia.org&utm_campaign=imageinfo&utm_content=thumbnail,3264,2448,Ognjen Antonič,CC BY 2.0,,unknown,Category:CC-BY-2.0|Category:Files with coordinates missing SDC location of creation|Category:Flickr images missing SDC published in|Category:Flickr images reviewed by FlickreviewR|Category:Images with extracted images|Category:Solitary trees in Slovenia|Category:SpomenikSVN warning|Category:St. Servulus's Church (Artviže)|Category:Taken with iPhone 4S
497,00497.jpg,File:Arvore na Lagoa de Araruama.jpg,https://commons.wikimedia.org/wiki/File:Arvore_na_Lagoa_de_Araruama.jpg,https://thumb.wikimedia.org/wikipedia/commons/thumb/6/62/Arvore_na_Lagoa_de_Araruama.jpg/1280px-Arvore_na_Lagoa_de_Araruama.jpg?utm_source=commons.wikimedia.org&utm_campaign=imageinfo&utm_content=thumbnail,4608,3456,Edvaldo LL Souza,CC BY-SA 4.0,,unknown,Category:Beaches of Brazil|Category:CC-BY-SA-4.0|Category:Lagoa de Araruama|Category:Self-published work|Category:Solitary trees|Category:Unidentified trees
498,00498.jpg,File:ArvoreSabedoria.JPG,https://commons.wikimedia.org/wiki/File:ArvoreSabedoria.JPG,https://thumb.wikimedia.org/wikipedia/commons/thumb/e/e4/ArvoreSabedoria.JPG/1280px-ArvoreSabedoria.JPG?utm_source=commons.wikimedia.org&utm_campaign=imageinfo&utm_content=thumbnail,2016,1512,,CC BY-SA 3.0,,unknown,Category:CC-BY-SA-3.0-migrated|Category:Files with no machine-readable author|Category:Files with no machine-readable source|Category:GFDL|Category:License migration redundant|Category:Media missing infobox template|Category:Self-published work|Category:Solitary trees|Category:Taken with Fujifilm FinePix A330
499,00499.jpg,File:At San Francisco 2015 073.jpg,https://commons.wikimedia.org/wiki/File:At_San_Francisco_2015_073.jpg,https://thumb.wikimedia.org/wikipedia/commons/thumb/2/27/At_San_Francisco_2015_073.jpg/1280px-At_San_Francisco_2015_073.jpg?utm_source=commons.wikimedia.org&utm_campaign=imageinfo&utm_content=thumbnail,3456,5184,Photograph by Mike Peel (www.mikepeel.net).,CC BY-SA 4.0,Cupressus,conifer,Category:CC-BY-SA-4.0|Category:Cupressus macrocarpa (cultivated) in the United States|Category:November 2015 in San Francisco|Category:Photos by Mike Peel using a Canon EOS 60D|Category:Self-published work|Category:Solitary trees in the United States|Category:Speaker towers of Aquatic Park|Category:Trees in San Francisco|Category:United States photographs taken on 2015-11-21
500,00500.jpg,File:Atakora-Parkia biglobosa.jpg,https://commons.wikimedia.org/wiki/File:Atakora-Parkia_biglobosa.jpg,https://thumb.wikimedia.org/wikipedia/commons/thumb/5/56/Atakora-Parkia_biglobosa.jpg/1280px-Atakora-Parkia_biglobosa.jpg?utm_source=commons.wikimedia.org&utm_campaign=imageinfo&utm_content=thumbnail,5472,3648,Ji-Elle,CC BY-SA 4.0,,unknown,Category:CC-BY-SA-4.0|Category:Parkia biglobosa|Category:Self-published work|Category:Solitary trees in Bénin
501,00501.jpg,File:Atakota-Parkia biglobosa (9).jpg,https://commons.wikimedia.org/wiki/File:Atakota-Parkia_biglobosa_(9).jpg,https://thumb.wikimedia.org/wikipedia/commons/thumb/4/4d/Atakota-Parkia_biglobosa_%289%29.jpg/1280px-Atakota-Parkia_biglobosa_%289%29.jpg?utm_source=commons.wikimedia.org&utm_campaign=imageinfo&utm_content=thumbnail,5472,3648,Ji-Elle,CC BY-SA 4.0,,unknown,Category:Atakora Department|Category:CC-BY-SA-4.0|Category:Parkia biglobosa|Category:Self-published work|Category:Solitary trees in Bénin
502,00502.jpg,File:Au Quartchi du Hâvre Saint Hélyi Jèrri Mar 2012 03.jpg,https://commons.wikimedia.org/wiki/File:Au_Quartchi_du_H%C3%A2vre_Saint_H%C3%A9lyi_J%C3%A8rri_Mar_2012_03.jpg,https://thumb.wikimedia.org/wikipedia/commons/thumb/3/3c/Au_Quartchi_du_H%C3%A2vre_Saint_H%C3%A9lyi_J%C3%A8rri_Mar_2012_03.jpg/1280px-Au_Quartchi_du_H%C3%A2vre_Saint_H%C3%A9lyi_J%C3%A8rri_Mar_2012_03.jpg?utm_source=commons.wikimedia.org&utm_campaign=imageinfo&utm_content=thumbnail,2991,3533,Man vyi,Public domain,,unknown,"Category:Buildings in Saint Helier, Jersey|Category:Elizabeth Marina|Category:PD-self|Category:Radisson Blu Waterfront Hotel, Jersey|Category:Self-published work|Category:Solitary trees in Jersey|Category:Taken with Canon PowerShot A2100 IS"
503,00503.jpg,File:Auslikon - Strandweg 2012-04-19 13-51-28 (P7000).JPG,https://commons.wikimedia.org/wiki/File:Auslikon_-_Strandweg_2012-04-19_13-51-28_(P7000).JPG,https://thumb.wikimedia.org/wikipedia/commons/thumb/3/39/Auslikon_-_Strandweg_2012-04-19_13-51-28_%28P7000%29.JPG/1280px-Auslikon_-_Strandweg_2012-04-19_13-51-28_%28P7000%29.JPG?utm_source=commons.wikimedia.org&utm_campaign=imageinfo&utm_content=thumbnail,3648,2736,Roland zh,CC BY-SA 3.0,,unknown,Category:Auslikon|Category:CC-BY-SA-3.0|Category:Farms in the canton of Zürich|Category:Files with coordinates missing SDC location of creation|Category:Information field template with formatting|Category:Mountains and forests in the canton of Zürich|Category:Photographs by Roland Fischer|Category:Self-published work|Category:Solitary trees in Switzerland|Category:Switzerland photographs taken on 2012-04-19|Category:Taken with Nikon Coolpix P7000|Category:Trees in the canton of Zürich in spring
504,00504.jpg,File:Autumn Oak - Broadhall Way - Stevenage.jpg,https://commons.wikimedia.org/wiki/File:Autumn_Oak_-_Broadhall_Way_-_Stevenage.jpg,https://thumb.wikimedia.org/wikipedia/commons/thumb/d/d5/Autumn_Oak_-_Broadhall_Way_-_Stevenage.jpg/1280px-Autumn_Oak_-_Broadhall_Way_-_Stevenage.jpg?utm_source=commons.wikimedia.org&utm_campaign=imageinfo&utm_content=thumbnail,10887,7044,Colin,CC BY-SA 3.0,,unknown,"Category:CC-BY-SA-3.0|Category:Dog walking|Category:Featured pictures by User:Colin|Category:Featured pictures of Hertfordshire|Category:Featured pictures on Wikimedia Commons|Category:Files with coordinates missing SDC location of creation (51° N, 1° W)|Category:Incidental dogs|Category:Information field template with formatting|Category:Large images|Category:November 2012 in Hertfordshire|Category:Photographs by User:Colin|Category:Self-published work|Category:Solitary trees in the United Kingdom|Category:Taken with Sony SLT-A33|Category:Trees in Stevenage|Category:Trees in autumn|Category:United Kingdom photographs taken on 2012-11-11"
505,00505.jpg,File:Ayu-dag-mis plaka2.jpg,https://commons.wikimedia.org/wiki/File:Ayu-dag-mis_plaka2.jpg,https://upload.wikimedia.org/wikipedia/commons/0/06/Ayu-dag-mis_plaka2.jpg?utm_source=commons.wikimedia.org&utm_campaign=imageinfo&utm_content=thumbnail_unscaled,1280,849,Dmitry Panoff,CC BY-SA 3.0,,unknown,Category:Ayu-Dag|Category:Black Sea in Crimea in 2013|Category:CC-BY-SA-3.0|Category:Crimea photographs taken on 2013-04-14|Category:Natural heritage sites in Ukraine with known IDs|Category:Self-published work|Category:Solitary trees in Ukraine|Category:Taken with Nikon D5100
506,00506.jpg,File:Babul-tree-1.jpg,https://commons.wikimedia.org/wiki/File:Babul-tree-1.jpg,https://upload.wikimedia.org/wikipedia/commons/d/db/Babul-tree-1.jpg?utm_source=commons.wikimedia.org&utm_campaign=imageinfo&utm_content=thumbnail_unscaled,1024,768,Unknown authorUnknown author,CC BY-SA 4.0,Vachellia,broadleaf,Category:CC-BY-SA-4.0|Category:Solitary trees|Category:Template Unknown (author)|Category:Vachellia nilotica
507,00507.jpg,File:Bajer-VidemCesta1.JPG,https://commons.wikimedia.org/wiki/File:Bajer-VidemCesta1.JPG,https://thumb.wikimedia.org/wikipedia/commons/thumb/7/71/Bajer-VidemCesta1.JPG/1280px-Bajer-VidemCesta1.JPG?utm_source=commons.wikimedia.org&utm_campaign=imageinfo&utm_content=thumbnail,3216,2136,Žiga,CC BY-SA 3.0,,unknown,Category:CC-BY-SA-3.0|Category:GFDL|Category:License migration redundant|Category:Municipality of Dobrepolje|Category:Ponds in Lower Carniola|Category:Self-published work|Category:Solitary trees in Slovenia|Category:Taken with Nikon D90|Category:Unidentified trees in Slovenia
508,00508.jpg,File:Barragem do Arade - tree at sunset (13411827423).jpg,https://commons.wikimedia.org/wiki/File:Barragem_do_Arade_-_tree_at_sunset_(13411827423).jpg,https://thumb.wikimedia.org/wikipedia/commons/thumb/d/d5/Barragem_do_Arade_-_tree_at_sunset_%2813411827423%29.jpg/1280px-Barragem_do_Arade_-_tree_at_sunset_%2813411827423%29.jpg?utm_source=commons.wikimedia.org&utm_campaign=imageinfo&utm_content=thumbnail,4566,3047,"muffinn from Worcester, UK",CC BY 2.0,,unknown,Category:Albufeira da Barragem do Arade|Category:CC-BY-2.0|Category:Flickr images reviewed by FlickreviewR|Category:Portugal photographs taken on 2014-02-18|Category:Solitary trees in Portugal|Category:Taken with Canon EOS 500D|Category:Trees at sunset in Portugal
509,00509.jpg,File:Barragem do Arade - tree on the hill (13411710313).jpg,https://commons.wikimedia.org/wiki/File:Barragem_do_Arade_-_tree_on_the_hill_(13411710313).jpg,https://thumb.wikimedia.org/wikipedia/commons/thumb/2/2b/Barragem_do_Arade_-_tree_on_the_hill_%2813411710313%29.jpg/1280px-Barragem_do_Arade_-_tree_on_the_hill_%2813411710313%29.jpg?utm_source=commons.wikimedia.org&utm_campaign=imageinfo&utm_content=thumbnail,3648,2432,"muffinn from Worcester, UK",CC BY 2.0,Quercus,broadleaf,Category:Barragem do Arade|Category:CC-BY-2.0|Category:Flickr images missing SDC Flickr photo ID|Category:Flickr images missing SDC published in|Category:Flickr images reviewed by FlickreviewR|Category:Portugal photographs taken on 2014-02-19|Category:Quercus suber|Category:Quercus suber in Portugal|Category:Solitary trees in Portugal|Category:Taken with Panasonic Lumix DMC-TZ6|Category:Trees in 2014
510,00510.jpg,File:Baum im Sossusvlei.jpg,https://commons.wikimedia.org/wiki/File:Baum_im_Sossusvlei.jpg,https://thumb.wikimedia.org/wikipedia/commons/thumb/a/a5/Baum_im_Sossusvlei.jpg/1280px-Baum_im_Sossusvlei.jpg?utm_source=commons.wikimedia.org&utm_campaign=imageinfo&utm_content=thumbnail,6000,4000,Hp.Baumeler,CC BY-SA 4.0,Vachellia,broadleaf,Category:CC-BY-SA-4.0|Category:Files with coordinates missing SDC location of creation|Category:Flora of Sossusvlei|Category:Self-published work|Category:Solitary trees in Namibia|Category:Vachellia erioloba
511,00511.jpg,File:Baumgruppe.JPG,https://commons.wikimedia.org/wiki/File:Baumgruppe.JPG,https://thumb.wikimedia.org/wikipedia/commons/thumb/b/b7/Baumgruppe.JPG/1280px-Baumgruppe.JPG?utm_source=commons.wikimedia.org&utm_campaign=imageinfo&utm_content=thumbnail,3000,2000,btr,GFDL,,unknown,Category:Files by btr|Category:GFDL|Category:License migration opt-out|Category:Solitary trees|Category:Taken with Sony DSC-F828
512,00512.jpg,File:Beautiful sun rise view.jpg,https://commons.wikimedia.org/wiki/File:Beautiful_sun_rise_view.jpg,https://thumb.wikimedia.org/wikipedia/commons/thumb/7/72/Beautiful_sun_rise_view.jpg/1280px-Beautiful_sun_rise_view.jpg?utm_source=commons.wikimedia.org&utm_campaign=imageinfo&utm_content=thumbnail,4608,3456,Jassimehra,CC BY-SA 3.0,,unknown,Category:CC-BY-SA-3.0|Category:Photographs taken on 2018-06-29|Category:Self-published work|Category:Solitary trees|Category:Sunrises in unidentified locations|Category:Unidentified bodies of water|Category:Unidentified trees|Category:Uploaded with Mobile/Android|Category:Uploaded with Mobile/Android (Nov 2017-Aug 2019)
513,00513.jpg,File:Beauty in dryness - View from Thandiani hill station.jpg,https://commons.wikimedia.org/wiki/File:Beauty_in_dryness_-_View_from_Thandiani_hill_station.jpg,https://thumb.wikimedia.org/wikipedia/commons/thumb/0/0b/Beauty_in_dryness_-_View_from_Thandiani_hill_station.jpg/1280px-Beauty_in_dryness_-_View_from_Thandiani_hill_station.jpg?utm_source=commons.wikimedia.org&utm_campaign=imageinfo&utm_content=thumbnail,2235,2794,Samimushtaq,CC BY-SA 4.0,,unknown,Category:CC-BY-SA-4.0|Category:Files with coordinates missing SDC location of creation|Category:Images from Wiki Loves Earth 2017|Category:Images from Wiki Loves Earth 2017 in Pakistan|Category:Images from Wiki Loves Earth missing SDC depicts|Category:Images from Wiki Loves Earth missing SDC location of creation|Category:Pakistan photographs taken on 2017-05-14|Category:Self-published work|Category:Solitary trees|Category:Stratus nebulosus clouds|Category:Thandiyani|Category:Uploaded via Campaign:wle-pk|Category:WLE 2016 Pakistan unreviewed
514,00514.jpg,File:Beneath The Skies (24203099).jpeg,https://commons.wikimedia.org/wiki/File:Beneath_The_Skies_(24203099).jpeg,https://thumb.wikimedia.org/wikipedia/commons/thumb/a/a0/Beneath_The_Skies_%2824203099%29.jpeg/1280px-Beneath_The_Skies_%2824203099%29.jpeg?utm_source=commons.wikimedia.org&utm_campaign=imageinfo&utm_content=thumbnail,2048,1942,Alexey Savchenko,CC BY 3.0,,unknown,Category:CC-BY-3.0|Category:Photos imported with import-500px|Category:Solitary trees|Category:Unidentified trees
515,00515.jpg,File:Berako madariondoa.jpg,https://commons.wikimedia.org/wiki/File:Berako_madariondoa.jpg,https://thumb.wikimedia.org/wikipedia/commons/thumb/0/04/Berako_madariondoa.jpg/1280px-Berako_madariondoa.jpg?utm_source=commons.wikimedia.org&utm_campaign=imageinfo&utm_content=thumbnail,4001,2510,Uranzu,CC BY-SA 4.0,,unknown,Category:CC-BY-SA-4.0|Category:Files with coordinates missing SDC location of creation|Category:On OSM|Category:Self-published work|Category:Solitary trees|Category:Unidentified trees
516,00516.jpg,File:Best Off Tree (184953191).jpeg,https://commons.wikimedia.org/wiki/File:Best_Off_Tree_(184953191).jpeg,https://thumb.wikimedia.org/wikipedia/commons/thumb/d/de/Best_Off_Tree_%28184953191%29.jpeg/1280px-Best_Off_Tree_%28184953191%29.jpeg?utm_source=commons.wikimedia.org&utm_campaign=imageinfo&utm_content=thumbnail,2048,1365,Markus Maiwald,CC BY 3.0,,unknown,Category:Birds in flight|Category:CC-BY-3.0|Category:Photos imported with import-500px|Category:Solitary trees|Category:Trees at sunset
517,00517.jpg,File:Bhaktivedanta Manor - 36.JPG,https://commons.wikimedia.org/wiki/File:Bhaktivedanta_Manor_-_36.JPG,https://thumb.wikimedia.org/wikipedia/commons/thumb/3/33/Bhaktivedanta_Manor_-_36.JPG/1280px-Bhaktivedanta_Manor_-_36.JPG?utm_source=commons.wikimedia.org&utm_campaign=imageinfo&utm_content=thumbnail,1728,2304,Ilya Mauter,CC BY-SA 2.5,Sequoiadendron,conifer,Category:Bhaktivedanta Manor|Category:Buildings in England photographed in 2009|Category:CC-BY-SA-2.5|Category:Hindu temples in the United Kingdom photographed in 2009|Category:Self-published work|Category:September 2009 in Hertfordshire|Category:Sequoiadendron giganteum (cultivated) in Hertfordshire|Category:Solitary trees in the United Kingdom|Category:Taken with Fujifilm FinePix E500|Category:United Kingdom photographs taken on 2009-09-10
518,00518.jpg,File:Big Juniper (11519023784).jpg,https://commons.wikimedia.org/wiki/File:Big_Juniper_(11519023784).jpg,https://thumb.wikimedia.org/wikipedia/commons/thumb/3/3b/Big_Juniper_%2811519023784%29.jpg/1280px-Big_Juniper_%2811519023784%29.jpg?utm_source=commons.wikimedia.org&utm_campaign=imageinfo&utm_content=thumbnail,5184,3456,Bureau of Land Management Oregon and Washington,Public domain,Juniperus,conifer,Category:CC-BY-2.0|Category:Files from the Bureau of Land Management Oregon and Washington Flickr stream|Category:Files with coordinates missing SDC location of creation|Category:Flickr images reviewed by FlickreviewR|Category:Flora in Juniper Dunes Wilderness|Category:Juniperus occidentalis subsp. occidentalis|Category:PD US BLM|Category:Solitary trees
519,00519.jpg,File:Big Tree Texas 2024.jpg,https://commons.wikimedia.org/wiki/File:Big_Tree_Texas_2024.jpg,https://thumb.wikimedia.org/wikipedia/commons/thumb/8/8b/Big_Tree_Texas_2024.jpg/1280px-Big_Tree_Texas_2024.jpg?utm_source=commons.wikimedia.org&utm_campaign=imageinfo&utm_content=thumbnail,4500,3000,Larry D. Moore,CC BY 4.0,Quercus,broadleaf,Category:CC-BY-4.0|Category:Famous Quercus in the United States|Category:Files by User:Nv8200p|Category:Goose Island State Park|Category:May 2007 in Texas|Category:Quercus virginiana in Texas|Category:Self-published work|Category:Solitary trees in the United States|Category:Taken with Canon EOS 750D and Canon EF-S 10-18mm f/4.5-5.6 IS STM|Category:United States photographs taken on 2024-04-22
520,00520.jpg,File:Big tree - panoramio - Tanya Dedyukhina.jpg,https://commons.wikimedia.org/wiki/File:Big_tree_-_panoramio_-_Tanya_Dedyukhina.jpg,https://thumb.wikimedia.org/wikipedia/commons/thumb/f/f1/Big_tree_-_panoramio_-_Tanya_Dedyukhina.jpg/1280px-Big_tree_-_panoramio_-_Tanya_Dedyukhina.jpg?utm_source=commons.wikimedia.org&utm_campaign=imageinfo&utm_content=thumbnail,2816,2112,Tanya Dedyukhina,CC BY 3.0,,unknown,"Category:August 2010 in Queensland|Category:Australia photographs taken on 2010-08-05|Category:CC-BY-3.0|Category:Files with coordinates missing SDC location of creation|Category:Panoramio files uploaded by Panoramio upload bot|Category:Panoramio images reviewed by trusted users|Category:Photos from Panoramio|Category:Photos from Panoramio ID 2900405|Category:Sandgate, Queensland|Category:Solitary trees in Australia|Category:Unidentified trees in Australia"
521,00521.jpg,File:Big tree.jpg,https://commons.wikimedia.org/wiki/File:Big_tree.jpg,https://thumb.wikimedia.org/wikipedia/commons/thumb/0/02/Big_tree.jpg/1280px-Big_tree.jpg?utm_source=commons.wikimedia.org&utm_campaign=imageinfo&utm_content=thumbnail,1794,1299,Larry D. Moore,CC BY 4.0,Quercus,broadleaf,Category:CC-BY-4.0|Category:Famous Quercus in the United States|Category:Files by User:Nv8200p|Category:Goose Island State Park|Category:May 2007 in Texas|Category:Quercus virginiana in Texas|Category:Self-published work|Category:Solitary trees in the United States|Category:Taken with Kodak EasyShare P880|Category:United States photographs taken on 2007-05-11
522,00522.jpg,File:Bijli Mahadev.jpg,https://commons.wikimedia.org/wiki/File:Bijli_Mahadev.jpg,https://thumb.wikimedia.org/wikipedia/commons/thumb/b/bc/Bijli_Mahadev.jpg/1280px-Bijli_Mahadev.jpg?utm_source=commons.wikimedia.org&utm_campaign=imageinfo&utm_content=thumbnail,4320,3240,Ashish Sharma,CC BY-SA 4.0,,unknown,Category:Bijli Mahadev|Category:CC-BY-SA-4.0|Category:Images from Wiki Loves Earth 2016|Category:Images from Wiki Loves Earth 2016 in India|Category:Images from Wiki Loves Earth missing SDC depicts|Category:Images from Wiki Loves Earth missing SDC location of creation|Category:Self-published work|Category:Solitary trees in India|Category:Temples in India in snow|Category:Uploaded via Campaign:wle-in
523,00523.jpg,"File:Biljne vrste u niškoj tvrđavi, Srbija, Niš (12).jpg","https://commons.wikimedia.org/wiki/File:Biljne_vrste_u_ni%C5%A1koj_tvr%C4%91avi,_Srbija,_Ni%C5%A1_(12).jpg",https://thumb.wikimedia.org/wikipedia/commons/thumb/7/77/Biljne_vrste_u_ni%C5%A1koj_tvr%C4%91avi%2C_Srbija%2C_Ni%C5%A1_%2812%29.jpg/500px-Biljne_vrste_u_ni%C5%A1koj_tvr%C4%91avi%2C_Srbija%2C_Ni%C5%A1_%2812%29.jpg?utm_source=commons.wikimedia.org&utm_campaign=imageinfo&utm_content=thumbnail,768,1024,Synezis,CC BY-SA 4.0,,unknown,Category:CC-BY-SA-4.0|Category:Divlji Viki Parkovi 2017|Category:Nature of Niš|Category:Self-published work|Category:Solitary trees in Serbia|Category:Unidentified trees in Serbia
524,00524.jpg,"File:Biljne vrste u niškoj tvrđavi, Srbija, Niš (72).jpg","https://commons.wikimedia.org/wiki/File:Biljne_vrste_u_ni%C5%A1koj_tvr%C4%91avi,_Srbija,_Ni%C5%A1_(72).jpg",https://thumb.wikimedia.org/wikipedia/commons/thumb/3/34/Biljne_vrste_u_ni%C5%A1koj_tvr%C4%91avi%2C_Srbija%2C_Ni%C5%A1_%2872%29.jpg/500px-Biljne_vrste_u_ni%C5%A1koj_tvr%C4%91avi%2C_Srbija%2C_Ni%C5%A1_%2872%29.jpg?utm_source=commons.wikimedia.org&utm_campaign=imageinfo&utm_content=thumbnail,768,1024,Zerocool.marko,CC BY-SA 4.0,Salix,broadleaf,Category:CC-BY-SA-4.0|Category:Divlji Viki Parkovi 2017|Category:Nature of Niš|Category:Salix|Category:Self-published work|Category:Solitary trees in Serbia
525,00525.jpg,"File:Biljne vrste u niškoj tvrđavi, Srbija, Niš (82).jpg","https://commons.wikimedia.org/wiki/File:Biljne_vrste_u_ni%C5%A1koj_tvr%C4%91avi,_Srbija,_Ni%C5%A1_(82).jpg",https://upload.wikimedia.org/wikipedia/commons/0/01/Biljne_vrste_u_ni%C5%A1koj_tvr%C4%91avi%2C_Srbija%2C_Ni%C5%A1_%2882%29.jpg?utm_source=commons.wikimedia.org&utm_campaign=imageinfo&utm_content=thumbnail_unscaled,1024,768,Synezis,CC BY-SA 4.0,,unknown,Category:CC-BY-SA-4.0|Category:Divlji Viki Parkovi 2017|Category:Nature of Niš|Category:Self-published work|Category:Solitary trees in Serbia|Category:Unidentified trees in Serbia
526,00526.jpg,File:Birke im Spätherbst.JPG,https://commons.wikimedia.org/wiki/File:Birke_im_Sp%C3%A4therbst.JPG,https://thumb.wikimedia.org/wikipedia/commons/thumb/0/0f/Birke_im_Sp%C3%A4therbst.JPG/1280px-Birke_im_Sp%C3%A4therbst.JPG?utm_source=commons.wikimedia.org&utm_campaign=imageinfo&utm_content=thumbnail,4016,6016,Christian Michelides,CC BY-SA 4.0,Betula,broadleaf,Category:Betula|Category:CC-BY-SA-4.0|Category:Images uploaded by Gedenksteine|Category:Nature of unidentified locations|Category:Overcast|Category:Photographs by Christian Michelides|Category:Solitary trees|Category:Unidentified Betula|Category:Unidentified streets
527,00527.jpg,File:Black Tree and White Sky.jpg,https://commons.wikimedia.org/wiki/File:Black_Tree_and_White_Sky.jpg,https://thumb.wikimedia.org/wikipedia/commons/thumb/3/37/Black_Tree_and_White_Sky.jpg/1280px-Black_Tree_and_White_Sky.jpg?utm_source=commons.wikimedia.org&utm_campaign=imageinfo&utm_content=thumbnail,4000,3200,X490,CC BY 4.0,,unknown,Category:Black and white photographs|Category:CC-BY-4.0|Category:Self-published work|Category:Solitary trees
528,00528.jpg,File:Blata 24 kastan.jpg,https://commons.wikimedia.org/wiki/File:Blata_24_kastan.jpg,https://thumb.wikimedia.org/wikipedia/commons/thumb/7/7b/Blata_24_kastan.jpg/1280px-Blata_24_kastan.jpg?utm_source=commons.wikimedia.org&utm_campaign=imageinfo&utm_content=thumbnail,2736,3648,JiriMatejicek,CC BY-SA 3.0,Aesculus,broadleaf,Category:Aesculus hippocastanum in the Czech Republic|Category:Blata (Zámostí-Blata)|Category:CC-BY-SA-3.0|Category:Files with coordinates missing SDC location of creation|Category:Mediagrant|Category:Mediagrant:Foto českých obcí|Category:Solitary trees in the Czech Republic|Category:Uploaded with VicuñaUploader
529,00529.jpg,File:Bologna-1080.jpg,https://commons.wikimedia.org/wiki/File:Bologna-1080.jpg,https://upload.wikimedia.org/wikipedia/commons/6/65/Bologna-1080.jpg?utm_source=commons.wikimedia.org&utm_campaign=imageinfo&utm_content=thumbnail_unscaled,750,1000,GennaroBologna,CC BY-SA 4.0,,unknown,Category:August 2015 in Bologna|Category:CC-BY-SA-4.0|Category:Cultural heritage monuments in Italy missing SDC depicts|Category:Cultural heritage monuments in Italy missing SDC location of creation|Category:Cultural heritage monuments in Italy with known IDs|Category:Files with coordinates missing SDC location of creation|Category:Gate towers in Bologna|Category:Images from Wiki Loves Monuments 2016|Category:Images from Wiki Loves Monuments 2016 in Italy|Category:Images from Wiki Loves Monuments 2016 in Italy - Emilia-Romagna|Category:Images from Wiki Loves Monuments missing SDC depicts|Category:Images from Wiki Loves Monuments missing SDC location of creation|Category:Italy photographs taken on 2015-08-30|Category:Self-published work|Category:Solitary trees in Italy|Category:Trees in Bologna|Category:Uploaded via Campaign:wlm-it
530,00530.jpg,File:Bombax costatum around Pendjari National Park.jpg,https://commons.wikimedia.org/wiki/File:Bombax_costatum_around_Pendjari_National_Park.jpg,https://thumb.wikimedia.org/wikipedia/commons/thumb/0/08/Bombax_costatum_around_Pendjari_National_Park.jpg/1280px-Bombax_costatum_around_Pendjari_National_Park.jpg?utm_source=commons.wikimedia.org&utm_campaign=imageinfo&utm_content=thumbnail,3888,5184,Farid AMADOU BAHLEMAN,CC BY-SA 4.0,Bombax,broadleaf,Category:CC-BY-SA-4.0|Category:Files with coordinates missing SDC location of creation|Category:Flora of Pendjari National Park|Category:Images from Wiki Loves Earth 2020|Category:Images from Wiki Loves Earth 2020 in Benin|Category:Images from Wiki Loves Earth missing SDC location of creation|Category:Self-published work|Category:Solitary trees in Bénin|Category:Uploaded via Campaign:wle-bj
531,00531.jpg,File:Bonding (139172053).jpeg,https://commons.wikimedia.org/wiki/File:Bonding_(139172053).jpeg,https://thumb.wikimedia.org/wikipedia/commons/thumb/8/83/Bonding_%28139172053%29.jpeg/1280px-Bonding_%28139172053%29.jpeg?utm_source=commons.wikimedia.org&utm_campaign=imageinfo&utm_content=thumbnail,2048,1537,Monica Georgescu,CC BY-SA 3.0,,unknown,Category:CC-BY-SA-3.0|Category:Photos imported with import-500px|Category:Solitary trees
532,00532.jpg,File:Boom in het zand (3811343257).jpg,https://commons.wikimedia.org/wiki/File:Boom_in_het_zand_(3811343257).jpg,https://thumb.wikimedia.org/wikipedia/commons/thumb/6/6e/Boom_in_het_zand_%283811343257%29.jpg/1280px-Boom_in_het_zand_%283811343257%29.jpg?utm_source=commons.wikimedia.org&utm_campaign=imageinfo&utm_content=thumbnail,2048,3072,Sander van der Wel from Netherlands,CC BY-SA 2.0,,unknown,Category:CC-BY-SA-2.0|Category:Flickr images reviewed by File Upload Bot (Magnus Manske)|Category:Photographs by Sander van der Wel|Category:Solitary trees in the Netherlands|Category:Taken with Canon EOS 10D|Category:Unidentified trees
533,00533.jpg,File:Boom op de Drieberg R0011663.jpg,https://commons.wikimedia.org/wiki/File:Boom_op_de_Drieberg_R0011663.jpg,https://thumb.wikimedia.org/wikipedia/commons/thumb/4/40/Boom_op_de_Drieberg_R0011663.jpg/1280px-Boom_op_de_Drieberg_R0011663.jpg?utm_source=commons.wikimedia.org&utm_campaign=imageinfo&utm_content=thumbnail,2304,1728,Rens Kokke,CC BY-SA 3.0,,unknown,"Category:CC-BY-SA-3.0,2.5,2.0,1.0|Category:Eder Heide|Category:GFDL|Category:License migration redundant|Category:Self-published work|Category:Solitary trees in the Netherlands|Category:Taken with Ricoh Caplio R1"
534,00534.jpg,File:Bornholm - Flickr - unukorno.jpg,https://commons.wikimedia.org/wiki/File:Bornholm_-_Flickr_-_unukorno.jpg,https://thumb.wikimedia.org/wikipedia/commons/thumb/b/bc/Bornholm_-_Flickr_-_unukorno.jpg/1280px-Bornholm_-_Flickr_-_unukorno.jpg?utm_source=commons.wikimedia.org&utm_campaign=imageinfo&utm_content=thumbnail,3780,2834,unukorno from Germany,CC BY 2.0,,unknown,Category:CC-BY-2.0|Category:Denmark photographs taken on 2023-05-07|Category:Files from unukorno Flickr stream|Category:Files with coordinates missing SDC location of creation|Category:Flickr files uploaded by Red panda bot|Category:Flickr images reviewed by FlickreviewR 2|Category:Nature of Bornholm|Category:Photos in Flickr Explore|Category:Solitary trees in Denmark
535,00535.jpg,File:Bornholm Club Med 2 1.jpg,https://commons.wikimedia.org/wiki/File:Bornholm_Club_Med_2_1.jpg,https://thumb.wikimedia.org/wikipedia/commons/thumb/d/d2/Bornholm_Club_Med_2_1.jpg/1280px-Bornholm_Club_Med_2_1.jpg?utm_source=commons.wikimedia.org&utm_campaign=imageinfo&utm_content=thumbnail,3739,2364,aconcagua (talk),CC BY-SA 3.0,,unknown,"Category:Bare trees in Denmark|Category:CC-BY-SA-3.0|Category:Club Med 2 (ship, 1992)|Category:Coasts of Bornholm|Category:Files by User:Aconcagua|Category:Files with coordinates missing SDC location of creation|Category:GFDL|Category:License migration redundant|Category:Self-published work|Category:Solitary trees in Denmark|Category:Taken with Canon PowerShot SX280 HS|Category:Trees and sky in Denmark"
536,00536.jpg,File:Borodani DSC 0676 32-206-0002.jpg,https://commons.wikimedia.org/wiki/File:Borodani_DSC_0676_32-206-0002.jpg,https://thumb.wikimedia.org/wikipedia/commons/thumb/f/fa/Borodani_DSC_0676_32-206-0002.jpg/1280px-Borodani_DSC_0676_32-206-0002.jpg?utm_source=commons.wikimedia.org&utm_campaign=imageinfo&utm_content=thumbnail,4288,2848,Haidamac,CC BY-SA 4.0,,unknown,"Category:CC-BY-SA-4.0|Category:Church of the Resurrection, Borodani|Category:Clouds in Ukraine in June 2009|Category:Cultural heritage monuments in Ukraine missing SDC depicts|Category:Cultural heritage monuments in Ukraine missing SDC location of creation|Category:Cultural heritage monuments in Ukraine with known IDs|Category:Haidamac's photo|Category:Images from Wiki Loves Monuments 2015|Category:Images from Wiki Loves Monuments 2015 in Ukraine|Category:Images from Wiki Loves Monuments missing SDC depicts|Category:Images from Wiki Loves Monuments missing SDC location of creation|Category:June 2009 in Kyiv Oblast|Category:Self-published work|Category:Solitary trees in Ukraine|Category:Ukraine photographs taken on 2009-06-13|Category:Uploaded via Campaign:wlm-ua"
537,00537.jpg,"File:Bouais, La Rue des Camps, Les Creux, Jèrri.jpg","https://commons.wikimedia.org/wiki/File:Bouais,_La_Rue_des_Camps,_Les_Creux,_J%C3%A8rri.jpg",https://upload.wikimedia.org/wikipedia/commons/a/ac/Bouais%2C_La_Rue_des_Camps%2C_Les_Creux%2C_J%C3%A8rri.jpg?utm_source=commons.wikimedia.org&utm_campaign=imageinfo&utm_content=thumbnail_unscaled,1200,1600,Man vyi,Public domain,,unknown,Category:PD-self|Category:Saint Brélade|Category:Self-published work|Category:Solitary trees in Jersey|Category:Walls in Jersey
538,00538.jpg,File:Bozcaada Ilford sfx 200 00006.jpg,https://commons.wikimedia.org/wiki/File:Bozcaada_Ilford_sfx_200_00006.jpg,https://thumb.wikimedia.org/wikipedia/commons/thumb/6/6c/Bozcaada_Ilford_sfx_200_00006.jpg/1280px-Bozcaada_Ilford_sfx_200_00006.jpg?utm_source=commons.wikimedia.org&utm_campaign=imageinfo&utm_content=thumbnail,1600,1066,Nevit Dilmen (talk),CC BY-SA 3.0,,unknown,Category:2001 in Bozcaada|Category:Black and white photographs of Bozcaada|Category:Bozcaada|Category:CC-BY-SA-3.0|Category:GFDL|Category:License migration redundant|Category:Nevit Dilmen|Category:Self-published work|Category:Solitary trees|Category:Taken on Ilford SFX 200|Category:Trees in infrared|Category:Unidentified trees
539,00539.jpg,File:Brasilia DF Brasil - Palácio da Justiça DF - panoramio.jpg,https://commons.wikimedia.org/wiki/File:Brasilia_DF_Brasil_-_Pal%C3%A1cio_da_Justi%C3%A7a_DF_-_panoramio.jpg,https://thumb.wikimedia.org/wikipedia/commons/thumb/b/b7/Brasilia_DF_Brasil_-_Pal%C3%A1cio_da_Justi%C3%A7a_DF_-_panoramio.jpg/1280px-Brasilia_DF_Brasil_-_Pal%C3%A1cio_da_Justi%C3%A7a_DF_-_panoramio.jpg?utm_source=commons.wikimedia.org&utm_campaign=imageinfo&utm_content=thumbnail,3296,2123,Josue Marinho,CC BY 3.0,,unknown,Category:Brazil photographs taken on 2012-06-27|Category:CC-BY-3.0|Category:Files with coordinates missing SDC location of creation|Category:Palácio da Justiça (Brasília)|Category:Panoramio files uploaded by Panoramio upload bot|Category:Panoramio images reviewed by trusted users|Category:Photos from Panoramio|Category:Photos from Panoramio ID 6968470|Category:Solitary trees in Brazil|Category:Unidentified trees in Brazil|Category:Urban trees
540,00540.jpg,File:Buenos Aires Plaza Vicente López.jpg,https://commons.wikimedia.org/wiki/File:Buenos_Aires_Plaza_Vicente_L%C3%B3pez.jpg,https://thumb.wikimedia.org/wikipedia/commons/thumb/e/e3/Buenos_Aires_Plaza_Vicente_L%C3%B3pez.jpg/1280px-Buenos_Aires_Plaza_Vicente_L%C3%B3pez.jpg?utm_source=commons.wikimedia.org&utm_campaign=imageinfo&utm_content=thumbnail,1463,2048,David,CC BY 2.0,,unknown,Category:CC-BY-2.0|Category:Flickr images uploaded by Flickr upload bot|Category:FoP-Argentina|Category:Lamp posts in Buenos Aires|Category:October 2007 in Buenos Aires|Category:Photographs taken on 2007-10-19|Category:Plaza Vicente López y Planes|Category:Solitary trees in Argentina|Category:Taken with Canon EOS 30D|Category:Tipuana tipu (non-native)|Category:Trees in 2007
541,00541.jpg,"File:Buildings in the Mérida city, Venezuela.JPG","https://commons.wikimedia.org/wiki/File:Buildings_in_the_M%C3%A9rida_city,_Venezuela.JPG",https://thumb.wikimedia.org/wikipedia/commons/thumb/3/31/Buildings_in_the_M%C3%A9rida_city%2C_Venezuela.JPG/1280px-Buildings_in_the_M%C3%A9rida_city%2C_Venezuela.JPG?utm_source=commons.wikimedia.org&utm_campaign=imageinfo&utm_content=thumbnail,2000,1500,George Miquilena,CC BY-SA 3.0,,unknown,Category:August 2012 Venezuela photographs|Category:CC-BY-SA-3.0|Category:Photographs taken on 2012-08-31|Category:Posters of Venezuela|Category:Self-published work|Category:Solitary trees in Venezuela|Category:Streets in Mérida (Venezuela)|Category:Taken with Olympus SZ-10
542,00542.jpg,File:By the city of Moulay Yaaqoub.jpg,https://commons.wikimedia.org/wiki/File:By_the_city_of_Moulay_Yaaqoub.jpg,https://thumb.wikimedia.org/wikipedia/commons/thumb/3/31/By_the_city_of_Moulay_Yaaqoub.jpg/1280px-By_the_city_of_Moulay_Yaaqoub.jpg?utm_source=commons.wikimedia.org&utm_campaign=imageinfo&utm_content=thumbnail,2775,2087,Mly Med,CC BY-SA 4.0,,unknown,Category:CC-BY-SA-4.0|Category:Images from Wiki Loves Earth 2016|Category:Images from Wiki Loves Earth 2016 in Morocco|Category:Images from Wiki Loves Earth missing SDC depicts|Category:Images from Wiki Loves Earth missing SDC location of creation|Category:Media lacking a description|Category:Morocco photographs taken on 2013-04-08|Category:Self-published work|Category:Solitary trees|Category:Uploaded via Campaign:wle-ma
543,00543.jpg,File:Bříza v okolí Salaspilsu.jpg,https://commons.wikimedia.org/wiki/File:B%C5%99%C3%ADza_v_okol%C3%AD_Salaspilsu.jpg,https://thumb.wikimedia.org/wikipedia/commons/thumb/8/88/B%C5%99%C3%ADza_v_okol%C3%AD_Salaspilsu.jpg/1280px-B%C5%99%C3%ADza_v_okol%C3%AD_Salaspilsu.jpg?utm_source=commons.wikimedia.org&utm_campaign=imageinfo&utm_content=thumbnail,2112,2816,Dezidor,CC BY 3.0,,unknown,Category:CC-BY-3.0|Category:Files by User:Dezidor|Category:Salaspils|Category:Self-published work|Category:Solitary trees|Category:Taken with Canon Digital IXUS 800 IS
544,00544.jpg,File:CASA SEVELLAR.jpg,https://commons.wikimedia.org/wiki/File:CASA_SEVELLAR.jpg,https://upload.wikimedia.org/wikipedia/commons/1/10/CASA_SEVELLAR.jpg?utm_source=commons.wikimedia.org&utm_campaign=imageinfo&utm_content=thumbnail_unscaled,1024,680,MiguelVBelmonte,CC BY-SA 4.0,,unknown,Category:All media supported by Wikimedia España in 2020|Category:Buildings in Casas de Ves|Category:CC-BY-SA-4.0|Category:Images from Wiki Loves Earth 2020|Category:Images from Wiki Loves Earth 2020 in Spain|Category:Images from Wiki Loves Earth missing SDC depicts|Category:Images from Wiki Loves Earth missing SDC location of creation|Category:Media lacking a description|Category:Self-published work|Category:Solitary trees in Spain|Category:Spring in the province of Albacete|Category:Trees in the province of Albacete|Category:Uploaded via Campaign:wle-es
545,00545.jpg,File:Cabo san roman.JPG,https://commons.wikimedia.org/wiki/File:Cabo_san_roman.JPG,https://thumb.wikimedia.org/wikipedia/commons/thumb/d/d1/Cabo_san_roman.JPG/1280px-Cabo_san_roman.JPG?utm_source=commons.wikimedia.org&utm_campaign=imageinfo&utm_content=thumbnail,2560,1920,Carribos,CC BY-SA 3.0,,unknown,Category:Beaches of Falcón|Category:CC-BY-SA-3.0|Category:Cape San Román|Category:Images from Wikiviajes por Venezuela 2014|Category:January 2011 in Venezuela|Category:Photographs taken on 2011-01-23|Category:Self-published work|Category:Solitary trees in Venezuela|Category:Taken with Panasonic Lumix DMC-TZ6
546,00546.jpg,File:Caburé (2007) 01.jpg,https://commons.wikimedia.org/wiki/File:Cabur%C3%A9_(2007)_01.jpg,https://upload.wikimedia.org/wikipedia/commons/6/66/Cabur%C3%A9_%282007%29_01.jpg?utm_source=commons.wikimedia.org&utm_campaign=imageinfo&utm_content=thumbnail_unscaled,1071,709,LBM1948,CC BY-SA 4.0,,unknown,Category:2007 in Maranhão|Category:CC-BY-SA-4.0|Category:Clouds and blue sky in Brazil|Category:Coconut trees in Brazil|Category:July 2007 in Brazil|Category:Light and shadow in nature|Category:Photographs by LBM1948|Category:Self-published work|Category:Solitary trees in Brazil
547,00547.jpg,File:Caburé (2007) 02.jpg,https://commons.wikimedia.org/wiki/File:Cabur%C3%A9_(2007)_02.jpg,https://upload.wikimedia.org/wikipedia/commons/0/0e/Cabur%C3%A9_%282007%29_02.jpg?utm_source=commons.wikimedia.org&utm_campaign=imageinfo&utm_content=thumbnail_unscaled,1071,709,LBM1948,CC BY-SA 4.0,,unknown,Category:2007 in Maranhão|Category:CC-BY-SA-4.0|Category:Clouds and blue sky in Brazil|Category:Coconut trees in Brazil|Category:July 2007 in Brazil|Category:Light and shadow in nature|Category:Photographs by LBM1948|Category:Self-published work|Category:Solitary trees in Brazil
548,00548.jpg,File:Calle principal de La Pica..jpg,https://commons.wikimedia.org/wiki/File:Calle_principal_de_La_Pica..jpg,https://thumb.wikimedia.org/wikipedia/commons/thumb/b/bb/Calle_principal_de_La_Pica..jpg/1280px-Calle_principal_de_La_Pica..jpg?utm_source=commons.wikimedia.org&utm_campaign=imageinfo&utm_content=thumbnail,2592,1944,Jacqueline Campo,CC BY-SA 3.0,,unknown,Category:2013 in Maturín|Category:CC-BY-SA-3.0|Category:La Pica|Category:Photographs taken on 2013-09-11|Category:Self-published work|Category:September 2013 Venezuela photographs|Category:Solitary trees in Venezuela|Category:Streets in Monagas|Category:Trees in Monagas
549,00549.jpg,File:Cambará Tree (Vochysia divergens).jpg,https://commons.wikimedia.org/wiki/File:Cambar%C3%A1_Tree_(Vochysia_divergens).jpg,https://thumb.wikimedia.org/wikipedia/commons/thumb/a/a8/Cambar%C3%A1_Tree_%28Vochysia_divergens%29.jpg/1280px-Cambar%C3%A1_Tree_%28Vochysia_divergens%29.jpg?utm_source=commons.wikimedia.org&utm_campaign=imageinfo&utm_content=thumbnail,4749,3282,Bernard DUPONT,CC BY-SA 2.0,,unknown,Category:Brazil photographs taken on 2019-06-27|Category:CC-BY-SA-2.0|Category:Flickr images reviewed by FlickreviewR 2|Category:Flora of the Pantanal|Category:Images with extracted images|Category:Photographs by Bernard Dupont|Category:Solitary trees in Brazil|Category:Trees in the Northern Hemisphere in June 2019|Category:Vochysia divergens|Category:Vochysiaceae in Brazil
550,00550.jpg,File:Camels in Mongolia.jpg,https://commons.wikimedia.org/wiki/File:Camels_in_Mongolia.jpg,https://upload.wikimedia.org/wikipedia/commons/f/fd/Camels_in_Mongolia.jpg?utm_source=commons.wikimedia.org&utm_campaign=imageinfo&utm_content=thumbnail_unscaled,750,1000,Uchrl1222,CC0,,unknown,Category:Bactrian camels in Mongolia|Category:CC-Zero|Category:Self-published work|Category:Solitary trees in Mongolia
551,00551.jpg,File:Candy Cane (3208684105).jpg,https://commons.wikimedia.org/wiki/File:Candy_Cane_(3208684105).jpg,https://upload.wikimedia.org/wikipedia/commons/d/da/Candy_Cane_%283208684105%29.jpg?utm_source=commons.wikimedia.org&utm_campaign=imageinfo&utm_content=thumbnail_unscaled,1024,769,"dying_grotesque from Richards Bay, South Africa",CC BY 2.0,,unknown,Category:CC-BY-2.0|Category:Empangeni|Category:Flickr images reviewed by File Upload Bot (Magnus Manske)|Category:Photos by dying grotesque|Category:Photos uploaded from Flickr by Fæ using a script|Category:Solitary trees
552,00552.jpg,File:Cansano- inverno.jpg,https://commons.wikimedia.org/wiki/File:Cansano-_inverno.jpg,https://thumb.wikimedia.org/wikipedia/commons/thumb/8/80/Cansano-_inverno.jpg/1280px-Cansano-_inverno.jpg?utm_source=commons.wikimedia.org&utm_campaign=imageinfo&utm_content=thumbnail,5184,3456,Anila amataj,CC BY-SA 4.0,,unknown,Category:CC-BY-SA-4.0|Category:Cansano|Category:Mountains of Abruzzo|Category:Self-published work|Category:Solitary trees
553,00553.jpg,File:Cape Fonar Area.jpg,https://commons.wikimedia.org/wiki/File:Cape_Fonar_Area.jpg,https://thumb.wikimedia.org/wikipedia/commons/thumb/6/66/Cape_Fonar_Area.jpg/1280px-Cape_Fonar_Area.jpg?utm_source=commons.wikimedia.org&utm_campaign=imageinfo&utm_content=thumbnail,2992,1952,Solundir,CC BY-SA 3.0,,unknown,Category:CC-BY-SA-3.0|Category:Cape Fonar|Category:Clouds and blue sky in Crimea|Category:Crimea photographs taken on 2005-08-01|Category:Files with coordinates missing SDC location of creation|Category:Self-published work|Category:Solitary trees in Ukraine|Category:Taken with Canon EOS 300D
554,00554.jpg,File:Cappadocia 024 n.jpg,https://commons.wikimedia.org/wiki/File:Cappadocia_024_n.jpg,https://upload.wikimedia.org/wikipedia/commons/0/03/Cappadocia_024_n.jpg?utm_source=commons.wikimedia.org&utm_campaign=imageinfo&utm_content=thumbnail_unscaled,1066,1600,Nevit Dilmen,CC BY-SA 3.0,,unknown,Category:Bare trees in Turkey|Category:CC-BY-SA-3.0-migrated|Category:Cappadocia under snow|Category:GFDL|Category:License migration completed|Category:Nevit Dilmen|Category:Plants on white background|Category:Self-published work|Category:Solitary trees in Turkey
555,00555.jpg,File:Cappadocia 039 n.jpg,https://commons.wikimedia.org/wiki/File:Cappadocia_039_n.jpg,https://upload.wikimedia.org/wikipedia/commons/d/d3/Cappadocia_039_n.jpg?utm_source=commons.wikimedia.org&utm_campaign=imageinfo&utm_content=thumbnail_unscaled,1066,1600,Nevit Dilmen,CC BY-SA 3.0,,unknown,Category:CC-BY-SA-3.0-migrated|Category:Cappadocia under snow|Category:GFDL|Category:License migration completed|Category:Nevit Dilmen|Category:Self-published work|Category:Solitary trees in Turkey
556,00556.jpg,File:Cappadocia 071 n.jpg,https://commons.wikimedia.org/wiki/File:Cappadocia_071_n.jpg,https://upload.wikimedia.org/wikipedia/commons/7/73/Cappadocia_071_n.jpg?utm_source=commons.wikimedia.org&utm_campaign=imageinfo&utm_content=thumbnail_unscaled,1066,1600,Nevit Dilmen,CC BY-SA 3.0,,unknown,Category:Bare trees in Turkey|Category:CC-BY-SA-3.0|Category:Cappadocia under snow|Category:GFDL|Category:License migration redundant|Category:Nevit Dilmen|Category:Plants on white background|Category:Self-published work|Category:Solitary trees in Turkey|Category:Unidentified trees in Turkey
557,00557.jpg,File:Cappadocia 102 n.jpg,https://commons.wikimedia.org/wiki/File:Cappadocia_102_n.jpg,https://thumb.wikimedia.org/wikipedia/commons/thumb/a/a4/Cappadocia_102_n.jpg/1280px-Cappadocia_102_n.jpg?utm_source=commons.wikimedia.org&utm_campaign=imageinfo&utm_content=thumbnail,1600,1066,Nevit Dilmen,CC BY-SA 3.0,,unknown,Category:CC-BY-SA-3.0-migrated|Category:Cappadocia under snow|Category:GFDL|Category:License migration completed|Category:Nevit Dilmen|Category:Self-published work|Category:Solitary trees in Turkey
558,00558.jpg,File:Carrasca del Plano del Águila - panoramio.jpg,https://commons.wikimedia.org/wiki/File:Carrasca_del_Plano_del_%C3%81guila_-_panoramio.jpg,https://thumb.wikimedia.org/wikipedia/commons/thumb/f/fc/Carrasca_del_Plano_del_%C3%81guila_-_panoramio.jpg/1280px-Carrasca_del_Plano_del_%C3%81guila_-_panoramio.jpg?utm_source=commons.wikimedia.org&utm_campaign=imageinfo&utm_content=thumbnail,3008,2000,Javier Giménez,CC BY-SA 3.0,Quercus,broadleaf,Category:CC-BY-SA-3.0|Category:November 2006 in the province of Zaragoza|Category:Panoramio files uploaded by Panoramio upload bot|Category:Panoramio images reviewed by trusted users|Category:Photos from Panoramio|Category:Quercus ilex in Spain|Category:Solitary trees in Spain|Category:Spain photographs taken on 2006-11-19|Category:Trees in the province of Zaragoza
559,00559.jpg,File:Castagno secolare - panoramio.jpg,https://commons.wikimedia.org/wiki/File:Castagno_secolare_-_panoramio.jpg,https://thumb.wikimedia.org/wikipedia/commons/thumb/e/e2/Castagno_secolare_-_panoramio.jpg/1280px-Castagno_secolare_-_panoramio.jpg?utm_source=commons.wikimedia.org&utm_campaign=imageinfo&utm_content=thumbnail,2448,3264,pacj,CC BY 3.0,Castanea,broadleaf,Category:CC-BY-3.0|Category:Castanea sativa in Italy|Category:Files with coordinates missing SDC location of creation|Category:Flora of Lombardy in February|Category:Italy photographs taken on 2014-02-04|Category:Nature of Pisogne|Category:Panoramio files uploaded by Panoramio upload bot|Category:Panoramio images reviewed by trusted users|Category:Photos from Panoramio|Category:Solitary trees in Italy|Category:Trees in Italy in February|Category:Trees in Lombardy
560,00560.jpg,File:Castaño común (Castanea sativa).jpg,https://commons.wikimedia.org/wiki/File:Casta%C3%B1o_com%C3%BAn_(Castanea_sativa).jpg,https://thumb.wikimedia.org/wikipedia/commons/thumb/b/bd/Casta%C3%B1o_com%C3%BAn_%28Castanea_sativa%29.jpg/1280px-Casta%C3%B1o_com%C3%BAn_%28Castanea_sativa%29.jpg?utm_source=commons.wikimedia.org&utm_campaign=imageinfo&utm_content=thumbnail,1600,1063,Ramón Durán,CC BY 2.0,Castanea,broadleaf,Category:CC-BY-2.0|Category:Castanea sativa in Spain|Category:Flickr images uploaded by Flickr upload bot|Category:November 2010 in Spain|Category:Pedroveya|Category:Solitary trees in Spain|Category:Spain photographs taken on 2010-11-03|Category:Taken with Nikon D300|Category:Trees in 2010
561,00561.jpg,"File:Cattle under tree at High Farm, Crawfordville, Florida.jpg","https://commons.wikimedia.org/wiki/File:Cattle_under_tree_at_High_Farm,_Crawfordville,_Florida.jpg",https://thumb.wikimedia.org/wikipedia/commons/thumb/8/86/Cattle_under_tree_at_High_Farm%2C_Crawfordville%2C_Florida.jpg/1280px-Cattle_under_tree_at_High_Farm%2C_Crawfordville%2C_Florida.jpg?utm_source=commons.wikimedia.org&utm_campaign=imageinfo&utm_content=thumbnail,3264,2448,The Bushranger,CC BY-SA 4.0,,unknown,"Category:2026 in Crawfordville, Florida|Category:CC-BY-SA-4.0|Category:Cattle in Florida|Category:Fences in Florida|Category:Files with coordinates missing SDC location of creation|Category:GFDL|Category:High Farm (Crawfordville, Florida)|Category:Images by The Bushranger taken with Panasonic Lumix DMC-FZ18|Category:License migration redundant|Category:March 2026 in Florida|Category:Pastures in Florida|Category:Self-published work|Category:Solitary trees in the United States|Category:Taken on missing SDC inception|Category:United States photographs taken on 2026-03-07|Category:Views from automobiles in Wakulla County, Florida"
562,00562.jpg,"File:Cañada del Paseo del Lago, Maracaibo, Estado Zulia, Venezuela.jpg","https://commons.wikimedia.org/wiki/File:Ca%C3%B1ada_del_Paseo_del_Lago,_Maracaibo,_Estado_Zulia,_Venezuela.jpg",https://thumb.wikimedia.org/wikipedia/commons/thumb/1/13/Ca%C3%B1ada_del_Paseo_del_Lago%2C_Maracaibo%2C_Estado_Zulia%2C_Venezuela.jpg/1280px-Ca%C3%B1ada_del_Paseo_del_Lago%2C_Maracaibo%2C_Estado_Zulia%2C_Venezuela.jpg?utm_source=commons.wikimedia.org&utm_campaign=imageinfo&utm_content=thumbnail,4056,2638,Wilfredor,CC BY-SA 3.0,,unknown,Category:Bodies of water by Wilfredor|Category:CC-BY-SA-3.0|Category:Files with coordinates missing SDC location of creation|Category:Images of Venezuela by User:Wilfredor|Category:Lago de Maracaibo|Category:Photographs of Maracaibo by Wilfredor|Category:Self-published work|Category:Solitary trees in Venezuela|Category:Taken with Nikon D300|Category:Trees by Wilfredor|Category:Unidentified trees in Venezuela|Category:Vereda del Lago|Category:Water pollution in Venezuela
563,00563.jpg,"File:Cañón Sesriem, Sossusvlei, Namibia, 2018-08-06, DD 195.jpg","https://commons.wikimedia.org/wiki/File:Ca%C3%B1%C3%B3n_Sesriem,_Sossusvlei,_Namibia,_2018-08-06,_DD_195.jpg",https://thumb.wikimedia.org/wikipedia/commons/thumb/b/b8/Ca%C3%B1%C3%B3n_Sesriem%2C_Sossusvlei%2C_Namibia%2C_2018-08-06%2C_DD_195.jpg/1280px-Ca%C3%B1%C3%B3n_Sesriem%2C_Sossusvlei%2C_Namibia%2C_2018-08-06%2C_DD_195.jpg?utm_source=commons.wikimedia.org&utm_campaign=imageinfo&utm_content=thumbnail,7734,5167,Diego Delso,CC BY-SA 4.0,Vachellia,broadleaf,Category:2018 in Namibia|Category:CC-BY-SA-4.0|Category:Images by User:Poco a poco|Category:Images by User:Poco a poco taken in 2018|Category:Images of Namibia by User:Poco a poco|Category:Quality images|Category:Quality images by User:Poco a poco|Category:Quality images of Namibia by User:Poco a poco|Category:Quality images of canyons|Category:Quality images of nature in Namibia|Category:Quality images of trees|Category:Sesriem Canyon|Category:Solitary trees in Namibia|Category:Taken with Canon EOS 5DS R|Category:Vachellia erioloba
564,00564.jpg,File:Cedrus deodara Himalajazeder.JPG,https://commons.wikimedia.org/wiki/File:Cedrus_deodara_Himalajazeder.JPG,https://thumb.wikimedia.org/wikipedia/commons/thumb/5/54/Cedrus_deodara_Himalajazeder.JPG/1280px-Cedrus_deodara_Himalajazeder.JPG?utm_source=commons.wikimedia.org&utm_campaign=imageinfo&utm_content=thumbnail,1536,2048,noebse,Public domain,Cedrus,conifer,Category:Cedrus deodara (cultivated)|Category:PD-self|Category:Self-published work|Category:Solitary trees
565,00565.jpg,File:Cedrus-deodare-habit.JPG,https://commons.wikimedia.org/wiki/File:Cedrus-deodare-habit.JPG,https://upload.wikimedia.org/wikipedia/commons/b/b6/Cedrus-deodare-habit.JPG?utm_source=commons.wikimedia.org&utm_campaign=imageinfo&utm_content=thumbnail_unscaled,900,1312,Sten Porse,CC BY-SA 3.0,Cedrus,conifer,Category:CC-BY-SA-3.0-migrated|Category:Cedrus deodara (cultivated)|Category:GFDL|Category:License migration completed|Category:Self-published work|Category:Solitary trees
566,00566.jpg,File:Cementerio Contiendas (07).jpg,https://commons.wikimedia.org/wiki/File:Cementerio_Contiendas_(07).jpg,https://thumb.wikimedia.org/wikipedia/commons/thumb/a/ad/Cementerio_Contiendas_%2807%29.jpg/1280px-Cementerio_Contiendas_%2807%29.jpg?utm_source=commons.wikimedia.org&utm_campaign=imageinfo&utm_content=thumbnail,4608,3456,MiguelAlanCS,CC BY-SA 4.0,,unknown,Category:2020 in Valladolid|Category:CC-BY-SA-4.0|Category:Cementerio de Las Contiendas|Category:Files by User:MiguelAlanCS|Category:Files with coordinates missing SDC location of creation|Category:October 2020 in the province of Valladolid|Category:Solitary trees in Spain|Category:Spain photographs taken on 2020-10-22|Category:Trees in the province of Valladolid|Category:Uploaded with VicuñaUploader
567,00567.jpg,File:Cerro su Monte Tesa.jpg,https://commons.wikimedia.org/wiki/File:Cerro_su_Monte_Tesa.jpg,https://upload.wikimedia.org/wikipedia/commons/e/e1/Cerro_su_Monte_Tesa.jpg?utm_source=commons.wikimedia.org&utm_campaign=imageinfo&utm_content=thumbnail_unscaled,1200,1600,Fabiour,CC BY-SA 4.0,Quercus,broadleaf,"Category:CC-BY-SA-4.0|Category:Canossa (comune, Italy)|Category:Ceredolo dei Coppi|Category:Hills of Italy|Category:Self-published work|Category:Solitary trees|Category:Unidentified Quercus"
568,00568.jpg,File:Charm lake.jpg,https://commons.wikimedia.org/wiki/File:Charm_lake.jpg,https://thumb.wikimedia.org/wikipedia/commons/thumb/5/54/Charm_lake.jpg/1280px-Charm_lake.jpg?utm_source=commons.wikimedia.org&utm_campaign=imageinfo&utm_content=thumbnail,2592,1728,Yamuna01,CC BY-SA 4.0,,unknown,Category:CC-BY-SA-4.0|Category:Images from Wiki Loves Earth 2020|Category:Images from Wiki Loves Earth 2020 in Sri Lanka|Category:Images from Wiki Loves Earth missing SDC depicts|Category:Images from Wiki Loves Earth missing SDC location of creation|Category:Lakes of Sri Lanka|Category:Nature of Sri Lanka|Category:Nymphaeaceae|Category:Self-published work|Category:Solitary trees|Category:Sri Lanka photographs taken on 2020-05-13|Category:Uploaded via Campaign:wle-lk|Category:Water reflections of trees
569,00569.jpg,"File:Cheow Lan Lake, Solitary tree on the lake, Khao Sok, Thailand.jpg","https://commons.wikimedia.org/wiki/File:Cheow_Lan_Lake,_Solitary_tree_on_the_lake,_Khao_Sok,_Thailand.jpg",https://thumb.wikimedia.org/wikipedia/commons/thumb/7/79/Cheow_Lan_Lake%2C_Solitary_tree_on_the_lake%2C_Khao_Sok%2C_Thailand.jpg/1280px-Cheow_Lan_Lake%2C_Solitary_tree_on_the_lake%2C_Khao_Sok%2C_Thailand.jpg?utm_source=commons.wikimedia.org&utm_campaign=imageinfo&utm_content=thumbnail,4032,2688,Vyacheslav Argenberg,CC BY 4.0,,unknown,Category:CC-BY-4.0|Category:Dead trees|Category:Lakes of Thailand|Category:Photos by Vyacheslav Argenberg|Category:Photos by Vyacheslav Argenberg in 2011|Category:Photos by Vyacheslav Argenberg in Thailand|Category:Quality images|Category:Quality images of Thailand|Category:Quality images of lakes|Category:Quality images of nature in Thailand|Category:Quality images of trees|Category:Ratchaprapha reservoir|Category:Self-published work|Category:Solitary trees in Thailand
570,00570.jpg,File:Chernobyl Special Reserve 008.jpg,https://commons.wikimedia.org/wiki/File:Chernobyl_Special_Reserve_008.jpg,https://thumb.wikimedia.org/wikipedia/commons/thumb/4/41/Chernobyl_Special_Reserve_008.jpg/1280px-Chernobyl_Special_Reserve_008.jpg?utm_source=commons.wikimedia.org&utm_campaign=imageinfo&utm_content=thumbnail,5184,3456,Veismont,CC BY-SA 4.0,,unknown,Category:CC-BY-SA-4.0|Category:Chernobyl Special Reserve|Category:Files with coordinates missing SDC location of creation|Category:Images from Wiki Loves Earth 2017|Category:Images from Wiki Loves Earth 2017 in Ukraine|Category:Images from Wiki Loves Earth missing SDC depicts|Category:Images from Wiki Loves Earth missing SDC location of creation|Category:Natural heritage sites in Ukraine with known IDs|Category:Self-published work|Category:Solitary trees in Ukraine|Category:Ukraine photographs taken on 2015-10-11|Category:Uploaded via Campaign:wle-ua|Category:WLE 2017 in Ukraine Round Zero
571,00571.jpg,File:Cheshire Tatton Park Tree.jpg,https://commons.wikimedia.org/wiki/File:Cheshire_Tatton_Park_Tree.jpg,https://thumb.wikimedia.org/wikipedia/commons/thumb/e/e8/Cheshire_Tatton_Park_Tree.jpg/1280px-Cheshire_Tatton_Park_Tree.jpg?utm_source=commons.wikimedia.org&utm_campaign=imageinfo&utm_content=thumbnail,4000,3000,Benjamin Shaw,CC BY-SA 4.0,,unknown,Category:CC-BY-SA-4.0|Category:Rain in England|Category:Self-published work|Category:Solitary trees|Category:Tatton Park
572,00572.jpg,File:Chinguetti 1997 47.jpg,https://commons.wikimedia.org/wiki/File:Chinguetti_1997_47.jpg,https://upload.wikimedia.org/wikipedia/commons/6/63/Chinguetti_1997_47.jpg?utm_source=commons.wikimedia.org&utm_campaign=imageinfo&utm_content=thumbnail_unscaled,1069,701,LBM1948,CC BY-SA 4.0,,unknown,Category:CC-BY-SA-4.0|Category:Chinguetti in the 1990s|Category:Deserts of Mauritania|Category:Landscapes of Mauritania|Category:March 1997 Mauritania photographs|Category:Photographs by LBM1948|Category:Rocks on sand|Category:Self-published work|Category:Solitary trees|Category:Solitary trees in Mauritania|Category:Trees in Chinguetti
573,00573.jpg,File:Chinguetti street 1.jpg,https://commons.wikimedia.org/wiki/File:Chinguetti_street_1.jpg,https://thumb.wikimedia.org/wikipedia/commons/thumb/7/78/Chinguetti_street_1.jpg/1280px-Chinguetti_street_1.jpg?utm_source=commons.wikimedia.org&utm_campaign=imageinfo&utm_content=thumbnail,1840,1232,Radosław Botev,Attribution,,unknown,Category:Attribution only license|Category:Chinguetti in the 2000s|Category:Files by user Botev|Category:Files with coordinates missing SDC location of creation|Category:January 2007 Mauritania photographs|Category:Self-published work|Category:Solitary trees in Mauritania|Category:Streets in Chinguetti|Category:Trees in Chinguetti
574,00574.jpg,File:Chonrav 4.JPG,https://commons.wikimedia.org/wiki/File:Chonrav_4.JPG,https://thumb.wikimedia.org/wikipedia/commons/thumb/7/7d/Chonrav_4.JPG/1280px-Chonrav_4.JPG?utm_source=commons.wikimedia.org&utm_campaign=imageinfo&utm_content=thumbnail,2816,2112,Kosun,CC0,,unknown,Category:CC-Zero|Category:Clouds and blue sky in Crimea|Category:Crimea photographs taken on 2014-10-20|Category:Krasnaya Polyana (Crimea)|Category:Self-published work|Category:Solitary trees in Ukraine|Category:Taken with Olympus FE-120 / X-700|Category:Views from automobiles in Crimea
575,00575.jpg,"File:Chromeč, Boží muka v polích 01.jpg","https://commons.wikimedia.org/wiki/File:Chrome%C4%8D,_Bo%C5%BE%C3%AD_muka_v_pol%C3%ADch_01.jpg",https://upload.wikimedia.org/wikipedia/commons/3/37/Chrome%C4%8D%2C_Bo%C5%BE%C3%AD_muka_v_pol%C3%ADch_01.jpg?utm_source=commons.wikimedia.org&utm_campaign=imageinfo&utm_content=thumbnail_unscaled,1200,900,Pavlína Koncošová,CC0,Tilia,broadleaf,Category:CC-Zero|Category:Chapel-shrines in Šumperk District|Category:Chromeč|Category:Files with coordinates missing SDC location of creation|Category:Shooting stands in Olomouc Region|Category:Solitary trees in the Czech Republic|Category:Tilia in Olomouc Region
576,00576.jpg,"File:Chromeč, Boží muka v polích 02.jpg","https://commons.wikimedia.org/wiki/File:Chrome%C4%8D,_Bo%C5%BE%C3%AD_muka_v_pol%C3%ADch_02.jpg",https://upload.wikimedia.org/wikipedia/commons/f/f8/Chrome%C4%8D%2C_Bo%C5%BE%C3%AD_muka_v_pol%C3%ADch_02.jpg?utm_source=commons.wikimedia.org&utm_campaign=imageinfo&utm_content=thumbnail_unscaled,1200,900,Pavlína Koncošová,CC0,Tilia,broadleaf,Category:CC-Zero|Category:Chapel-shrines in Šumperk District|Category:Chromeč|Category:Files with coordinates missing SDC location of creation|Category:Shooting stands in Olomouc Region|Category:Solitary trees in the Czech Republic|Category:Tilia in Olomouc Region
577,00577.jpg,"File:Chêne, colza, Jura (vertical).jpg","https://commons.wikimedia.org/wiki/File:Ch%C3%AAne,_colza,_Jura_(vertical).jpg",https://thumb.wikimedia.org/wikipedia/commons/thumb/0/09/Ch%C3%AAne%2C_colza%2C_Jura_%28vertical%29.jpg/1280px-Ch%C3%AAne%2C_colza%2C_Jura_%28vertical%29.jpg?utm_source=commons.wikimedia.org&utm_campaign=imageinfo&utm_content=thumbnail,4000,6000,ZarlokX,CC BY-SA 4.0,Quercus,broadleaf,Category:April 2025 in Ain|Category:Auvergne-Rhône-Alpes photographs taken on 2025-04-24|Category:CC-BY-SA-4.0|Category:Colomby de Gex|Category:Creux de Branveau|Category:Files with coordinates missing SDC location of creation|Category:Quality images|Category:Quercus robur in Ain|Category:Quercus robur in the Northern Hemisphere in April 2025|Category:Rapeseed fields in April|Category:Rapeseed fields in France|Category:Self-published work|Category:Solitary Quercus robur|Category:Solitary trees in Rapeseed fields
578,00578.jpg,"File:Chînm'tchiéthe dé l'Unnion, Saint Martîn, Jèrri 2.jpg","https://commons.wikimedia.org/wiki/File:Ch%C3%AEnm%27tchi%C3%A9the_d%C3%A9_l%27Unnion,_Saint_Mart%C3%AEn,_J%C3%A8rri_2.jpg",https://upload.wikimedia.org/wikipedia/commons/e/e4/Ch%C3%AEnm%27tchi%C3%A9the_d%C3%A9_l%27Unnion%2C_Saint_Mart%C3%AEn%2C_J%C3%A8rri_2.jpg?utm_source=commons.wikimedia.org&utm_campaign=imageinfo&utm_content=thumbnail_unscaled,1043,1450,Man vyi,Public domain,,unknown,"Category:Cemeteries in Jersey|Category:Crosses in Jersey|Category:PD-self|Category:Saint Martin, Jersey|Category:Self-published work|Category:Solitary trees in Jersey"
579,00579.jpg,File:Cista pamatna lipa.jpg,https://commons.wikimedia.org/wiki/File:Cista_pamatna_lipa.jpg,https://thumb.wikimedia.org/wikipedia/commons/thumb/1/1f/Cista_pamatna_lipa.jpg/1280px-Cista_pamatna_lipa.jpg?utm_source=commons.wikimedia.org&utm_campaign=imageinfo&utm_content=thumbnail,1704,2272,JiriMatejicek,CC BY-SA 3.0,,unknown,Category:CC-BY-SA-3.0|Category:Famous trees in Trutnov District|Category:Files with coordinates missing SDC location of creation|Category:Mediagrant|Category:Mediagrant:Foto českých obcí|Category:Solitary trees in the Czech Republic|Category:Taken with Minolta Dimage S414|Category:Uploaded with VicuñaUploader|Category:Čistá v Krkonoších
580,00580.jpg,File:Cloud Tree.jpg,https://commons.wikimedia.org/wiki/File:Cloud_Tree.jpg,https://thumb.wikimedia.org/wikipedia/commons/thumb/8/80/Cloud_Tree.jpg/1280px-Cloud_Tree.jpg?utm_source=commons.wikimedia.org&utm_campaign=imageinfo&utm_content=thumbnail,2848,4272,Maruf24,CC BY-SA 4.0,,unknown,Category:Bangladesh photographs taken on 2015-11-13|Category:CC-BY-SA-4.0|Category:Cumulus humilis clouds|Category:Files with coordinates missing SDC location of creation|Category:Gazipur Safari Park|Category:Images from Wiki Loves Earth 2017|Category:Images from Wiki Loves Earth 2017 in Bangladesh|Category:Images from Wiki Loves Earth missing SDC depicts|Category:Images from Wiki Loves Earth missing SDC location of creation|Category:Natural heritage sites in Bangladesh with known IDs|Category:Self-published work|Category:Solitary trees|Category:Uploaded via Campaign:wle-bd
581,00581.jpg,File:Clouds tree.jpg,https://commons.wikimedia.org/wiki/File:Clouds_tree.jpg,https://thumb.wikimedia.org/wikipedia/commons/thumb/c/c6/Clouds_tree.jpg/1280px-Clouds_tree.jpg?utm_source=commons.wikimedia.org&utm_campaign=imageinfo&utm_content=thumbnail,4000,6000,Dimitris9444,CC BY-SA 4.0,,unknown,Category:CC-BY-SA-4.0|Category:Fog from above|Category:Self-published work|Category:Solitary trees
582,00582.jpg,"File:Clouds, Graz - Flickr - -ErWin.jpg","https://commons.wikimedia.org/wiki/File:Clouds,_Graz_-_Flickr_-_-ErWin.jpg",https://thumb.wikimedia.org/wikipedia/commons/thumb/6/6d/Clouds%2C_Graz_-_Flickr_-_-ErWin.jpg/1280px-Clouds%2C_Graz_-_Flickr_-_-ErWin.jpg?utm_source=commons.wikimedia.org&utm_campaign=imageinfo&utm_content=thumbnail,6000,4001,::ErWin,CC BY-SA 2.0,,unknown,Category:Austria photographs taken on 2020-02-21|Category:CC-BY-SA-2.0|Category:Files from lenzmoser Flickr stream|Category:Files with coordinates missing SDC location of creation|Category:Flickr files uploaded by Red panda bot|Category:Flickr images reviewed by FlickreviewR 2|Category:Photos in Flickr Explore|Category:Solitary trees in Austria
583,00583.jpg,File:Coconut Grove Street 20100321.jpg,https://commons.wikimedia.org/wiki/File:Coconut_Grove_Street_20100321.jpg,https://thumb.wikimedia.org/wikipedia/commons/thumb/f/f3/Coconut_Grove_Street_20100321.jpg/1280px-Coconut_Grove_Street_20100321.jpg?utm_source=commons.wikimedia.org&utm_campaign=imageinfo&utm_content=thumbnail,2978,2174,Averette,CC BY 3.0,,unknown,"Category:CC-BY-3.0|Category:Coconut Grove, Florida|Category:Scenic drives in Florida|Category:Self-published work|Category:Solitary trees in the United States|Category:Taken with Panasonic Lumix DMC-TZ3|Category:Trees in Florida"
584,00584.jpg,"File:Cold Desert, Katpana, Skardu.jpg","https://commons.wikimedia.org/wiki/File:Cold_Desert,_Katpana,_Skardu.jpg",https://thumb.wikimedia.org/wikipedia/commons/thumb/8/88/Cold_Desert%2C_Katpana%2C_Skardu.jpg/1280px-Cold_Desert%2C_Katpana%2C_Skardu.jpg?utm_source=commons.wikimedia.org&utm_campaign=imageinfo&utm_content=thumbnail,2624,3936,Qammer Wazir,CC BY-SA 4.0,,unknown,Category:CC-BY-SA-4.0|Category:Images from Wiki Loves Earth 2016|Category:Images from Wiki Loves Earth 2016 in Pakistan|Category:Images from Wiki Loves Earth missing SDC depicts|Category:Images from Wiki Loves Earth missing SDC location of creation|Category:Katpana Desert|Category:Pakistan photographs taken on 2016-02-21|Category:Self-published work|Category:Solitary trees in Pakistan|Category:Uploaded via Campaign:wle-pk
585,00585.jpg,File:Color of Fall - panoramio.jpg,https://commons.wikimedia.org/wiki/File:Color_of_Fall_-_panoramio.jpg,https://thumb.wikimedia.org/wikipedia/commons/thumb/8/83/Color_of_Fall_-_panoramio.jpg/1280px-Color_of_Fall_-_panoramio.jpg?utm_source=commons.wikimedia.org&utm_campaign=imageinfo&utm_content=thumbnail,4928,3264,Mongolia Expeditions…,CC BY 3.0,Larix,conifer,Category:CC-BY-3.0|Category:Cycling in Mongolia|Category:Files with coordinates missing SDC location of creation|Category:Forests in Mongolia|Category:Larix sibirica|Category:Men of Mongolia|Category:Mongolia photographs taken on 2014-10-05|Category:Panoramio files uploaded by Panoramio upload bot|Category:Panoramio images reviewed by trusted users|Category:Photos from Panoramio|Category:Photos from Panoramio ID 4594518|Category:Solitary trees in Mongolia|Category:Trees in October 2014|Category:Töv Aimag
586,00586.jpg,File:Colourful Sunset (47422092).jpeg,https://commons.wikimedia.org/wiki/File:Colourful_Sunset_(47422092).jpeg,https://upload.wikimedia.org/wikipedia/commons/b/b1/Colourful_Sunset_%2847422092%29.jpeg?utm_source=commons.wikimedia.org&utm_campaign=imageinfo&utm_content=thumbnail_unscaled,978,1280,Andreas P,CC BY 3.0,,unknown,Category:CC-BY-3.0|Category:Photos imported with import-500px|Category:Solitary trees|Category:Sunsets of Cyprus|Category:Trees at sunset in Cyprus|Category:Unidentified trees
587,00587.jpg,File:Combetree.JPG,https://commons.wikimedia.org/wiki/File:Combetree.JPG,https://thumb.wikimedia.org/wikipedia/commons/thumb/1/1a/Combetree.JPG/1280px-Combetree.JPG?utm_source=commons.wikimedia.org&utm_campaign=imageinfo&utm_content=thumbnail,3072,2304,OHCLOUDSUNFOLD,Public domain,,unknown,"Category:Combe, Oxfordshire|Category:PD-self|Category:Self-published work|Category:Solitary trees in the United Kingdom|Category:Taken with Canon PowerShot A470|Category:Trees in Oxfordshire|Category:Village greens in Oxfordshire"
588,00588.jpg,File:Comercios frente al malecón.JPG,https://commons.wikimedia.org/wiki/File:Comercios_frente_al_malec%C3%B3n.JPG,https://thumb.wikimedia.org/wikipedia/commons/thumb/5/5d/Comercios_frente_al_malec%C3%B3n.JPG/1280px-Comercios_frente_al_malec%C3%B3n.JPG?utm_source=commons.wikimedia.org&utm_campaign=imageinfo&utm_content=thumbnail,1296,1936,Karla Santos,CC BY-SA 3.0,,unknown,Category:Buildings in Puerto Cabello|Category:CC-BY-SA-3.0|Category:Images from Wikiviajes por Venezuela 2014|Category:Malecón de Puerto Cabello|Category:Photographs taken on 2009-09-13|Category:Self-published work|Category:September 2009 in Venezuela|Category:Solitary trees in Venezuela|Category:Taken with Sony DSLR-A230
589,00589.jpg,"File:Construction of Bypass Roads Buliran San Juan, San Miguel 36.jpg","https://commons.wikimedia.org/wiki/File:Construction_of_Bypass_Roads_Buliran_San_Juan,_San_Miguel_36.jpg",https://thumb.wikimedia.org/wikipedia/commons/thumb/9/97/Construction_of_Bypass_Roads_Buliran_San_Juan%2C_San_Miguel_36.jpg/1280px-Construction_of_Bypass_Roads_Buliran_San_Juan%2C_San_Miguel_36.jpg?utm_source=commons.wikimedia.org&utm_campaign=imageinfo&utm_content=thumbnail,5184,3888,FBenjr123,CC BY-SA 4.0,,unknown,"Category:CC-BY-SA-4.0|Category:Construction of Bypass and Diversion Roads (Sitio II, Buliran - San Juan, San Miguel)|Category:Philippines photographs taken on 2022-01-07|Category:Self-published work|Category:Solitary trees|Category:Taken with Canon PowerShot SX620 HS"
590,00590.jpg,"File:Copped Hall garden tree, Epping, Essex, England.jpg","https://commons.wikimedia.org/wiki/File:Copped_Hall_garden_tree,_Epping,_Essex,_England.jpg",https://thumb.wikimedia.org/wikipedia/commons/thumb/c/c9/Copped_Hall_garden_tree%2C_Epping%2C_Essex%2C_England.jpg/1280px-Copped_Hall_garden_tree%2C_Epping%2C_Essex%2C_England.jpg?utm_source=commons.wikimedia.org&utm_campaign=imageinfo&utm_content=thumbnail,4160,5547,Acabashi,CC BY-SA 4.0,,unknown,"Category:Acabashi photos: Copped Hall|Category:Acabashi photos: trees in Essex|Category:Bare trees in the United Kingdom|Category:CC-BY-SA-4.0|Category:Copped Hall Gardens|Category:February 2019 in Essex|Category:Files with coordinates missing SDC location of creation (51° N, 0° E)|Category:Flora of Essex in February|Category:Leafless trees|Category:Photographs with aspect ratio of 3:4|Category:Self-published work|Category:Solitary trees in the United Kingdom|Category:Taken with Canon EOS 6D Mark II and Canon EF 24-105mm F4L IS USM|Category:Trees in Essex|Category:Trees in the Northern Hemisphere in February|Category:Trees in winter in England|Category:United Kingdom photographs taken on 2019-02-17|Category:Winter 2018-2019 in the United Kingdom|Category:Winter in Essex"
591,00591.jpg,File:Corixo do Moquém.png,https://commons.wikimedia.org/wiki/File:Corixo_do_Moqu%C3%A9m.png,https://thumb.wikimedia.org/wikipedia/commons/thumb/1/1a/Corixo_do_Moqu%C3%A9m.png/1280px-Corixo_do_Moqu%C3%A9m.png?utm_source=commons.wikimedia.org&utm_campaign=imageinfo&utm_content=thumbnail,3264,2448,Fernando Bastos de Souza,CC BY-SA 4.0,,unknown,Category:Barão de Melgaço|Category:CC-BY-SA-4.0|Category:Images from Wiki Loves Earth 2019|Category:Images from Wiki Loves Earth 2019 in Brazil|Category:Images from Wiki Loves Earth missing SDC location of creation|Category:Pantanal|Category:Reserva Particular do Patrimônio Natural Sesc Pantanal|Category:Rivers of Brazil|Category:Self-published work|Category:Solitary trees|Category:Unidentified trees in Brazil|Category:Uploaded via Campaign:wle-br|Category:Water reflections of trees in Brazil
592,00592.jpg,File:Countryside - panoramio (3984).jpg,https://commons.wikimedia.org/wiki/File:Countryside_-_panoramio_(3984).jpg,https://thumb.wikimedia.org/wikipedia/commons/thumb/9/97/Countryside_-_panoramio_%283984%29.jpg/1280px-Countryside_-_panoramio_%283984%29.jpg?utm_source=commons.wikimedia.org&utm_campaign=imageinfo&utm_content=thumbnail,3264,2448,Dennis G.,CC BY-SA 3.0,,unknown,Category:CC-BY-SA-3.0|Category:Huts|Category:Media lacking a description|Category:Panoramio files uploaded by Panoramio upload bot|Category:Panoramio images reviewed by trusted users|Category:Photographs taken on 2009-01-06|Category:Photos from Panoramio|Category:Sheds|Category:Solitary trees|Category:Trees in winter|Category:Winter
593,00593.jpg,"File:Cows at the Doorwerth heather Park, to keep the vegetation short and to give the heather possibilities to grow - panoramio.jpg","https://commons.wikimedia.org/wiki/File:Cows_at_the_Doorwerth_heather_Park,_to_keep_the_vegetation_short_and_to_give_the_heather_possibilities_to_grow_-_panoramio.jpg",https://thumb.wikimedia.org/wikipedia/commons/thumb/9/98/Cows_at_the_Doorwerth_heather_Park%2C_to_keep_the_vegetation_short_and_to_give_the_heather_possibilities_to_grow_-_panoramio.jpg/1280px-Cows_at_the_Doorwerth_heather_Park%2C_to_keep_the_vegetation_short_and_to_give_the_heather_possibilities_to_grow_-_panoramio.jpg?utm_source=commons.wikimedia.org&utm_campaign=imageinfo&utm_content=thumbnail,4928,3264,Henk Monster,CC BY 3.0,,unknown,Category:Blaarkop|Category:CC-BY-3.0|Category:Cattle in the Netherlands|Category:Lying cattle|Category:Netherlands photographs taken on 2013-04-06|Category:Panoramio files uploaded by Panoramio upload bot|Category:Panoramio images reviewed by trusted users|Category:Photographs by Henk Monster|Category:Photos from Panoramio|Category:Solitary trees|Category:Wolfheze
594,00594.jpg,File:Cows on Mežakla.jpg,https://commons.wikimedia.org/wiki/File:Cows_on_Me%C5%BEakla.jpg,https://thumb.wikimedia.org/wikipedia/commons/thumb/1/13/Cows_on_Me%C5%BEakla.jpg/1280px-Cows_on_Me%C5%BEakla.jpg?utm_source=commons.wikimedia.org&utm_campaign=imageinfo&utm_content=thumbnail,2048,1536,Mihael Simonič,CC BY-SA 3.0,,unknown,Category:Agriculture in Upper Carniola|Category:CC-BY-SA-3.0-migrated|Category:Cows in Slovenia|Category:GFDL|Category:License migration completed|Category:Mežakla|Category:Mihael Simonic's pictures|Category:Self-published work|Category:Solitary trees in Slovenia|Category:Summer in Slovenia|Category:Taken with Nikon Coolpix 3200
595,00595.jpg,"File:Crossroads, Bartow County GA.jpg","https://commons.wikimedia.org/wiki/File:Crossroads,_Bartow_County_GA.jpg",https://thumb.wikimedia.org/wikipedia/commons/thumb/1/10/Crossroads%2C_Bartow_County_GA.jpg/1280px-Crossroads%2C_Bartow_County_GA.jpg?utm_source=commons.wikimedia.org&utm_campaign=imageinfo&utm_content=thumbnail,4032,3024,John Phelan,CC BY 4.0,,unknown,"Category:CC-BY-4.0|Category:Cemeteries in Bartow County, Georgia|Category:Cemeteries in the United States photographed in 2026|Category:Crossroads in Georgia (U.S. state)|Category:Files with coordinates missing SDC location of creation|Category:March 2026 in Georgia (U.S. state)|Category:March 2026 in road transport in the United States|Category:Road signs in Bartow County, Georgia|Category:Self-published work|Category:Solitary trees in the United States|Category:Stop signs in Georgia (U.S. state)|Category:Trees in Georgia (U.S. state)|Category:United States photographs taken on 2026-03-06"
596,00596.jpg,File:Cuji solitario en la Sierra.JPG,https://commons.wikimedia.org/wiki/File:Cuji_solitario_en_la_Sierra.JPG,https://thumb.wikimedia.org/wikipedia/commons/thumb/2/2b/Cuji_solitario_en_la_Sierra.JPG/1280px-Cuji_solitario_en_la_Sierra.JPG?utm_source=commons.wikimedia.org&utm_campaign=imageinfo&utm_content=thumbnail,2816,2112,Juan Carlo Castillo Ortega,CC BY-SA 3.0,,unknown,Category:CC-BY-SA-3.0|Category:Images from Wikiviajes por Venezuela 2014|Category:January 2010 Venezuela photographs|Category:Photographs taken on 2010-01-17|Category:Roads in Falcón|Category:Self-published work|Category:Solitary trees in Venezuela|Category:Taken with Sony DSC-H2|Category:Trees in Falcón|Category:Trees in January 2010|Category:Troncal 4
597,00597.jpg,File:Cumbre del Cerro Galicia.JPG,https://commons.wikimedia.org/wiki/File:Cumbre_del_Cerro_Galicia.JPG,https://thumb.wikimedia.org/wikipedia/commons/thumb/7/7d/Cumbre_del_Cerro_Galicia.JPG/1280px-Cumbre_del_Cerro_Galicia.JPG?utm_source=commons.wikimedia.org&utm_campaign=imageinfo&utm_content=thumbnail,2816,2112,Juan Carlo Castillo Ortega,CC BY-SA 3.0,,unknown,Category:Antenna towers in Venezuela|Category:Buildings in Falcón|Category:CC-BY-SA-3.0|Category:Cerro Galicia|Category:Curimagua|Category:Images from Wikiviajes por Venezuela 2014|Category:January 2010 Venezuela photographs|Category:Photographs taken on 2010-01-16|Category:Self-published work|Category:Solitary trees in Venezuela|Category:Taken with Sony DSC-H2|Category:Trees in Falcón|Category:Wind-affected tree growth
598,00598.jpg,File:Cuolm Sura 1585m. 21-09-2022. (actm.) 02.jpg,https://commons.wikimedia.org/wiki/File:Cuolm_Sura_1585m._21-09-2022._(actm.)_02.jpg,https://thumb.wikimedia.org/wikipedia/commons/thumb/d/de/Cuolm_Sura_1585m._21-09-2022._%28actm.%29_02.jpg/1280px-Cuolm_Sura_1585m._21-09-2022._%28actm.%29_02.jpg?utm_source=commons.wikimedia.org&utm_campaign=imageinfo&utm_content=thumbnail,4216,3162,Agnes Monkelbaan,CC BY-SA 4.0,Sorbus,broadleaf,Category:CC-BY-SA-4.0|Category:Clouds and blue sky in the canton of Graubünden|Category:Featured Images by Agnes Monkelbaan|Category:Featured pictures of the Alps in Switzerland|Category:Featured pictures of the canton of Graubünden|Category:Featured pictures of trees|Category:Featured pictures on Wikimedia Commons|Category:Files with coordinates missing SDC location of creation|Category:Landscapes of the canton of Graubünden|Category:Quality images|Category:Quality images by Agnes Monkelbaan|Category:Quality images missing SDC depicts|Category:Quality images of nature in Switzerland|Category:Quality images of the canton of Graubünden|Category:Self-published work|Category:September 2022 in the canton of Graubünden|Category:Solitary trees in Switzerland|Category:Sorbus aucuparia in Switzerland|Category:Switzerland photographs taken on 2022-09-21|Category:Trees in the canton of Graubünden
599,00599.jpg,File:Dahlen Wiesengrund Baum.jpg,https://commons.wikimedia.org/wiki/File:Dahlen_Wiesengrund_Baum.jpg,https://thumb.wikimedia.org/wikipedia/commons/thumb/c/c5/Dahlen_Wiesengrund_Baum.jpg/1280px-Dahlen_Wiesengrund_Baum.jpg?utm_source=commons.wikimedia.org&utm_campaign=imageinfo&utm_content=thumbnail,6000,4000,Radler59 (talk),CC BY-SA 4.0,,unknown,"Category:CC-BY-SA-4.0|Category:FFH-Gebiet Dahle und Tauschke|Category:Files with coordinates missing SDC location of creation|Category:Images from Wiki Loves Earth 2021|Category:Images from Wiki Loves Earth 2021 in Germany|Category:Images from Wiki Loves Earth 2021, DE landscape|Category:Images from Wiki Loves Earth 2021, DE-SN|Category:Images from Wiki Loves Earth missing SDC depicts|Category:Images from Wiki Loves Earth missing SDC location of creation|Category:Nature of Dahlen|Category:Saxony photographs taken on 2021-04-25|Category:Solitary trees in Germany|Category:Uploaded with LrMediaWiki"
600,00600.jpg,"File:Dawn in Sivrihisar, Eskişehir 06.jpg","https://commons.wikimedia.org/wiki/File:Dawn_in_Sivrihisar,_Eski%C5%9Fehir_06.jpg",https://thumb.wikimedia.org/wikipedia/commons/thumb/4/46/Dawn_in_Sivrihisar%2C_Eski%C5%9Fehir_06.jpg/1280px-Dawn_in_Sivrihisar%2C_Eski%C5%9Fehir_06.jpg?utm_source=commons.wikimedia.org&utm_campaign=imageinfo&utm_content=thumbnail,2250,1495,Zeynel Cebeci,CC BY-SA 4.0,,unknown,Category:CC-BY-SA-4.0|Category:Dawn in Sivrihisar|Category:Files with coordinates missing SDC location of creation|Category:Self-published work|Category:Solitary trees in Turkey|Category:Sunrises of Eskişehir|Category:Trees and sky in Turkey
601,00601.jpg,File:Dead Vlei (1560383397).jpg,https://commons.wikimedia.org/wiki/File:Dead_Vlei_(1560383397).jpg,https://upload.wikimedia.org/wikipedia/commons/d/d9/Dead_Vlei_%281560383397%29.jpg?utm_source=commons.wikimedia.org&utm_campaign=imageinfo&utm_content=thumbnail_unscaled,992,656,"G u i d o from near Hamburg, Germany",CC BY-SA 2.0,,unknown,Category:CC-BY-SA-2.0|Category:Dead Vlei|Category:Files with coordinates missing SDC location of creation|Category:Flickr images reviewed by File Upload Bot (Magnus Manske)|Category:October 2007 in Namibia|Category:Solitary trees in Namibia
602,00602.jpg,File:Deadvlei (2006) 14.jpg,https://commons.wikimedia.org/wiki/File:Deadvlei_(2006)_14.jpg,https://upload.wikimedia.org/wikipedia/commons/a/ae/Deadvlei_%282006%29_14.jpg?utm_source=commons.wikimedia.org&utm_campaign=imageinfo&utm_content=thumbnail_unscaled,1065,713,LBM1948,CC BY-SA 4.0,,unknown,"Category:April 2006 in Namibia|Category:Black, red, white|Category:CC-BY-SA-4.0|Category:Dead trees in Dead Vlei|Category:Photographs by LBM1948|Category:Self-published work|Category:Solitary trees in Namibia"
603,00603.jpg,File:Deadvlei 1.jpg,https://commons.wikimedia.org/wiki/File:Deadvlei_1.jpg,https://thumb.wikimedia.org/wikipedia/commons/thumb/e/eb/Deadvlei_1.jpg/1280px-Deadvlei_1.jpg?utm_source=commons.wikimedia.org&utm_campaign=imageinfo&utm_content=thumbnail,4608,3072,FrankBothe,CC BY-SA 4.0,,unknown,Category:CC-BY-SA-4.0|Category:Dead trees in Dead Vlei|Category:Self-published work|Category:Solitary trees in Namibia
604,00604.jpg,File:Deadvlei in Namibia (2017).jpg,https://commons.wikimedia.org/wiki/File:Deadvlei_in_Namibia_(2017).jpg,https://thumb.wikimedia.org/wikipedia/commons/thumb/7/7a/Deadvlei_in_Namibia_%282017%29.jpg/1280px-Deadvlei_in_Namibia_%282017%29.jpg?utm_source=commons.wikimedia.org&utm_campaign=imageinfo&utm_content=thumbnail,4693,3051,Olga Ernst  &amp;  Hp.Baumeler,CC BY-SA 4.0,,unknown,Category:April 2017 in Namibia|Category:CC-BY-SA-4.0|Category:Dead trees in Dead Vlei|Category:Files with coordinates missing SDC location of creation|Category:Namibia photographs taken on 2017-04-30|Category:Self-published work|Category:Solitary trees in Namibia
605,00605.jpg,"File:Deer near Abberley, Worcestershire (50844950378).jpg","https://commons.wikimedia.org/wiki/File:Deer_near_Abberley,_Worcestershire_(50844950378).jpg",https://thumb.wikimedia.org/wikipedia/commons/thumb/6/6a/Deer_near_Abberley%2C_Worcestershire_%2850844950378%29.jpg/1280px-Deer_near_Abberley%2C_Worcestershire_%2850844950378%29.jpg?utm_source=commons.wikimedia.org&utm_campaign=imageinfo&utm_content=thumbnail,3836,2555,"Mike Finn from Worcester, United Kingdom",CC BY 2.0,,unknown,Category:Abberley|Category:CC-BY-2.0|Category:Cervus elaphus (farmed)|Category:Cervus elaphus (groups with calves)|Category:Cervus elaphus in England|Category:England photographs taken on 2021-01-17|Category:Flickr images reviewed by FlickreviewR 2|Category:January 2021 in Worcestershire|Category:Mammals of Worcestershire|Category:Mammals with trees|Category:Pastures in England|Category:Solitary trees in the United Kingdom|Category:Unidentified trees in the United Kingdom
606,00606.jpg,"File:Deer near Abberley, Worcestershire (50844969608).jpg","https://commons.wikimedia.org/wiki/File:Deer_near_Abberley,_Worcestershire_(50844969608).jpg",https://thumb.wikimedia.org/wikipedia/commons/thumb/6/60/Deer_near_Abberley%2C_Worcestershire_%2850844969608%29.jpg/1280px-Deer_near_Abberley%2C_Worcestershire_%2850844969608%29.jpg?utm_source=commons.wikimedia.org&utm_campaign=imageinfo&utm_content=thumbnail,4896,3264,"Mike Finn from Worcester, United Kingdom",CC BY 2.0,,unknown,Category:Abberley|Category:CC-BY-2.0|Category:Cervus elaphus (farmed)|Category:Cervus elaphus (groups with calves)|Category:Cervus elaphus in England|Category:England photographs taken on 2021-01-17|Category:Flickr images reviewed by FlickreviewR 2|Category:January 2021 in Worcestershire|Category:Mammals of Worcestershire|Category:Mammals with trees|Category:Pastures in England|Category:Solitary trees in the United Kingdom|Category:Unidentified trees in the United Kingdom
607,00607.jpg,File:Dementivka 2022-01-21.jpg,https://commons.wikimedia.org/wiki/File:Dementivka_2022-01-21.jpg,https://thumb.wikimedia.org/wikipedia/commons/thumb/0/0c/Dementivka_2022-01-21.jpg/1280px-Dementivka_2022-01-21.jpg?utm_source=commons.wikimedia.org&utm_campaign=imageinfo&utm_content=thumbnail,4000,3000,Tottfc,CC BY-SA 4.0,,unknown,Category:Buildings in Ukraine photographed in 2022|Category:Buildings in Zakharivka Hromada|Category:CC-BY-SA-4.0|Category:Clouds and blue sky in Rozdilna Raion|Category:Dementivka|Category:Flora of Zakharivka Hromada|Category:January 2022 in Odesa Oblast|Category:Leafless trees in Odesa Oblast|Category:Ruins in Rozdilna Raion|Category:Self-published work|Category:Solitary trees in Ukraine|Category:Taken with Huawei P Smart (2021)|Category:Trees in Rozdilna Raion|Category:Ukraine photographs taken on 2022-01-21
608,00608.jpg,File:Derevechka - panoramio.jpg,https://commons.wikimedia.org/wiki/File:Derevechka_-_panoramio.jpg,https://thumb.wikimedia.org/wikipedia/commons/thumb/4/40/Derevechka_-_panoramio.jpg/1280px-Derevechka_-_panoramio.jpg?utm_source=commons.wikimedia.org&utm_campaign=imageinfo&utm_content=thumbnail,2816,2112,Wolodymyr Lavrynenko,CC BY-SA 3.0,,unknown,Category:2008 in Luhansk Oblast|Category:CC-BY-SA-3.0|Category:Clouds in Ukraine in June 2008|Category:Cumulus humilis clouds in Ukraine|Category:Files with coordinates missing SDC location of creation|Category:Nature of Luhansk Oblast|Category:Panoramio files uploaded by Panoramio upload bot|Category:Panoramio images reviewed by trusted users|Category:Photos from Panoramio|Category:Photos from Panoramio ID 530579|Category:Solitary trees in Ukraine|Category:Summer landscapes in Ukraine|Category:Ukraine photographs taken on 2008-06-30
609,00609.jpg,File:Desert Electric.jpg,https://commons.wikimedia.org/wiki/File:Desert_Electric.jpg,https://thumb.wikimedia.org/wikipedia/commons/thumb/9/94/Desert_Electric.jpg/1280px-Desert_Electric.jpg?utm_source=commons.wikimedia.org&utm_campaign=imageinfo&utm_content=thumbnail,3887,2441,Jessie Eastland,CC BY-SA 4.0,,unknown,Category:CC-BY-SA-4.0|Category:Cloud-to-ground lightning|Category:Lightning in California|Category:Mojave Desert|Category:Photographic silhouettes of trees|Category:Self-published work|Category:Solitary trees|Category:United States photographs taken on 2015-10-16
610,00610.jpg,File:Deyrulumur P1040588 20080425094731.JPG,https://commons.wikimedia.org/wiki/File:Deyrulumur_P1040588_20080425094731.JPG,https://thumb.wikimedia.org/wikipedia/commons/thumb/b/b0/Deyrulumur_P1040588_20080425094731.JPG/1280px-Deyrulumur_P1040588_20080425094731.JPG?utm_source=commons.wikimedia.org&utm_campaign=imageinfo&utm_content=thumbnail,3072,2304,Nevit Dilmen,CC BY-SA 3.0,,unknown,Category:CC-BY-SA-3.0-migrated|Category:Files with coordinates missing SDC location of creation|Category:GFDL|Category:License migration completed|Category:Mor Gabriel Monastery|Category:Nevit Dilmen|Category:Pages with local camera coordinates and mismatching SDC coordinates|Category:Self-published work|Category:Solitary trees in Turkey|Category:Taken with Panasonic Lumix DMC-TZ3
611,00611.jpg,File:Deyrulumur P1040626 20080425100057 Droste1.jpg,https://commons.wikimedia.org/wiki/File:Deyrulumur_P1040626_20080425100057_Droste1.jpg,https://thumb.wikimedia.org/wikipedia/commons/thumb/9/9e/Deyrulumur_P1040626_20080425100057_Droste1.jpg/1280px-Deyrulumur_P1040626_20080425100057_Droste1.jpg?utm_source=commons.wikimedia.org&utm_campaign=imageinfo&utm_content=thumbnail,2200,2928,"Deyrulumur_P1040626_20080425100057.JPG: Nevit Dilmen
derivative work: Nevit",CC BY-SA 3.0,,unknown,Category:CC-BY-SA-3.0|Category:Derivative versions|Category:Doorways in Turkey|Category:Droste effect|Category:Files with coordinates missing SDC location of creation|Category:GFDL|Category:License migration redundant|Category:Mor Gabriel Monastery|Category:Retouched pictures|Category:Self-published work|Category:Solitary trees in Turkey|Category:Taken with Panasonic Lumix DMC-TZ3|Category:Uploaded with derivativeFX
612,00612.jpg,File:Deyrulumur P1040626 20080425100057 Droste2.jpg,https://commons.wikimedia.org/wiki/File:Deyrulumur_P1040626_20080425100057_Droste2.jpg,https://thumb.wikimedia.org/wikipedia/commons/thumb/f/f2/Deyrulumur_P1040626_20080425100057_Droste2.jpg/1280px-Deyrulumur_P1040626_20080425100057_Droste2.jpg?utm_source=commons.wikimedia.org&utm_campaign=imageinfo&utm_content=thumbnail,2200,2928,"Deyrulumur_P1040626_20080425100057.JPG: Nevit Dilmen
derivative work: Nevit",CC BY-SA 3.0,,unknown,Category:CC-BY-SA-3.0|Category:Derivative versions|Category:Doorways in Turkey|Category:Droste effect|Category:Files with coordinates missing SDC location of creation|Category:GFDL|Category:License migration redundant|Category:Mor Gabriel Monastery|Category:Retouched pictures|Category:Self-published work|Category:Solitary trees in Turkey|Category:Taken with Panasonic Lumix DMC-TZ3|Category:Uploaded with derivativeFX
613,00613.jpg,File:Deyrulumur P1040626 20080425100057.JPG,https://commons.wikimedia.org/wiki/File:Deyrulumur_P1040626_20080425100057.JPG,https://thumb.wikimedia.org/wikipedia/commons/thumb/a/a7/Deyrulumur_P1040626_20080425100057.JPG/1280px-Deyrulumur_P1040626_20080425100057.JPG?utm_source=commons.wikimedia.org&utm_campaign=imageinfo&utm_content=thumbnail,2200,2928,Nevit Dilmen,CC BY-SA 3.0,,unknown,Category:CC-BY-SA-3.0|Category:Doors in Turkey|Category:Files with coordinates missing SDC location of creation|Category:GFDL|Category:License migration redundant|Category:Mor Gabriel Monastery|Category:Nevit Dilmen|Category:Self-published work|Category:Solitary trees in Turkey|Category:Taken with Panasonic Lumix DMC-TZ3
614,00614.jpg,File:Deyrulumur P1040629 20080425100136.JPG,https://commons.wikimedia.org/wiki/File:Deyrulumur_P1040629_20080425100136.JPG,https://thumb.wikimedia.org/wikipedia/commons/thumb/e/e6/Deyrulumur_P1040629_20080425100136.JPG/1280px-Deyrulumur_P1040629_20080425100136.JPG?utm_source=commons.wikimedia.org&utm_campaign=imageinfo&utm_content=thumbnail,2304,3072,Nevit Dilmen,CC BY-SA 3.0,,unknown,Category:Arch windows in Turkey|Category:Barred windows in Turkey|Category:CC-BY-SA-3.0-migrated|Category:Files with coordinates missing SDC location of creation|Category:GFDL|Category:License migration completed|Category:Mor Gabriel Monastery|Category:Nevit Dilmen|Category:Self-published work|Category:Semi-circular arches|Category:Solitary trees in Turkey|Category:Taken with Panasonic Lumix DMC-TZ3
615,00615.jpg,File:Dgist123.jpg,https://commons.wikimedia.org/wiki/File:Dgist123.jpg,https://upload.wikimedia.org/wikipedia/commons/6/65/Dgist123.jpg?utm_source=commons.wikimedia.org&utm_campaign=imageinfo&utm_content=thumbnail_unscaled,1050,1400,En0707,CC BY-SA 4.0,,unknown,Category:CC-BY-SA-4.0|Category:Navajo Loop Trail|Category:Self-published work|Category:Solitary trees in the United States|Category:Trees in Bryce Canyon National Park
616,00616.jpg,File:Diana Byrka photo b&w.jpg,https://commons.wikimedia.org/wiki/File:Diana_Byrka_photo_b%26w.jpg,https://thumb.wikimedia.org/wikipedia/commons/thumb/e/e6/Diana_Byrka_photo_b%26w.jpg/1280px-Diana_Byrka_photo_b%26w.jpg?utm_source=commons.wikimedia.org&utm_campaign=imageinfo&utm_content=thumbnail,1495,1993,Diana Byrka,CC BY-SA 4.0,,unknown,"Category:Black and white photographs of Ukraine in the 2020s|Category:Black and white photographs of nature|Category:CC-BY-SA-4.0|Category:Files with coordinates missing SDC location of creation|Category:Images from Wiki Loves Earth 2020|Category:Images from Wiki Loves Earth 2020 in Ukraine|Category:Images from Wiki Loves Earth missing SDC depicts|Category:Images from Wiki Loves Earth missing SDC location of creation|Category:July 2020 in Odesa Oblast|Category:Natural heritage sites in Ukraine with known IDs|Category:Self-published work|Category:Solitary trees in Ukraine|Category:Taken with Fujifilm X-E2|Category:Tyligul Estuary Landscape Park, Odesa Oblast|Category:Ukraine photographs taken on 2020-07-03|Category:Uploaded via Campaign:wle-ua|Category:Wiki Loves Earth Ukraine 2020 - Quality"
617,00617.jpg,"File:Dirección Motilla del Palancar nos sorprende esta enorme encina o carrasca que, rodeada de rastrojos nos va a brindar una apacible siestecilla bajo su extensa sombra a las 15-00 pm de la tarde que ya son - panoramio.jpg","https://commons.wikimedia.org/wiki/File:Direcci%C3%B3n_Motilla_del_Palancar_nos_sorprende_esta_enorme_encina_o_carrasca_que,_rodeada_de_rastrojos_nos_va_a_brindar_una_apacible_siestecilla_bajo_su_extensa_sombra_a_las_15-00_pm_de_la_tarde_que_ya_son_-_panoramio.jpg",https://thumb.wikimedia.org/wikipedia/commons/thumb/c/c8/Direcci%C3%B3n_Motilla_del_Palancar_nos_sorprende_esta_enorme_encina_o_carrasca_que%2C_rodeada_de_rastrojos_nos_va_a_brindar_una_apacible_siestecilla_bajo_su_extensa_sombra_a_las_15-00_pm_de_la_tarde_que_ya_son_-_panoramio.jpg/1280px-thumbnail.jpg?utm_source=commons.wikimedia.org&utm_campaign=imageinfo&utm_content=thumbnail,4752,3168,"Daniel López Garcia, DnTrotaMundos ☮",CC BY 3.0,Quercus,broadleaf,Category:CC-BY-3.0|Category:Dirt roads in Castile-La Mancha|Category:Fields in the province of Cuenca|Category:Files with coordinates missing SDC location of creation|Category:July 2012 in the province of Cuenca|Category:Nature of Motilla del Palancar|Category:Panoramio files uploaded by Panoramio upload bot|Category:Panoramio images reviewed by trusted users|Category:Photos from Panoramio|Category:Photos from Panoramio ID 4752073|Category:Photos from Panoramio ID 4752073 with watermark|Category:Quercus rotundifolia|Category:Roads in the province of Cuenca|Category:Solitary trees in Spain|Category:Spain photographs taken on 2012-07-30|Category:Trees in the province of Cuenca
618,00618.jpg,File:Djanet - 2019.jpg,https://commons.wikimedia.org/wiki/File:Djanet_-_2019.jpg,https://thumb.wikimedia.org/wikipedia/commons/thumb/e/ee/Djanet_-_2019.jpg/1280px-Djanet_-_2019.jpg?utm_source=commons.wikimedia.org&utm_campaign=imageinfo&utm_content=thumbnail,5184,3456,Ghiles.toubal,CC BY-SA 4.0,,unknown,Category:CC-BY-SA-4.0|Category:December 2018 in Algeria|Category:Photographs taken on 2018-12-30|Category:Self-published work|Category:Solitary trees in Algeria|Category:Trees in 2019
619,00619.jpg,File:Dolni Branna pamatny jilm.jpg,https://commons.wikimedia.org/wiki/File:Dolni_Branna_pamatny_jilm.jpg,https://thumb.wikimedia.org/wikipedia/commons/thumb/e/e4/Dolni_Branna_pamatny_jilm.jpg/1280px-Dolni_Branna_pamatny_jilm.jpg?utm_source=commons.wikimedia.org&utm_campaign=imageinfo&utm_content=thumbnail,1704,2272,JiriMatejicek,CC BY-SA 3.0,Ulmus,broadleaf,Category:CC-BY-SA-3.0|Category:Dolní Branná|Category:Famous Ulmus glabra in the Czech Republic|Category:Famous trees in Trutnov District|Category:Files with coordinates missing SDC location of creation|Category:Mediagrant|Category:Mediagrant:Foto českých obcí|Category:Solitary trees in the Czech Republic|Category:Ulmus in Hradec Králové Region|Category:Uploaded with VicuñaUploader
620,00620.jpg,File:Dolni Lanov 142.jpg,https://commons.wikimedia.org/wiki/File:Dolni_Lanov_142.jpg,https://thumb.wikimedia.org/wikipedia/commons/thumb/3/3e/Dolni_Lanov_142.jpg/1280px-Dolni_Lanov_142.jpg?utm_source=commons.wikimedia.org&utm_campaign=imageinfo&utm_content=thumbnail,2736,3648,JiriMatejicek,CC BY-SA 3.0,Tilia,broadleaf,Category:CC-BY-SA-3.0|Category:Dolní Lánov|Category:Famous trees in Trutnov District|Category:Files with coordinates missing SDC location of creation|Category:Log cabins in Trutnov District|Category:Mediagrant|Category:Mediagrant:Foto českých obcí|Category:Restaurants in Trutnov District|Category:Road III/32552 (Czech Republic)|Category:Solitary trees in the Czech Republic|Category:Tilia platyphyllos in Hradec Králové Region|Category:Uploaded with VicuñaUploader
621,00621.jpg,File:Dorflinde Alberschwende.JPG,https://commons.wikimedia.org/wiki/File:Dorflinde_Alberschwende.JPG,https://thumb.wikimedia.org/wikipedia/commons/thumb/e/e4/Dorflinde_Alberschwende.JPG/1280px-Dorflinde_Alberschwende.JPG?utm_source=commons.wikimedia.org&utm_campaign=imageinfo&utm_content=thumbnail,1704,2272,Austriantraveler,CC BY-SA 3.0,,unknown,Category:Alberschwende|Category:CC-BY-SA-3.0|Category:Self-published work|Category:Solitary trees in Austria|Category:Taken with Canon Digital IXUS 60
622,00622.jpg,File:Double nature.jpg,https://commons.wikimedia.org/wiki/File:Double_nature.jpg,https://upload.wikimedia.org/wikipedia/commons/e/e3/Double_nature.jpg?utm_source=commons.wikimedia.org&utm_campaign=imageinfo&utm_content=thumbnail_unscaled,840,1188,Jasminquantum,CC BY-SA 4.0,,unknown,Category:CC-BY-SA-4.0|Category:Images from Wiki Loves Earth 2018|Category:Images from Wiki Loves Earth 2018 in Pakistan|Category:Images from Wiki Loves Earth missing SDC depicts|Category:Images from Wiki Loves Earth missing SDC location of creation|Category:Light poles|Category:Self-published work|Category:Solitary trees|Category:Trees in Pakistan|Category:Uploaded via Campaign:wle-pk|Category:WLE 2016 Pakistan unreviewed|Category:Water reflections of trees in Pakistan
623,00623.jpg,File:Drakamöllan-ensamt träd.jpg,https://commons.wikimedia.org/wiki/File:Drakam%C3%B6llan-ensamt_tr%C3%A4d.jpg,https://thumb.wikimedia.org/wikipedia/commons/thumb/5/53/Drakam%C3%B6llan-ensamt_tr%C3%A4d.jpg/1280px-Drakam%C3%B6llan-ensamt_tr%C3%A4d.jpg?utm_source=commons.wikimedia.org&utm_campaign=imageinfo&utm_content=thumbnail,4000,3000,Manpwp,CC BY-SA 3.0,Betula,broadleaf,Category:2011 in Tomelilla Municipality|Category:Betula in Sweden|Category:CC-BY-SA-3.0|Category:Drakamöllans naturreservat|Category:GFDL|Category:License migration redundant|Category:May 2011 Sweden photographs|Category:Natura 2000 in Sweden|Category:Self-published work|Category:Solitary trees|Category:Tomelilla Municipality
624,00624.jpg,File:Dry Etosha Pan.jpg,https://commons.wikimedia.org/wiki/File:Dry_Etosha_Pan.jpg,https://thumb.wikimedia.org/wikipedia/commons/thumb/6/60/Dry_Etosha_Pan.jpg/1280px-Dry_Etosha_Pan.jpg?utm_source=commons.wikimedia.org&utm_campaign=imageinfo&utm_content=thumbnail,3835,2408,Alchemist-hp (talk) (www.pse-mendelejew.de),FAL,,unknown,"Category:Commons featured widescreen desktop backgrounds|Category:Etosha pan|Category:FAL|Category:Featured pictures by User:Alchemist-hp|Category:Featured pictures of Namibia|Category:Featured pictures on Wikimedia Commons|Category:Featured pictures on Wikipedia, German|Category:Featured pictures on Wikipedia, Indonesian|Category:Files with coordinates missing SDC location of creation|Category:Landscapes of Namibia|Category:October 2011 in Namibia|Category:Pictures of the day (2013)|Category:Quality images|Category:Quality images by Alchemist-hp|Category:Quality images of nature in Namibia|Category:Solitary trees in Namibia|Category:Taken with Canon EOS 5D Mark II"
625,00625.jpg,File:Drzewo Mężenin.JPG,https://commons.wikimedia.org/wiki/File:Drzewo_M%C4%99%C5%BCenin.JPG,https://thumb.wikimedia.org/wikipedia/commons/thumb/6/61/Drzewo_M%C4%99%C5%BCenin.JPG/1280px-Drzewo_M%C4%99%C5%BCenin.JPG?utm_source=commons.wikimedia.org&utm_campaign=imageinfo&utm_content=thumbnail,2016,1512,Piotr Gryko,CC BY 3.0,,unknown,"Category:CC-BY-3.0|Category:Mężenin, powiat zambrowski|Category:Self-published work|Category:Solitary trees in Poland|Category:Taken with Nikon Coolpix SQ"
626,00626.jpg,File:Dub v bielom plášti - panoramio.jpg,https://commons.wikimedia.org/wiki/File:Dub_v_bielom_pl%C3%A1%C5%A1ti_-_panoramio.jpg,https://upload.wikimedia.org/wikipedia/commons/3/33/Dub_v_bielom_pl%C3%A1%C5%A1ti_-_panoramio.jpg?utm_source=commons.wikimedia.org&utm_campaign=imageinfo&utm_content=thumbnail_unscaled,1094,764,kovop,CC BY 3.0,Quercus,broadleaf,Category:CC-BY-3.0|Category:Lovčica-Trubín|Category:Panoramio files uploaded by Panoramio upload bot|Category:Panoramio images reviewed by trusted users|Category:Photos from Panoramio|Category:Quercus in Slovakia|Category:Snow-covered tree branches in Slovakia|Category:Solitary trees in Slovakia|Category:Winter in Slovakia
627,00627.jpg,File:Dubievka-2.jpg,https://commons.wikimedia.org/wiki/File:Dubievka-2.jpg,https://upload.wikimedia.org/wikipedia/commons/1/12/Dubievka-2.jpg?utm_source=commons.wikimedia.org&utm_campaign=imageinfo&utm_content=thumbnail_unscaled,685,1010,Nick tak,CC BY-SA 4.0,,unknown,Category:CC-BY-SA-4.0|Category:Self-published work|Category:Solitary trees|Category:Trees in Ukraine
628,00628.jpg,"File:Dunes near Sossusvlei, Namibia (2017).jpg","https://commons.wikimedia.org/wiki/File:Dunes_near_Sossusvlei,_Namibia_(2017).jpg",https://thumb.wikimedia.org/wikipedia/commons/thumb/4/43/Dunes_near_Sossusvlei%2C_Namibia_%282017%29.jpg/1280px-Dunes_near_Sossusvlei%2C_Namibia_%282017%29.jpg?utm_source=commons.wikimedia.org&utm_campaign=imageinfo&utm_content=thumbnail,4928,3264,Olga Ernst  &amp;  Hp.Baumeler,CC BY-SA 4.0,,unknown,Category:CC-BY-SA-4.0|Category:Dunes of the Namib Desert|Category:Files with coordinates missing SDC location of creation|Category:Mimosoideae in Namibia|Category:Namibia photographs taken on 2017-04-30|Category:Self-published work|Category:Solitary trees in Namibia|Category:Sossusvlei
629,00629.jpg,File:Dunst Namibia Oct 2002 slide027 - Quiver Tree.jpg,https://commons.wikimedia.org/wiki/File:Dunst_Namibia_Oct_2002_slide027_-_Quiver_Tree.jpg,https://thumb.wikimedia.org/wikipedia/commons/thumb/9/96/Dunst_Namibia_Oct_2002_slide027_-_Quiver_Tree.jpg/1280px-Dunst_Namibia_Oct_2002_slide027_-_Quiver_Tree.jpg?utm_source=commons.wikimedia.org&utm_campaign=imageinfo&utm_content=thumbnail,6706,4476,Bernhard Dunst,CC BY-SA 4.0,,unknown,Category:Aloidendron dichotomum|Category:CC-BY-SA-4.0|Category:Images by Diascanprojekt Dunst|Category:Images by Diascanprojekt Dunst check done|Category:Images by Diascanprojekt Dunst/Namibia 2002-10|Category:October 2002 in Namibia|Category:Self-published work|Category:Solitary trees in Namibia|Category:Supported by Wikimedia Österreich in 2018|Category:Trees in 2002
630,00630.jpg,File:Dunst Namibia Oct 2002 slide344 - über dem Straßenrand.jpg,https://commons.wikimedia.org/wiki/File:Dunst_Namibia_Oct_2002_slide344_-_%C3%BCber_dem_Stra%C3%9Fenrand.jpg,https://thumb.wikimedia.org/wikipedia/commons/thumb/4/42/Dunst_Namibia_Oct_2002_slide344_-_%C3%BCber_dem_Stra%C3%9Fenrand.jpg/1280px-Dunst_Namibia_Oct_2002_slide344_-_%C3%BCber_dem_Stra%C3%9Fenrand.jpg?utm_source=commons.wikimedia.org&utm_campaign=imageinfo&utm_content=thumbnail,6808,4472,Bernhard Dunst,CC BY-SA 4.0,,unknown,Category:CC-BY-SA-4.0|Category:Dead trees in Namibia|Category:Images by Diascanprojekt Dunst|Category:Images by Diascanprojekt Dunst check done|Category:Images by Diascanprojekt Dunst/Namibia 2002-10|Category:October 2002 in Namibia|Category:Self-published work|Category:Solitary trees in Namibia|Category:Supported by Wikimedia Österreich in 2018
631,00631.jpg,File:Dying quiver tree 1812-2223.jpg,https://commons.wikimedia.org/wiki/File:Dying_quiver_tree_1812-2223.jpg,https://thumb.wikimedia.org/wikipedia/commons/thumb/2/2e/Dying_quiver_tree_1812-2223.jpg/1280px-Dying_quiver_tree_1812-2223.jpg?utm_source=commons.wikimedia.org&utm_campaign=imageinfo&utm_content=thumbnail,5340,3563,Henning Sidow,CC BY-SA 4.0,,unknown,Category:2018 photographs of Namibia|Category:Aloidendron dichotomum|Category:Best images from Wiki Loves Africa 2023|Category:CC-BY-SA-4.0|Category:Deserts of Namibia|Category:Files with coordinates missing SDC location of creation|Category:Images from Wiki Loves Africa 2023|Category:Images from Wiki Loves Africa 2023 in Namibia|Category:Images from Wiki Loves Africa 2023 to check|Category:Oryx gazella in Namibia|Category:Self-published work|Category:Solitary trees in Namibia|Category:Trees in the Northern Hemisphere in December 2018|Category:Uploaded via Campaign:wlafrica
632,00632.jpg,File:Dyniska sosna Grottgera.JPG,https://commons.wikimedia.org/wiki/File:Dyniska_sosna_Grottgera.JPG,https://thumb.wikimedia.org/wikipedia/commons/thumb/7/79/Dyniska_sosna_Grottgera.JPG/1280px-Dyniska_sosna_Grottgera.JPG?utm_source=commons.wikimedia.org&utm_campaign=imageinfo&utm_content=thumbnail,1600,1200,pl.wiki: Wp,CC BY-SA 3.0,,unknown,"Category:CC-BY-SA-2.5,2.0,1.0|Category:CC-BY-SA-3.0-migrated|Category:Dead trees in Poland|Category:Dyniska|Category:GFDL|Category:License migration redundant|Category:Self-published work|Category:Solitary trees in Poland|Category:Taken with Canon PowerShot A610"
633,00633.jpg,File:Dzerzhynsk 9 (7203084530).jpg,https://commons.wikimedia.org/wiki/File:Dzerzhynsk_9_(7203084530).jpg,https://thumb.wikimedia.org/wikipedia/commons/thumb/9/9c/Dzerzhynsk_9_%287203084530%29.jpg/1280px-Dzerzhynsk_9_%287203084530%29.jpg?utm_source=commons.wikimedia.org&utm_campaign=imageinfo&utm_content=thumbnail,1707,1280,"Alexxx Malev from Taganrog, Russia",CC BY-SA 2.0,,unknown,"Category:Buildings in Donetsk Oblast|Category:Buildings in Ukraine photographed in 2010|Category:CC-BY-SA-2.0|Category:Clouds and blue sky in Donetsk Oblast|Category:Files with coordinates missing SDC location of creation|Category:Files, uploaded by Andrew Butko from various sources (21st century)|Category:Flickr images reviewed by FlickreviewR|Category:Landscapes of Bakhmut Raion|Category:May 2010 in Donetsk Oblast|Category:Pivnichne, Donetsk Oblast|Category:Solitary trees in Ukraine|Category:Taken with Canon PowerShot A630|Category:Ukraine photographs taken on 2010-05-01|Category:Zoogenic landforms in Ukraine"
634,00634.jpg,"File:East Crimean landscape - Kerch, Ukraine - panoramio.jpg","https://commons.wikimedia.org/wiki/File:East_Crimean_landscape_-_Kerch,_Ukraine_-_panoramio.jpg",https://thumb.wikimedia.org/wikipedia/commons/thumb/8/80/East_Crimean_landscape_-_Kerch%2C_Ukraine_-_panoramio.jpg/1280px-East_Crimean_landscape_-_Kerch%2C_Ukraine_-_panoramio.jpg?utm_source=commons.wikimedia.org&utm_campaign=imageinfo&utm_content=thumbnail,2813,2000,Sergey Ashmarin,CC BY-SA 3.0,,unknown,Category:2010 in Kerch|Category:CC-BY-SA-3.0|Category:Crimea photographs taken on 2010-08-16|Category:Dirt roads in Crimea|Category:Files with coordinates missing SDC location of creation|Category:Panoramio files uploaded by Panoramio upload bot|Category:Panoramio images reviewed by trusted users|Category:Photos from Panoramio|Category:Solitary trees in Ukraine
635,00635.jpg,"File:East Custer, SD, USA - panoramio (33).jpg","https://commons.wikimedia.org/wiki/File:East_Custer,_SD,_USA_-_panoramio_(33).jpg",https://thumb.wikimedia.org/wikipedia/commons/thumb/c/cb/East_Custer%2C_SD%2C_USA_-_panoramio_%2833%29.jpg/1280px-East_Custer%2C_SD%2C_USA_-_panoramio_%2833%29.jpg?utm_source=commons.wikimedia.org&utm_campaign=imageinfo&utm_content=thumbnail,3968,2766,Idawriter,CC BY-SA 3.0,,unknown,"Category:August 2010 in South Dakota|Category:CC-BY-SA-3.0|Category:Custer County, South Dakota|Category:Files with coordinates missing SDC location of creation|Category:Gravel roads in South Dakota|Category:Panoramio files uploaded by Panoramio upload bot|Category:Panoramio images reviewed by trusted users|Category:Photos from Panoramio|Category:Solitary trees in the United States|Category:United States photographs taken on 2010-08-10"
636,00636.jpg,File:Eastern edge of Dansberget Village Sandhamn Island Sandön East coast Sweden.jpg,https://commons.wikimedia.org/wiki/File:Eastern_edge_of_Dansberget_Village_Sandhamn_Island_Sand%C3%B6n_East_coast_Sweden.jpg,https://thumb.wikimedia.org/wikipedia/commons/thumb/4/4c/Eastern_edge_of_Dansberget_Village_Sandhamn_Island_Sand%C3%B6n_East_coast_Sweden.jpg/1280px-Eastern_edge_of_Dansberget_Village_Sandhamn_Island_Sand%C3%B6n_East_coast_Sweden.jpg?utm_source=commons.wikimedia.org&utm_campaign=imageinfo&utm_content=thumbnail,3301,4952,ThomasLendt,CC BY-SA 4.0,,unknown,"Category:CC-BY-SA-4.0|Category:Files with coordinates missing SDC location of creation|Category:Sandhamn|Category:Sandhamn, Dansberget|Category:Self-published work|Category:Solitary trees"
637,00637.jpg,File:Ebersbach Solitaerer Baum-01.jpg,https://commons.wikimedia.org/wiki/File:Ebersbach_Solitaerer_Baum-01.jpg,https://thumb.wikimedia.org/wikipedia/commons/thumb/8/8e/Ebersbach_Solitaerer_Baum-01.jpg/1280px-Ebersbach_Solitaerer_Baum-01.jpg?utm_source=commons.wikimedia.org&utm_campaign=imageinfo&utm_content=thumbnail,6000,4000,Radler59 (talk),CC BY-SA 4.0,,unknown,Category:2017 in Landkreis Meißen|Category:CC-BY-SA-4.0|Category:Ebersbach (Landkreis Meißen)|Category:Files with coordinates missing SDC location of creation|Category:Saxony photographs taken on 2017-10-18|Category:Self-published work|Category:Solitary trees in Germany|Category:Uploaded with LrMediaWiki
638,00638.jpg,File:Ebersbach Solitaerer Baum-02.jpg,https://commons.wikimedia.org/wiki/File:Ebersbach_Solitaerer_Baum-02.jpg,https://thumb.wikimedia.org/wikipedia/commons/thumb/8/8b/Ebersbach_Solitaerer_Baum-02.jpg/1280px-Ebersbach_Solitaerer_Baum-02.jpg?utm_source=commons.wikimedia.org&utm_campaign=imageinfo&utm_content=thumbnail,6000,4000,Radler59 (talk),CC BY-SA 4.0,,unknown,Category:2017 in Landkreis Meißen|Category:CC-BY-SA-4.0|Category:Ebersbach (Landkreis Meißen)|Category:Files with coordinates missing SDC location of creation|Category:Saxony photographs taken on 2017-10-18|Category:Self-published work|Category:Solitary trees in Germany|Category:Uploaded with LrMediaWiki
639,00639.jpg,File:Egremont Plain.JPG,https://commons.wikimedia.org/wiki/File:Egremont_Plain.JPG,https://thumb.wikimedia.org/wikipedia/commons/thumb/3/3b/Egremont_Plain.JPG/1280px-Egremont_Plain.JPG?utm_source=commons.wikimedia.org&utm_campaign=imageinfo&utm_content=thumbnail,1600,1200,ToddC4176 (talk),CC BY-SA 3.0,,unknown,"Category:CC-BY-SA-3.0|Category:Egremont, Massachusetts|Category:GFDL|Category:License migration redundant|Category:Self-published work|Category:Solitary trees in the United States"
640,00640.jpg,File:Einsiedeln IMG 2791.JPG,https://commons.wikimedia.org/wiki/File:Einsiedeln_IMG_2791.JPG,https://thumb.wikimedia.org/wikipedia/commons/thumb/e/ec/Einsiedeln_IMG_2791.JPG/1280px-Einsiedeln_IMG_2791.JPG?utm_source=commons.wikimedia.org&utm_campaign=imageinfo&utm_content=thumbnail,3264,2448,Roland zh,CC BY-SA 3.0,,unknown,Category:CC-BY-SA-3.0|Category:Hills of Switzerland|Category:Meadows in the canton of Schwyz|Category:Nature of Einsiedeln|Category:Photographs by Roland Fischer|Category:Self-published work|Category:Solitary trees in Switzerland|Category:Switzerland photographs taken on 2009-05-27|Category:Taken with Canon PowerShot S5 IS|Category:Trees in the canton of Schwyz in spring
641,00641.jpg,File:El árbol de los 100 años..jpg,https://commons.wikimedia.org/wiki/File:El_%C3%A1rbol_de_los_100_a%C3%B1os..jpg,https://thumb.wikimedia.org/wikipedia/commons/thumb/2/2b/El_%C3%A1rbol_de_los_100_a%C3%B1os..jpg/1280px-El_%C3%A1rbol_de_los_100_a%C3%B1os..jpg?utm_source=commons.wikimedia.org&utm_campaign=imageinfo&utm_content=thumbnail,1936,2592,soydanielcastillo,CC BY-SA 3.0,,unknown,Category:April 2014 Venezuela photographs|Category:CC-BY-SA-3.0|Category:Images from Wikiviajes por Venezuela 2014|Category:Photographs taken on 2014-04-20|Category:Self-published work|Category:Solitary trees in Venezuela|Category:Taken with iPod touch|Category:Trees in Yaracuy|Category:Uploaded with Mobile/iOS
642,00642.jpg,File:Embalse de Casares.jpg,https://commons.wikimedia.org/wiki/File:Embalse_de_Casares.jpg,https://thumb.wikimedia.org/wikipedia/commons/thumb/c/c3/Embalse_de_Casares.jpg/1280px-Embalse_de_Casares.jpg?utm_source=commons.wikimedia.org&utm_campaign=imageinfo&utm_content=thumbnail,3300,2200,Siurle,CC BY-SA 4.0,,unknown,Category:All media supported by Wikimedia España in 2019|Category:CC-BY-SA-4.0|Category:Casares Reservoir|Category:Files with coordinates missing SDC location of creation|Category:Flooded trees|Category:Images from Wiki Loves Earth 2019|Category:Images from Wiki Loves Earth 2019 in Spain|Category:Images from Wiki Loves Earth missing SDC depicts|Category:Images from Wiki Loves Earth missing SDC location of creation|Category:Landscapes of the province of León|Category:Mountains of the province of León|Category:Self-published work|Category:Snow in Spain in January 2014|Category:Snow in the province of León|Category:Snowy landscapes in Spain|Category:Solitary trees in Spain|Category:Spain photographs taken on 2014-01-23|Category:Special Areas of Conservation in Spain with known IDs|Category:Trees in the Northern Hemisphere in January 2014|Category:Uploaded via Campaign:wle-es
643,00643.jpg,File:Embalse de El Grado (28969387781).jpg,https://commons.wikimedia.org/wiki/File:Embalse_de_El_Grado_(28969387781).jpg,https://thumb.wikimedia.org/wikipedia/commons/thumb/2/27/Embalse_de_El_Grado_%2828969387781%29.jpg/1280px-Embalse_de_El_Grado_%2828969387781%29.jpg?utm_source=commons.wikimedia.org&utm_campaign=imageinfo&utm_content=thumbnail,1950,1300,"Jorge Franganillo from Barcelona, Spain",CC BY 2.0,,unknown,Category:CC-BY-2.0|Category:Files uploaded by OceanAtoll|Category:Files with coordinates missing SDC location of creation|Category:Flickr images reviewed by FlickreviewR 2|Category:Photographs of Spain by Jorge Franganillo|Category:Solitary trees
644,00644.jpg,File:En algún lugar... (33462380681).jpg,https://commons.wikimedia.org/wiki/File:En_alg%C3%BAn_lugar..._(33462380681).jpg,https://thumb.wikimedia.org/wikipedia/commons/thumb/9/93/En_alg%C3%BAn_lugar..._%2833462380681%29.jpg/1280px-En_alg%C3%BAn_lugar..._%2833462380681%29.jpg?utm_source=commons.wikimedia.org&utm_campaign=imageinfo&utm_content=thumbnail,3499,2336,"Emilio Küffer from Ciudad Autónoma de Buenos Aires, Argentina",CC BY-SA 2.0,,unknown,Category:CC-BY-SA-2.0|Category:Flickr images reviewed by FlickreviewR 2|Category:Solitary trees|Category:Stratocumulus clouds|Category:Unidentified trees
645,00645.jpg,File:En el parque de Canaima.JPG,https://commons.wikimedia.org/wiki/File:En_el_parque_de_Canaima.JPG,https://thumb.wikimedia.org/wikipedia/commons/thumb/b/ba/En_el_parque_de_Canaima.JPG/1280px-En_el_parque_de_Canaima.JPG?utm_source=commons.wikimedia.org&utm_campaign=imageinfo&utm_content=thumbnail,1536,1536,Katepalitava,CC BY-SA 3.0,,unknown,Category:CC-BY-SA-3.0|Category:Images from Wikiviajes por Venezuela 2014|Category:Self-published work|Category:Solitary trees in Venezuela|Category:Square photos of Venezuela|Category:Taken with Nikon D90|Category:Trails in Canaima National Park|Category:Trees in May 2014|Category:Wikiviajes por Venezuela 2014
646,00646.jpg,"File:Encumeada, Madeira, PR 1.3 trail, old tree below black rock formation.jpg","https://commons.wikimedia.org/wiki/File:Encumeada,_Madeira,_PR_1.3_trail,_old_tree_below_black_rock_formation.jpg",https://thumb.wikimedia.org/wikipedia/commons/thumb/0/0c/Encumeada%2C_Madeira%2C_PR_1.3_trail%2C_old_tree_below_black_rock_formation.jpg/1280px-Encumeada%2C_Madeira%2C_PR_1.3_trail%2C_old_tree_below_black_rock_formation.jpg?utm_source=commons.wikimedia.org&utm_campaign=imageinfo&utm_content=thumbnail,3857,2893,Gerda Arendt,CC0,,unknown,Category:CC-Zero|Category:Encumeada|Category:Self-published work|Category:Solitary trees in Portugal|Category:Trails in Madeira|Category:Unidentified rocks and minerals
647,00647.jpg,File:Enjo Nature Ranch - Cederhills DSC00474 (16092286880).jpg,https://commons.wikimedia.org/wiki/File:Enjo_Nature_Ranch_-_Cederhills_DSC00474_(16092286880).jpg,https://thumb.wikimedia.org/wikipedia/commons/thumb/f/f4/Enjo_Nature_Ranch_-_Cederhills_DSC00474_%2816092286880%29.jpg/1280px-Enjo_Nature_Ranch_-_Cederhills_DSC00474_%2816092286880%29.jpg?utm_source=commons.wikimedia.org&utm_campaign=imageinfo&utm_content=thumbnail,1400,933,"Heribert Bechen, 5 million visits - many thanks!",CC BY-SA 2.0,,unknown,Category:CC-BY-SA-2.0|Category:Files uploaded by Orizan|Category:Files with coordinates missing SDC location of creation|Category:Flickr images reviewed by FlickreviewR 2|Category:Solitary trees|Category:South Africa photographs taken on 2015-01-02
648,00648.jpg,File:Evening Tree (4627678322).jpg,https://commons.wikimedia.org/wiki/File:Evening_Tree_(4627678322).jpg,https://thumb.wikimedia.org/wikipedia/commons/thumb/1/11/Evening_Tree_%284627678322%29.jpg/1280px-Evening_Tree_%284627678322%29.jpg?utm_source=commons.wikimedia.org&utm_campaign=imageinfo&utm_content=thumbnail,1860,1860,Tim Green from Bradford,CC BY 2.0,,unknown,"Category:CC-BY-2.0|Category:Evening in the City of Bradford|Category:Files uploaded by INeverCry|Category:Files with coordinates missing SDC location of creation (53° N, 2° W)|Category:Flickr images reviewed by FlickreviewR|Category:Highgate Road, Clayton Heights|Category:Solitary trees in the United Kingdom|Category:Trees in West Yorkshire"
649,00649.jpg,File:Exmoor- Stranded Tree (5929661339).jpg,https://commons.wikimedia.org/wiki/File:Exmoor-_Stranded_Tree_(5929661339).jpg,https://upload.wikimedia.org/wikipedia/commons/c/cf/Exmoor-_Stranded_Tree_%285929661339%29.jpg?utm_source=commons.wikimedia.org&utm_campaign=imageinfo&utm_content=thumbnail_unscaled,960,720,"john shortland from Cotswold Hills, England, England",CC BY 2.0,,unknown,"Category:Bogs in the United Kingdom|Category:CC-BY-2.0|Category:Dead trees in England|Category:Exmoor|Category:Files with coordinates missing SDC location of creation (51° N, 4° W)|Category:Flickr images reviewed by FlickreviewR 2|Category:Images with watermarks|Category:Marshes|Category:Porlock|Category:Solitary trees in the United Kingdom"
650,00650.jpg,File:Exposed urban tree at sea front City of Vancouver in Canada.jpg,https://commons.wikimedia.org/wiki/File:Exposed_urban_tree_at_sea_front_City_of_Vancouver_in_Canada.jpg,https://thumb.wikimedia.org/wikipedia/commons/thumb/f/f5/Exposed_urban_tree_at_sea_front_City_of_Vancouver_in_Canada.jpg/1280px-Exposed_urban_tree_at_sea_front_City_of_Vancouver_in_Canada.jpg?utm_source=commons.wikimedia.org&utm_campaign=imageinfo&utm_content=thumbnail,2409,3611,ThomasLendt,CC BY-SA 4.0,,unknown,Category:Buildings in Vancouver|Category:CC-BY-SA-4.0|Category:Self-published work|Category:Solitary trees in Canada|Category:Trees of North America
651,00651.jpg,File:Eymoutiers - panoramio (19).jpg,https://commons.wikimedia.org/wiki/File:Eymoutiers_-_panoramio_(19).jpg,https://thumb.wikimedia.org/wikipedia/commons/thumb/a/a9/Eymoutiers_-_panoramio_%2819%29.jpg/1280px-Eymoutiers_-_panoramio_%2819%29.jpg?utm_source=commons.wikimedia.org&utm_campaign=imageinfo&utm_content=thumbnail,3456,2592,Patrick Nouhailler's…,CC BY-SA 3.0,Betula,broadleaf,Category:Betula|Category:CC-BY-SA-3.0|Category:Files with coordinates missing SDC location of creation|Category:France photographs taken on 2011-08-10|Category:Nature of Eymoutiers|Category:Panoramio files uploaded by Panoramio upload bot|Category:Panoramio images reviewed by trusted users|Category:Photos from Panoramio|Category:Photos from Panoramio ID 1286122|Category:Solitary trees in France|Category:Trees in Haute-Vienne
652,00652.jpg,File:FUJICHROME Sensia 100 (33580032231).jpg,https://commons.wikimedia.org/wiki/File:FUJICHROME_Sensia_100_(33580032231).jpg,https://thumb.wikimedia.org/wikipedia/commons/thumb/3/3a/FUJICHROME_Sensia_100_%2833580032231%29.jpg/1280px-FUJICHROME_Sensia_100_%2833580032231%29.jpg?utm_source=commons.wikimedia.org&utm_campaign=imageinfo&utm_content=thumbnail,1536,1024,"Robert Anders from Hamburg, Germany",CC BY 2.0,,unknown,Category:CC-BY-2.0|Category:Flickr images reviewed by FlickreviewR 2|Category:Photographs by Robert Anders|Category:Solitary trees|Category:Taken on Fuji Sensia 100
653,00653.jpg,File:Fagus sylvatica Silesian Beskids.jpg,https://commons.wikimedia.org/wiki/File:Fagus_sylvatica_Silesian_Beskids.jpg,https://thumb.wikimedia.org/wikipedia/commons/thumb/d/d4/Fagus_sylvatica_Silesian_Beskids.jpg/1280px-Fagus_sylvatica_Silesian_Beskids.jpg?utm_source=commons.wikimedia.org&utm_campaign=imageinfo&utm_content=thumbnail,2725,4087,Crusier,CC BY-SA 3.0,Fagus,broadleaf,Category:CC-BY-SA-3.0|Category:Fagus sylvatica|Category:Fagus sylvatica in Poland|Category:Forests in Silesian Beskids|Category:Photographs by Crusier|Category:Picea abies (incidental)|Category:Poland photographs taken on 2012-04-29|Category:Self-published work|Category:Solitary trees in Poland|Category:Taken with Canon EOS 500D|Category:Unassessed QI candidates
654,00654.jpg,File:Fairy Tree in County Clare Ireland.jpg,https://commons.wikimedia.org/wiki/File:Fairy_Tree_in_County_Clare_Ireland.jpg,https://upload.wikimedia.org/wikipedia/commons/a/ac/Fairy_Tree_in_County_Clare_Ireland.jpg?utm_source=commons.wikimedia.org&utm_campaign=imageinfo&utm_content=thumbnail_unscaled,1170,1552,Luaslou,CC BY-SA 4.0,,unknown,Category:CC-BY-SA-4.0|Category:Colorful sky in Ireland|Category:Images from Wiki Loves Folklore 2025|Category:Images from Wiki Loves Folklore 2025 in Ireland|Category:Images from Wiki Loves Folklore 2025 to check|Category:Self-published work|Category:Solitary trees in Ireland|Category:Sunsets of County Clare|Category:Trees at sunset in Ireland|Category:Trees in County Clare|Category:Uploaded via Campaign:wlf 2025
655,00655.jpg,File:Familie lebte in diesem Baum - panoramio.jpg,https://commons.wikimedia.org/wiki/File:Familie_lebte_in_diesem_Baum_-_panoramio.jpg,https://upload.wikimedia.org/wikipedia/commons/b/b7/Familie_lebte_in_diesem_Baum_-_panoramio.jpg?utm_source=commons.wikimedia.org&utm_campaign=imageinfo&utm_content=thumbnail_unscaled,1076,1652,FOLIEN FISCHER,CC BY 3.0,,unknown,Category:1990 photographs of Australia|Category:CC-BY-3.0|Category:Famous hollow trees in Australia|Category:Panoramio files uploaded by Panoramio upload bot|Category:Panoramio images reviewed by trusted users|Category:People with trees|Category:Photos from Panoramio|Category:Photos from Panoramio ID 4201999|Category:Solitary trees|Category:Unidentified trees in Australia
656,00656.jpg,File:Farm Aar Namibia (2018).jpg,https://commons.wikimedia.org/wiki/File:Farm_Aar_Namibia_(2018).jpg,https://thumb.wikimedia.org/wikipedia/commons/thumb/0/07/Farm_Aar_Namibia_%282018%29.jpg/1280px-Farm_Aar_Namibia_%282018%29.jpg?utm_source=commons.wikimedia.org&utm_campaign=imageinfo&utm_content=thumbnail,6000,4000,Matthias Bruhin &amp; Hp.Baumeler,CC BY-SA 4.0,,unknown,Category:CC-BY-SA-4.0|Category:Farm Aar|Category:Files with coordinates missing SDC location of creation|Category:Mountains of Namibia|Category:Self-published work|Category:Solitary trees in Namibia
657,00657.jpg,File:Fayette County tree.jpg,https://commons.wikimedia.org/wiki/File:Fayette_County_tree.jpg,https://thumb.wikimedia.org/wikipedia/commons/thumb/f/f7/Fayette_County_tree.jpg/1280px-Fayette_County_tree.jpg?utm_source=commons.wikimedia.org&utm_campaign=imageinfo&utm_content=thumbnail,2048,1365,"Jim from Lexington, KY, USA",CC BY-SA 2.0,,unknown,"Category:CC-BY-SA-2.0|Category:Fayette County, Tennessee|Category:Flickr images missing SDC Flickr photo ID|Category:Flickr images missing SDC creator|Category:Flickr images missing SDC published in|Category:Flickr images missing SDC source of file|Category:Flickr images reviewed by FlickreviewR|Category:Solitary trees in the United States|Category:Taken with Canon EOS 350D"
658,00658.jpg,File:Field off of Hardin Bridge Road - panoramio.jpg,https://commons.wikimedia.org/wiki/File:Field_off_of_Hardin_Bridge_Road_-_panoramio.jpg,https://thumb.wikimedia.org/wikipedia/commons/thumb/7/72/Field_off_of_Hardin_Bridge_Road_-_panoramio.jpg/1280px-Field_off_of_Hardin_Bridge_Road_-_panoramio.jpg?utm_source=commons.wikimedia.org&utm_campaign=imageinfo&utm_content=thumbnail,5184,3456,Thomson M,CC BY 3.0,,unknown,"Category:Bartow County, Georgia|Category:CC-BY-3.0|Category:Files with coordinates missing SDC location of creation|Category:Panoramio files uploaded by Panoramio upload bot|Category:Panoramio images reviewed by trusted users|Category:Photos from Panoramio|Category:Photos from Panoramio ID 7725758|Category:Solitary trees in the United States|Category:United States photographs taken on 2015-04-05"
659,00659.jpg,File:Flickr - JennyHuang - the country of clounds (New Zealand).jpg,https://commons.wikimedia.org/wiki/File:Flickr_-_JennyHuang_-_the_country_of_clounds_(New_Zealand).jpg,https://thumb.wikimedia.org/wikipedia/commons/thumb/1/1e/Flickr_-_JennyHuang_-_the_country_of_clounds_%28New_Zealand%29.jpg/1280px-Flickr_-_JennyHuang_-_the_country_of_clounds_%28New_Zealand%29.jpg?utm_source=commons.wikimedia.org&utm_campaign=imageinfo&utm_content=thumbnail,3872,2592,Jenny from Taipei,CC BY 2.0,,unknown,Category:CC-BY-2.0|Category:Clouds and blue sky in New Zealand|Category:Files with coordinates missing SDC location of creation|Category:Flickr images reviewed by FlickreviewR|Category:Images taken by Jenny Huang|Category:Mountains of New Zealand|Category:Mountains with clouds in New Zealand|Category:New Zealand photographs taken on 2006-04-11|Category:Solitary trees in New Zealand|Category:Taken with Nikon D200
660,00660.jpg,File:Flickr - lo.tangelini - Sobrevivir.jpg,https://commons.wikimedia.org/wiki/File:Flickr_-_lo.tangelini_-_Sobrevivir.jpg,https://thumb.wikimedia.org/wikipedia/commons/thumb/b/b7/Flickr_-_lo.tangelini_-_Sobrevivir.jpg/1280px-Flickr_-_lo.tangelini_-_Sobrevivir.jpg?utm_source=commons.wikimedia.org&utm_campaign=imageinfo&utm_content=thumbnail,2620,2518,"lo.tangelini from  Soliera / Modena, Italia",CC BY-SA 2.0,,unknown,Category:CC-BY-SA-2.0|Category:Files from Io Tangelini Flickr stream|Category:Files with coordinates missing SDC location of creation|Category:Flickr images reviewed by trusted users|Category:Italy photographs taken on 2012-02-12|Category:Snow in Serramazzoni|Category:Solitary trees in Italy|Category:Taken with Panasonic Lumix DMC-FZ28|Category:Trees in Italy in February|Category:Trees in snow|Category:Unidentified trees in Italy
661,00661.jpg,File:Flickr - lo.tangelini - Solo.jpg,https://commons.wikimedia.org/wiki/File:Flickr_-_lo.tangelini_-_Solo.jpg,https://thumb.wikimedia.org/wikipedia/commons/thumb/6/62/Flickr_-_lo.tangelini_-_Solo.jpg/1280px-Flickr_-_lo.tangelini_-_Solo.jpg?utm_source=commons.wikimedia.org&utm_campaign=imageinfo&utm_content=thumbnail,3648,2736,"lo.tangelini from  Soliera / Modena, Italia",CC BY-SA 2.0,,unknown,Category:CC-BY-SA-2.0|Category:Files from Io Tangelini Flickr stream|Category:Flickr images reviewed by trusted users|Category:Italy photographs taken on 2011-07-17|Category:Solitary trees in Italy|Category:Taken with Panasonic Lumix DMC-FZ28|Category:Trees in Italy in July|Category:Trees in summer in Italy|Category:Unidentified trees in Italy
662,00662.jpg,File:Flora of Tanzania 2413 Nevit.jpg,https://commons.wikimedia.org/wiki/File:Flora_of_Tanzania_2413_Nevit.jpg,https://thumb.wikimedia.org/wikipedia/commons/thumb/1/1d/Flora_of_Tanzania_2413_Nevit.jpg/1280px-Flora_of_Tanzania_2413_Nevit.jpg?utm_source=commons.wikimedia.org&utm_campaign=imageinfo&utm_content=thumbnail,3648,2736,Nevit Dilmen (talk),CC BY-SA 3.0,,unknown,Category:CC-BY-SA-3.0|Category:Files with coordinates missing SDC location of creation|Category:Nevit Dilmen|Category:Solitary trees in Tanzania|Category:Taken with Fujifilm FinePix HS10|Category:Tanzania photographs taken on 2010-08-07|Category:Unidentified plants in Tanzania
663,00663.jpg,File:Flora of Tanzania 3358 Nevit.jpg,https://commons.wikimedia.org/wiki/File:Flora_of_Tanzania_3358_Nevit.jpg,https://thumb.wikimedia.org/wikipedia/commons/thumb/1/14/Flora_of_Tanzania_3358_Nevit.jpg/1280px-Flora_of_Tanzania_3358_Nevit.jpg?utm_source=commons.wikimedia.org&utm_campaign=imageinfo&utm_content=thumbnail,3648,2736,Nevit Dilmen (talk),CC BY-SA 3.0,,unknown,Category:CC-BY-SA-3.0|Category:Flora of Tanzania|Category:Nevit Dilmen|Category:Solitary trees in Tanzania|Category:Taken with Fujifilm FinePix HS10|Category:Tanzania photographs taken on 2010-08-08|Category:Trees in 2010|Category:Unidentified Lannea
664,00664.jpg,File:Flora of Tanzania 3969 Nevit.jpg,https://commons.wikimedia.org/wiki/File:Flora_of_Tanzania_3969_Nevit.jpg,https://thumb.wikimedia.org/wikipedia/commons/thumb/b/b1/Flora_of_Tanzania_3969_Nevit.jpg/1280px-Flora_of_Tanzania_3969_Nevit.jpg?utm_source=commons.wikimedia.org&utm_campaign=imageinfo&utm_content=thumbnail,3648,2736,Nevit Dilmen (talk),CC BY-SA 3.0,,unknown,Category:CC-BY-SA-3.0|Category:Files with coordinates missing SDC location of creation|Category:Fog in Tanzania|Category:Nevit Dilmen|Category:Solitary trees in Tanzania|Category:Taken with Fujifilm FinePix HS10|Category:Tanzania photographs taken on 2010-08-10|Category:Unidentified plants in Tanzania
665,00665.jpg,File:Flora of Tanzania 3974 Nevit.jpg,https://commons.wikimedia.org/wiki/File:Flora_of_Tanzania_3974_Nevit.jpg,https://thumb.wikimedia.org/wikipedia/commons/thumb/3/35/Flora_of_Tanzania_3974_Nevit.jpg/1280px-Flora_of_Tanzania_3974_Nevit.jpg?utm_source=commons.wikimedia.org&utm_campaign=imageinfo&utm_content=thumbnail,3648,2736,Nevit Dilmen (talk),CC BY-SA 3.0,,unknown,Category:CC-BY-SA-3.0|Category:Files with coordinates missing SDC location of creation|Category:Fog in Tanzania|Category:Nevit Dilmen|Category:Solitary trees in Tanzania|Category:Taken with Fujifilm FinePix HS10|Category:Tanzania photographs taken on 2010-08-10|Category:Unidentified plants in Tanzania
666,00666.jpg,File:Flora of Tanzania 4277 Nevit.jpg,https://commons.wikimedia.org/wiki/File:Flora_of_Tanzania_4277_Nevit.jpg,https://upload.wikimedia.org/wikipedia/commons/5/5a/Flora_of_Tanzania_4277_Nevit.jpg?utm_source=commons.wikimedia.org&utm_campaign=imageinfo&utm_content=thumbnail_unscaled,1024,768,Nevit Dilmen (talk),CC BY-SA 3.0,,unknown,Category:CC-BY-SA-3.0|Category:Files with coordinates missing SDC location of creation|Category:Nevit Dilmen|Category:Solitary trees in Tanzania|Category:Solitude|Category:Taken with Fujifilm FinePix HS10|Category:Tanzania photographs taken on 2010-08-10|Category:Unidentified plants in Tanzania
667,00667.jpg,File:Flora of Tanzania 4296 Nevit.jpg,https://commons.wikimedia.org/wiki/File:Flora_of_Tanzania_4296_Nevit.jpg,https://thumb.wikimedia.org/wikipedia/commons/thumb/c/c4/Flora_of_Tanzania_4296_Nevit.jpg/1280px-Flora_of_Tanzania_4296_Nevit.jpg?utm_source=commons.wikimedia.org&utm_campaign=imageinfo&utm_content=thumbnail,3648,2736,Nevit Dilmen (talk),CC BY-SA 3.0,Acacia,broadleaf,Category:Acacias in Tanzania|Category:Animals with Acacia xanthophloea|Category:CC-BY-SA-3.0|Category:Files with coordinates missing SDC location of creation|Category:Nevit Dilmen|Category:Solitary trees in Tanzania|Category:Taken with Fujifilm FinePix HS10|Category:Tanzania photographs taken on 2010-08-10
668,00668.jpg,File:Fotothek df ps 0001822 Bäume.jpg,https://commons.wikimedia.org/wiki/File:Fotothek_df_ps_0001822_B%C3%A4ume.jpg,https://upload.wikimedia.org/wikipedia/commons/7/7b/Fotothek_df_ps_0001822_B%C3%A4ume.jpg?utm_source=commons.wikimedia.org&utm_campaign=imageinfo&utm_content=thumbnail_unscaled,800,818,Richard Peter,CC BY-SA 3.0 de,,unknown,Category:CC-BY-SA-3.0-DE|Category:Images from the Deutsche Fotothek|Category:Photographs by Richard Peter from 1945-1977|Category:Solitary trees in Germany
669,00669.jpg,File:Fotothek df ps 0001823 Bäume ^ Landschaften ^ Küstenlandschaften - Boddenlandsch.jpg,https://commons.wikimedia.org/wiki/File:Fotothek_df_ps_0001823_B%C3%A4ume_%5E_Landschaften_%5E_K%C3%BCstenlandschaften_-_Boddenlandsch.jpg,https://upload.wikimedia.org/wikipedia/commons/2/2f/Fotothek_df_ps_0001823_B%C3%A4ume_%5E_Landschaften_%5E_K%C3%BCstenlandschaften_-_Boddenlandsch.jpg?utm_source=commons.wikimedia.org&utm_campaign=imageinfo&utm_content=thumbnail_unscaled,798,820,Richard Peter,CC BY-SA 3.0 de,,unknown,Category:CC-BY-SA-3.0-DE|Category:Coasts of Mecklenburg-Vorpommern|Category:Images from the Deutsche Fotothek|Category:Photographs by Richard Peter from 1945-1977|Category:Solitary trees in Germany
670,00670.jpg,File:Fotothek df ps 0001824 Bäume.jpg,https://commons.wikimedia.org/wiki/File:Fotothek_df_ps_0001824_B%C3%A4ume.jpg,https://upload.wikimedia.org/wikipedia/commons/2/2d/Fotothek_df_ps_0001824_B%C3%A4ume.jpg?utm_source=commons.wikimedia.org&utm_campaign=imageinfo&utm_content=thumbnail_unscaled,800,813,Richard Peter,CC BY-SA 3.0 de,,unknown,Category:CC-BY-SA-3.0-DE|Category:Images from the Deutsche Fotothek|Category:Photographs by Richard Peter from 1945-1977|Category:Solitary trees in Germany
671,00671.jpg,File:Fotothek df ps 0001825 Bäume.jpg,https://commons.wikimedia.org/wiki/File:Fotothek_df_ps_0001825_B%C3%A4ume.jpg,https://upload.wikimedia.org/wikipedia/commons/4/44/Fotothek_df_ps_0001825_B%C3%A4ume.jpg?utm_source=commons.wikimedia.org&utm_campaign=imageinfo&utm_content=thumbnail_unscaled,800,816,Richard Peter,CC BY-SA 3.0 de,,unknown,Category:CC-BY-SA-3.0-DE|Category:Images from the Deutsche Fotothek|Category:Photographs by Richard Peter from 1945-1977|Category:Solitary trees in Germany
672,00672.jpg,File:Fotothek df ps 0001826 Bäume.jpg,https://commons.wikimedia.org/wiki/File:Fotothek_df_ps_0001826_B%C3%A4ume.jpg,https://upload.wikimedia.org/wikipedia/commons/8/83/Fotothek_df_ps_0001826_B%C3%A4ume.jpg?utm_source=commons.wikimedia.org&utm_campaign=imageinfo&utm_content=thumbnail_unscaled,800,816,Richard Peter,CC BY-SA 3.0 de,,unknown,Category:CC-BY-SA-3.0-DE|Category:Images from the Deutsche Fotothek|Category:Photographs by Richard Peter from 1945-1977|Category:Solitary trees in Germany
673,00673.jpg,File:Fotothek df ps 0001827 Bäume.jpg,https://commons.wikimedia.org/wiki/File:Fotothek_df_ps_0001827_B%C3%A4ume.jpg,https://upload.wikimedia.org/wikipedia/commons/6/6a/Fotothek_df_ps_0001827_B%C3%A4ume.jpg?utm_source=commons.wikimedia.org&utm_campaign=imageinfo&utm_content=thumbnail_unscaled,800,810,Richard Peter,CC BY-SA 3.0 de,,unknown,Category:CC-BY-SA-3.0-DE|Category:Images from the Deutsche Fotothek|Category:Photographs by Richard Peter from 1945-1977|Category:Solitary trees in Germany
674,00674.jpg,File:Fotothek df ps 0001828 Bäume.jpg,https://commons.wikimedia.org/wiki/File:Fotothek_df_ps_0001828_B%C3%A4ume.jpg,https://upload.wikimedia.org/wikipedia/commons/c/c4/Fotothek_df_ps_0001828_B%C3%A4ume.jpg?utm_source=commons.wikimedia.org&utm_campaign=imageinfo&utm_content=thumbnail_unscaled,800,820,Richard Peter,CC BY-SA 3.0 de,,unknown,Category:CC-BY-SA-3.0-DE|Category:Images from the Deutsche Fotothek|Category:Photographs by Richard Peter from 1945-1977|Category:Solitary trees in Germany
675,00675.jpg,File:Fotothek df ps 0001829 Bäume.jpg,https://commons.wikimedia.org/wiki/File:Fotothek_df_ps_0001829_B%C3%A4ume.jpg,https://upload.wikimedia.org/wikipedia/commons/a/a6/Fotothek_df_ps_0001829_B%C3%A4ume.jpg?utm_source=commons.wikimedia.org&utm_campaign=imageinfo&utm_content=thumbnail_unscaled,800,814,Richard Peter,CC BY-SA 3.0 de,,unknown,Category:CC-BY-SA-3.0-DE|Category:Images from the Deutsche Fotothek|Category:Photographs by Richard Peter from 1945-1977|Category:Solitary trees in Germany
676,00676.jpg,File:Fotothek df ps 0001831 Bäume.jpg,https://commons.wikimedia.org/wiki/File:Fotothek_df_ps_0001831_B%C3%A4ume.jpg,https://upload.wikimedia.org/wikipedia/commons/3/36/Fotothek_df_ps_0001831_B%C3%A4ume.jpg?utm_source=commons.wikimedia.org&utm_campaign=imageinfo&utm_content=thumbnail_unscaled,800,817,Richard Peter,CC BY-SA 3.0 de,,unknown,Category:CC-BY-SA-3.0-DE|Category:Images from the Deutsche Fotothek|Category:Photographs by Richard Peter from 1945-1977|Category:RS14|Category:Solitary trees in Germany
683,00683.jpg,File:Fotothek df ps 0001842 Bäume.jpg,https://commons.wikimedia.org/wiki/File:Fotothek_df_ps_0001842_B%C3%A4ume.jpg,https://upload.wikimedia.org/wikipedia/commons/7/72/Fotothek_df_ps_0001842_B%C3%A4ume.jpg?utm_source=commons.wikimedia.org&utm_campaign=imageinfo&utm_content=thumbnail_unscaled,800,814,Richard Peter,CC BY-SA 3.0 de,,unknown,Category:CC-BY-SA-3.0-DE|Category:Images from the Deutsche Fotothek|Category:Photographs by Richard Peter from 1945-1977|Category:Solitary trees in Germany
684,00684.jpg,File:Fotothek df ps 0001843 Bäume.jpg,https://commons.wikimedia.org/wiki/File:Fotothek_df_ps_0001843_B%C3%A4ume.jpg,https://upload.wikimedia.org/wikipedia/commons/5/5c/Fotothek_df_ps_0001843_B%C3%A4ume.jpg?utm_source=commons.wikimedia.org&utm_campaign=imageinfo&utm_content=thumbnail_unscaled,796,820,Richard Peter,CC BY-SA 3.0 de,,unknown,Category:CC-BY-SA-3.0-DE|Category:Images from the Deutsche Fotothek|Category:Photographs by Richard Peter from 1945-1977|Category:Solitary trees in Germany
685,00685.jpg,File:Fotothek df ps 0001850 Bäume.jpg,https://commons.wikimedia.org/wiki/File:Fotothek_df_ps_0001850_B%C3%A4ume.jpg,https://upload.wikimedia.org/wikipedia/commons/b/be/Fotothek_df_ps_0001850_B%C3%A4ume.jpg?utm_source=commons.wikimedia.org&utm_campaign=imageinfo&utm_content=thumbnail_unscaled,665,820,Richard Peter,CC BY-SA 3.0 de,,unknown,Category:CC-BY-SA-3.0-DE|Category:Images from the Deutsche Fotothek|Category:Photographs by Richard Peter from 1945-1977|Category:Solitary trees in Germany
686,00686.jpg,File:Fotothek df ps 0001856 Landschaften ^ Hügellandschaften - Gebirgslandschaften ^.jpg,https://commons.wikimedia.org/wiki/File:Fotothek_df_ps_0001856_Landschaften_%5E_H%C3%BCgellandschaften_-_Gebirgslandschaften_%5E.jpg,https://upload.wikimedia.org/wikipedia/commons/d/d7/Fotothek_df_ps_0001856_Landschaften_%5E_H%C3%BCgellandschaften_-_Gebirgslandschaften_%5E.jpg?utm_source=commons.wikimedia.org&utm_campaign=imageinfo&utm_content=thumbnail_unscaled,793,820,Richard Peter,CC BY-SA 3.0 de,,unknown,Category:CC-BY-SA-3.0-DE|Category:Images from the Deutsche Fotothek|Category:Nature of Todtmoos|Category:Photographs by Richard Peter from 1953|Category:Solitary trees in Germany
687,00687.jpg,File:Fotothek df ps 0002060 Bäume.jpg,https://commons.wikimedia.org/wiki/File:Fotothek_df_ps_0002060_B%C3%A4ume.jpg,https://upload.wikimedia.org/wikipedia/commons/5/5b/Fotothek_df_ps_0002060_B%C3%A4ume.jpg?utm_source=commons.wikimedia.org&utm_campaign=imageinfo&utm_content=thumbnail_unscaled,793,820,Richard Peter,CC BY-SA 3.0 de,Picea,conifer,Category:CC-BY-SA-3.0-DE|Category:Images from the Deutsche Fotothek|Category:Photographs by Richard Peter from 1945-1977|Category:Picea abies (dead)|Category:Solitary trees in Germany
691,00691.jpg,File:Fraga. Proper al Mas d'allà dins - panoramio.jpg,https://commons.wikimedia.org/wiki/File:Fraga._Proper_al_Mas_d%27all%C3%A0_dins_-_panoramio.jpg,https://thumb.wikimedia.org/wikipedia/commons/thumb/5/52/Fraga._Proper_al_Mas_d%27all%C3%A0_dins_-_panoramio.jpg/1280px-Fraga._Proper_al_Mas_d%27all%C3%A0_dins_-_panoramio.jpg?utm_source=commons.wikimedia.org&utm_campaign=imageinfo&utm_content=thumbnail,3872,2592,"Imatges, algunes lle…",CC BY 3.0,,unknown,Category:Agriculture in Fraga|Category:April 2012 in the province of Huesca|Category:CC-BY-3.0|Category:Files with coordinates missing SDC location of creation|Category:Panoramio files uploaded by Panoramio upload bot|Category:Panoramio images reviewed by trusted users|Category:Photos from Panoramio|Category:Solitary trees in Spain|Category:Spain photographs taken on 2012-04-21|Category:Trees in April 2012
692,00692.jpg,"File:Frances A Crane Wildlife Management Area, Falmouth MA.jpg","https://commons.wikimedia.org/wiki/File:Frances_A_Crane_Wildlife_Management_Area,_Falmouth_MA.jpg",https://thumb.wikimedia.org/wikipedia/commons/thumb/6/60/Frances_A_Crane_Wildlife_Management_Area%2C_Falmouth_MA.jpg/1280px-Frances_A_Crane_Wildlife_Management_Area%2C_Falmouth_MA.jpg?utm_source=commons.wikimedia.org&utm_campaign=imageinfo&utm_content=thumbnail,5472,3648,John Phelan,CC BY-SA 4.0,,unknown,Category:CC-BY-SA-4.0|Category:Frances A. Crane Wildlife Management Area|Category:Photographs by User:Faolin42|Category:Self-published work|Category:Solitary trees in the United States|Category:Trees in Massachusetts
693,00693.jpg,"File:Francisco del Carmen Carvajal, Anzoategui, Venezuela - panoramio (474).jpg","https://commons.wikimedia.org/wiki/File:Francisco_del_Carmen_Carvajal,_Anzoategui,_Venezuela_-_panoramio_(474).jpg",https://thumb.wikimedia.org/wikipedia/commons/thumb/4/4f/Francisco_del_Carmen_Carvajal%2C_Anzoategui%2C_Venezuela_-_panoramio_%28474%29.jpg/1280px-Francisco_del_Carmen_Carvajal%2C_Anzoategui%2C_Venezuela_-_panoramio_%28474%29.jpg?utm_source=commons.wikimedia.org&utm_campaign=imageinfo&utm_content=thumbnail,2592,1944,Alejandro Rojas Dagg,CC BY-SA 3.0,,unknown,Category:CC-BY-SA-3.0|Category:Files with coordinates missing SDC location of creation|Category:Landscapes of Anzoátegui|Category:May 2012 Venezuela photographs|Category:Panoramio files uploaded by Panoramio upload bot|Category:Panoramio images reviewed by trusted users|Category:Photos from Panoramio|Category:Solitary trees in Venezuela|Category:Venezuela photographs taken on 2012-05-27
694,00694.jpg,File:Fromeréville-les-Vallons 756.jpg,https://commons.wikimedia.org/wiki/File:Fromer%C3%A9ville-les-Vallons_756.jpg,https://thumb.wikimedia.org/wikipedia/commons/thumb/8/81/Fromer%C3%A9ville-les-Vallons_756.jpg/1280px-Fromer%C3%A9ville-les-Vallons_756.jpg?utm_source=commons.wikimedia.org&utm_campaign=imageinfo&utm_content=thumbnail,6404,4257,Michiel Hendryckx,CC BY-SA 4.0,Quercus,broadleaf,Category:CC-BY-SA-4.0|Category:Fagales in France in May 2015|Category:Fromeréville-les-Vallons|Category:Photographs by Michiel Hendryckx|Category:Quercus robur in Meuse|Category:Quercus robur in the Northern Hemisphere in May 2015|Category:Rapeseed fields in France|Category:Self-published work|Category:Solitary Quercus robur|Category:Solitary trees in Rapeseed fields
695,00695.jpg,File:Frosted (31237169753).jpg,https://commons.wikimedia.org/wiki/File:Frosted_(31237169753).jpg,https://thumb.wikimedia.org/wikipedia/commons/thumb/e/ef/Frosted_%2831237169753%29.jpg/1280px-Frosted_%2831237169753%29.jpg?utm_source=commons.wikimedia.org&utm_campaign=imageinfo&utm_content=thumbnail,2048,1536,"Christian Gloor from Wakatobi Dive Resort, Indonesia",CC BY 2.0,,unknown,Category:CC-BY-2.0|Category:Farvagny|Category:Files with coordinates missing SDC location of creation|Category:Flickr images reviewed by FlickreviewR 2|Category:Frost on trees in Switzerland|Category:January 2017 Switzerland photographs|Category:Landscapes of the canton of Fribourg|Category:Photographs by Christian Gloor|Category:Photographs taken on 2017-01-01|Category:Rural landscapes of Switzerland|Category:Solitary trees in Switzerland|Category:Trees in winter in Switzerland
696,00696.jpg,"File:Fulham Palace, London SW6 40.jpg","https://commons.wikimedia.org/wiki/File:Fulham_Palace,_London_SW6_40.jpg",https://thumb.wikimedia.org/wikipedia/commons/thumb/b/bf/Fulham_Palace%2C_London_SW6_40.jpg/1280px-Fulham_Palace%2C_London_SW6_40.jpg?utm_source=commons.wikimedia.org&utm_campaign=imageinfo&utm_content=thumbnail,4608,3456,Edwardx,CC BY-SA 4.0,Catalpa,broadleaf,Category:CC-BY-SA-4.0|Category:Catalpa bignonioides in the United Kingdom|Category:Gardens at Fulham Palace|Category:Images from Wiki Loves Monuments 2016|Category:Images from Wiki Loves Monuments 2016 in England|Category:Images from Wiki Loves Monuments 2016 in the United Kingdom|Category:Listed buildings in England with known IDs|Category:Photographs by Edward Hands|Category:Self-published work|Category:Solitary trees in the United Kingdom|Category:United Kingdom photographs taken on 2015-07-17|Category:Uploaded via Campaign:wlm-gb-eng|Category:WLM-UK 2014 unfiltered 09-29
697,00697.jpg,File:Fıstık ağacı.jpg,https://commons.wikimedia.org/wiki/File:F%C4%B1st%C4%B1k_a%C4%9Fac%C4%B1.jpg,https://thumb.wikimedia.org/wikipedia/commons/thumb/8/86/F%C4%B1st%C4%B1k_a%C4%9Fac%C4%B1.jpg/1280px-F%C4%B1st%C4%B1k_a%C4%9Fac%C4%B1.jpg?utm_source=commons.wikimedia.org&utm_campaign=imageinfo&utm_content=thumbnail,3456,4608,İbrahimtrn00,CC BY-SA 4.0,,unknown,Category:CC-BY-SA-4.0|Category:Geography of Diyarbakır Province|Category:Images from Wiki Loves Earth 2020|Category:Images from Wiki Loves Earth 2020 in Turkey|Category:Images from Wiki Loves Earth missing SDC depicts|Category:Images from Wiki Loves Earth missing SDC location of creation|Category:Pistachio nuts in Turkey|Category:Rock formations in Turkey|Category:Self-published work|Category:Solitary trees in Turkey|Category:Turkey photographs taken on 2019-06-27|Category:Uploaded via Campaign:wle-tr
698,00698.jpg,File:Gaalikere.jpg,https://commons.wikimedia.org/wiki/File:Gaalikere.jpg,https://thumb.wikimedia.org/wikipedia/commons/thumb/7/7f/Gaalikere.jpg/1280px-Gaalikere.jpg?utm_source=commons.wikimedia.org&utm_campaign=imageinfo&utm_content=thumbnail,3264,2448,Kgpramod2,CC BY-SA 4.0,,unknown,Category:CC-BY-SA-4.0|Category:Images from Wiki Loves Earth 2017|Category:Images from Wiki Loves Earth 2017 in India|Category:Images from Wiki Loves Earth missing SDC depicts|Category:Images from Wiki Loves Earth missing SDC location of creation|Category:Images with watermarks|Category:India photographs taken on 2017-06-18|Category:Self-published work|Category:Solitary trees in India|Category:Trees in Chikmagalur district|Category:Uploaded via Campaign:wle-in
699,00699.jpg,File:Gampada.jpg,https://commons.wikimedia.org/wiki/File:Gampada.jpg,https://thumb.wikimedia.org/wikipedia/commons/thumb/4/4e/Gampada.jpg/1280px-Gampada.jpg?utm_source=commons.wikimedia.org&utm_campaign=imageinfo&utm_content=thumbnail,2804,2268,Mamman AA,CC BY-SA 4.0,,unknown,Category:CC-BY-SA-4.0|Category:Images from Wiki Loves Africa 2023|Category:Images from Wiki Loves Africa 2023 by Fulfulde Wikimedians Community|Category:Images from Wiki Loves Africa 2023 by Hausa Wikimedians Community|Category:Images from Wiki Loves Africa 2023 by Wiki for Senior Citizens Network|Category:Images from Wiki Loves Africa 2023 in Nigeria|Category:Nigeria photographs taken on 2023-03-24|Category:Potiskum|Category:Self-published work|Category:Solitary trees in Nigeria|Category:Trees in Yobe State|Category:Unidentified trees in Nigeria|Category:Uploaded via Campaign:wlafrica
700,00700.jpg,File:Garden WELD Larz Anderson Jack Kirrane Ice Skating Rink.jpg,https://commons.wikimedia.org/wiki/File:Garden_WELD_Larz_Anderson_Jack_Kirrane_Ice_Skating_Rink.jpg,https://thumb.wikimedia.org/wikipedia/commons/thumb/d/d5/Garden_WELD_Larz_Anderson_Jack_Kirrane_Ice_Skating_Rink.jpg/1280px-Garden_WELD_Larz_Anderson_Jack_Kirrane_Ice_Skating_Rink.jpg?utm_source=commons.wikimedia.org&utm_campaign=imageinfo&utm_content=thumbnail,3000,4000,EgorovaSvetlana,CC BY-SA 4.0,,unknown,Category:CC-BY-SA-4.0|Category:Jack Kirrane Ice Skating Rink Brookline|Category:Larz Anderson Park|Category:Self-published work|Category:Solitary trees in the United States|Category:Stone balustrades in the United States|Category:Trees in Massachusetts
701,00701.jpg,File:Gazelles (3195944437).jpg,https://commons.wikimedia.org/wiki/File:Gazelles_(3195944437).jpg,https://thumb.wikimedia.org/wikipedia/commons/thumb/4/4a/Gazelles_%283195944437%29.jpg/1280px-Gazelles_%283195944437%29.jpg?utm_source=commons.wikimedia.org&utm_campaign=imageinfo&utm_content=thumbnail,1799,1199,mwanasimba from La Réunion,CC BY-SA 2.0,,unknown,Category:1980 in Tanzania|Category:1980 photographs|Category:Aepyceros melampus of Mikumi National Park|Category:CC-BY-SA-2.0|Category:Files from mwanasimba Flickr stream|Category:Files with coordinates missing SDC location of creation|Category:Flickr images reviewed by File Upload Bot (Magnus Manske)|Category:Landscapes of Mikumi National Park|Category:Solitary trees in Tanzania
702,00702.jpg,File:Georgia Jvari IMG 9258 2050.jpg,https://commons.wikimedia.org/wiki/File:Georgia_Jvari_IMG_9258_2050.jpg,https://thumb.wikimedia.org/wikipedia/commons/thumb/8/80/Georgia_Jvari_IMG_9258_2050.jpg/1280px-Georgia_Jvari_IMG_9258_2050.jpg?utm_source=commons.wikimedia.org&utm_campaign=imageinfo&utm_content=thumbnail,3075,2050,Alexxx1979,CC BY-SA 4.0,,unknown,Category:CC-BY-SA-4.0|Category:Files with coordinates missing SDC location of creation|Category:Jvari monastery|Category:Photos by Alexxx-Malev (Alexxx1979)|Category:Self-published work|Category:Solitary trees
703,00703.jpg,File:Gerendal Limburg (2391861539).jpg,https://commons.wikimedia.org/wiki/File:Gerendal_Limburg_(2391861539).jpg,https://thumb.wikimedia.org/wikipedia/commons/thumb/d/d9/Gerendal_Limburg_%282391861539%29.jpg/1280px-Gerendal_Limburg_%282391861539%29.jpg?utm_source=commons.wikimedia.org&utm_campaign=imageinfo&utm_content=thumbnail,3888,2592,"Bert Kaufmann from Roermond, Netherlands",CC BY 2.0,,unknown,"Category:CC-BY-2.0|Category:Clouds and blue sky in the Netherlands|Category:Files with coordinates missing SDC location of creation (50° N, 5° E)|Category:Flickr images reviewed by File Upload Bot (Magnus Manske)|Category:Gerendal|Category:Netherlands photographs taken on 2008-02-17|Category:Photographs by Bert Kaufmann|Category:Solitary trees in the Netherlands|Category:Taken with Canon EOS 400D"
704,00704.jpg,File:Gerendal Zuid-Limburg (3006507502).jpg,https://commons.wikimedia.org/wiki/File:Gerendal_Zuid-Limburg_(3006507502).jpg,https://thumb.wikimedia.org/wikipedia/commons/thumb/2/26/Gerendal_Zuid-Limburg_%283006507502%29.jpg/1280px-Gerendal_Zuid-Limburg_%283006507502%29.jpg?utm_source=commons.wikimedia.org&utm_campaign=imageinfo&utm_content=thumbnail,3861,2551,"Bert Kaufmann from Roermond, Netherlands",CC BY 2.0,,unknown,Category:CC-BY-2.0|Category:Flickr images reviewed by File Upload Bot (Magnus Manske)|Category:Gerendal|Category:Photographs by Bert Kaufmann|Category:Solitary trees in the Netherlands|Category:Taken with Canon EOS 400D
705,00705.jpg,File:Gewaltiger Baum.JPG,https://commons.wikimedia.org/wiki/File:Gewaltiger_Baum.JPG,https://thumb.wikimedia.org/wikipedia/commons/thumb/1/14/Gewaltiger_Baum.JPG/1280px-Gewaltiger_Baum.JPG?utm_source=commons.wikimedia.org&utm_campaign=imageinfo&utm_content=thumbnail,6016,4000,Daenko,CC BY-SA 3.0,,unknown,"Category:CC-BY-SA-3.0|Category:Images from Wiki Loves Earth 2015|Category:Images from Wiki Loves Earth 2015 in Germany|Category:Images from Wiki Loves Earth 2015, DE-RP|Category:Images from Wiki Loves Earth missing SDC depicts|Category:Images from Wiki Loves Earth missing SDC location of creation|Category:Self-published work|Category:Solitary trees in Germany|Category:Uploaded via Campaign:wle-de-rp"
706,00706.jpg,File:Giels Farm.jpg,https://commons.wikimedia.org/wiki/File:Giels_Farm.jpg,https://thumb.wikimedia.org/wikipedia/commons/thumb/7/7d/Giels_Farm.jpg/1280px-Giels_Farm.jpg?utm_source=commons.wikimedia.org&utm_campaign=imageinfo&utm_content=thumbnail,5472,3648,Hp.Baumeler,CC BY-SA 4.0,,unknown,Category:CC-BY-SA-4.0|Category:Farm Spitzkop (Keetmanshoop)|Category:Files with coordinates missing SDC location of creation|Category:Mesosaurus fossil site Keetmanshoop|Category:Self-published work|Category:Solitary trees in Namibia
707,00707.jpg,File:Gwaelod-y-Garth - winter tree Nov 2023.jpg,https://commons.wikimedia.org/wiki/File:Gwaelod-y-Garth_-_winter_tree_Nov_2023.jpg,https://thumb.wikimedia.org/wikipedia/commons/thumb/c/ca/Gwaelod-y-Garth_-_winter_tree_Nov_2023.jpg/1280px-Gwaelod-y-Garth_-_winter_tree_Nov_2023.jpg?utm_source=commons.wikimedia.org&utm_campaign=imageinfo&utm_content=thumbnail,6000,4000,Dominic Nelson,CC BY-SA 4.0,,unknown,Category:CC-BY-SA-4.0|Category:Gwaelod-y-Garth|Category:November 2023 in Cardiff|Category:Self-published work|Category:Solitary trees in the United Kingdom|Category:Taken with Nikon D3500|Category:Trees in Cardiff|Category:Trees in winter in the United Kingdom|Category:Unidentified trees in the United Kingdom|Category:United Kingdom photographs taken on 2023-11-29
708,00708.jpg,File:HILL ROAD.jpg,https://commons.wikimedia.org/wiki/File:HILL_ROAD.jpg,https://thumb.wikimedia.org/wikipedia/commons/thumb/7/75/HILL_ROAD.jpg/1280px-HILL_ROAD.jpg?utm_source=commons.wikimedia.org&utm_campaign=imageinfo&utm_content=thumbnail,2560,1920,Ayudhdhari,CC BY-SA 4.0,,unknown,Category:April 2016 India photographs|Category:CC-BY-SA-4.0|Category:Images from Wiki Loves Earth 2016|Category:Images from Wiki Loves Earth 2016 in India|Category:Images from Wiki Loves Earth missing SDC depicts|Category:Images from Wiki Loves Earth missing SDC location of creation|Category:India photographs taken on 2016-04-11|Category:Self-published work|Category:Solitary trees in India|Category:Street trees in India|Category:Trees in Himachal Pradesh|Category:Uploaded via Campaign:wle-in
709,00709.jpg,File:HN078sMarcs~Rd+BigTree.jpg,https://commons.wikimedia.org/wiki/File:HN078sMarcs~Rd%2BBigTree.jpg,https://thumb.wikimedia.org/wikipedia/commons/thumb/9/95/HN078sMarcs~Rd%2BBigTree.jpg/1280px-HN078sMarcs~Rd%2BBigTree.jpg?utm_source=commons.wikimedia.org&utm_campaign=imageinfo&utm_content=thumbnail,3264,2448,,Public domain,,unknown,Category:Files with no machine-readable author|Category:Files with no machine-readable source|Category:Flora of Honduras|Category:Media missing infobox template|Category:PD-user|Category:Solitary trees
710,00710.jpg,File:Half-dead tree.jpg,https://commons.wikimedia.org/wiki/File:Half-dead_tree.jpg,https://thumb.wikimedia.org/wikipedia/commons/thumb/f/fc/Half-dead_tree.jpg/1280px-Half-dead_tree.jpg?utm_source=commons.wikimedia.org&utm_campaign=imageinfo&utm_content=thumbnail,1397,2048,Ted Moravec,CC0,,unknown,Category:CC-Zero|Category:Czech Republic photographs taken on 2024-05-02|Category:Files with coordinates missing SDC location of creation|Category:Flickr images missing SDC published in|Category:Flickr images reviewed by FlickreviewR 2|Category:Nature of Souvlastní|Category:Photographs by Ted Moravec|Category:Photos in Flickr Explore|Category:Solitary trees in the Czech Republic
711,00711.jpg,File:Hammershus - tree.jpg,https://commons.wikimedia.org/wiki/File:Hammershus_-_tree.jpg,https://thumb.wikimedia.org/wikipedia/commons/thumb/7/7e/Hammershus_-_tree.jpg/1280px-Hammershus_-_tree.jpg?utm_source=commons.wikimedia.org&utm_campaign=imageinfo&utm_content=thumbnail,1600,1067,"Andreas Lippelt from Wolfenbüttel, Deutschland",CC BY 2.0,,unknown,Category:CC-BY-2.0|Category:Files with coordinates missing SDC location of creation|Category:Flickr images reviewed by FlickreviewR|Category:Hammershus Centralborg|Category:Solitary trees in Denmark
712,00712.jpg,"File:Haskell County, Kansas(^). Cemetery - NARA - 522141.jpg","https://commons.wikimedia.org/wiki/File:Haskell_County,_Kansas(%5E)._Cemetery_-_NARA_-_522141.jpg",https://thumb.wikimedia.org/wikipedia/commons/thumb/c/ce/Haskell_County%2C_Kansas%28%5E%29._Cemetery_-_NARA_-_522141.jpg/1280px-Haskell_County%2C_Kansas%28%5E%29._Cemetery_-_NARA_-_522141.jpg?utm_source=commons.wikimedia.org&utm_campaign=imageinfo&utm_content=thumbnail,2436,3000,Irving Rusinow,Public domain,,unknown,"Category:April 1941 United States photographs|Category:April 1941 in Kansas|Category:Artworks without Wikidata item|Category:Bureau of Agricultural Economics photographs by Irving Rusinow|Category:CC-PD-Mark|Category:Cemeteries in Kansas|Category:Haskell County, Kansas|Category:Images from the National Archives and Records Administration|Category:Media contributed by the National Archives and Records Administration|Category:NARA images of Kansas|Category:PD US Government|Category:Solitary trees in the United States|Category:Trees in Kansas|Category:Trees in cemeteries|Category:US National Archives series: Photographic Prints Documenting Programs and Activities of the Bureau of Agricultural Economics and Predecessor Agencies, compiled ca. 1922 - ca. 1947, documenting the period ca. 1911 - ca. 1947"
713,00713.jpg,File:Hasle LU 30.07.2009 13-22-13.2009 13-22-16.JPG,https://commons.wikimedia.org/wiki/File:Hasle_LU_30.07.2009_13-22-13.2009_13-22-16.JPG,https://thumb.wikimedia.org/wikipedia/commons/thumb/b/b8/Hasle_LU_30.07.2009_13-22-13.2009_13-22-16.JPG/1280px-Hasle_LU_30.07.2009_13-22-13.2009_13-22-16.JPG?utm_source=commons.wikimedia.org&utm_campaign=imageinfo&utm_content=thumbnail,2400,1594,Hansueli Krapf,CC BY-SA 3.0,,unknown,Category:CC-BY-SA-3.0|Category:Files by User:simisa|Category:Files with coordinates missing SDC location of creation|Category:Hasle LU|Category:July 2009 in the canton of Lucerne|Category:Solitary trees in Switzerland|Category:Switzerland photographs taken on 2009-07-30|Category:Taken with Nikon D90|Category:Trees in the canton of Lucerne
714,00714.jpg,"File:Havelock Island, Mangrove tree on the beach, Andaman Islands.jpg","https://commons.wikimedia.org/wiki/File:Havelock_Island,_Mangrove_tree_on_the_beach,_Andaman_Islands.jpg",https://thumb.wikimedia.org/wikipedia/commons/thumb/5/51/Havelock_Island%2C_Mangrove_tree_on_the_beach%2C_Andaman_Islands.jpg/1280px-Havelock_Island%2C_Mangrove_tree_on_the_beach%2C_Andaman_Islands.jpg?utm_source=commons.wikimedia.org&utm_campaign=imageinfo&utm_content=thumbnail,4032,2688,Vyacheslav Argenberg,CC BY 4.0,,unknown,"Category:Aquamarine (color)|Category:Beaches of Havelock Island|Category:Breaking ocean waves in India|Category:CC-BY-4.0|Category:Clouds and blue sky in India|Category:Featured pictures of India by Argenberg|Category:Featured pictures of beaches|Category:Featured pictures of the Andaman and Nicobar Islands|Category:Featured pictures of the Indian Ocean|Category:Featured pictures on Wikimedia Commons|Category:Featured pictures on Wikipedia, Vietnamese|Category:Files with coordinates missing SDC location of creation|Category:India photographs taken on 2009-11-21|Category:Mangroves in Andaman and Nicobar Islands|Category:Nature of the Andaman and Nicobar Islands|Category:Photos by Vyacheslav Argenberg|Category:Photos by Vyacheslav Argenberg in 2009|Category:Photos by Vyacheslav Argenberg in South India|Category:Pictures of the Year (2024)|Category:Pictures of the Year (candidate)|Category:Pictures of the Year (finalist)|Category:Pictures of the Year/2024 (finalist)|Category:Pictures of the day (2024)|Category:Quality images|Category:Quality images of beaches in India|Category:Quality images of islands|Category:Quality images of nature in India|Category:Quality images of the Andaman and Nicobar Islands|Category:Quality images of water waves|Category:Self-published work|Category:Solitary trees in India|Category:Tree roots in India|Category:Trees and sky|Category:Trees in water|Category:Tropical climate|Category:Turquoise ocean"
715,00715.jpg,File:High road.jpg,https://commons.wikimedia.org/wiki/File:High_road.jpg,https://thumb.wikimedia.org/wikipedia/commons/thumb/e/ef/High_road.jpg/1280px-High_road.jpg?utm_source=commons.wikimedia.org&utm_campaign=imageinfo&utm_content=thumbnail,1560,1188,Susan Stellman,CC BY 3.0,,unknown,Category:CC-BY-3.0|Category:GFDL|Category:Landscapes of New Mexico|Category:License migration redundant|Category:Self-published work|Category:Solitary trees in the United States
716,00716.jpg,File:High tree cemetery - outside view.jpg,https://commons.wikimedia.org/wiki/File:High_tree_cemetery_-_outside_view.jpg,https://thumb.wikimedia.org/wikipedia/commons/thumb/0/08/High_tree_cemetery_-_outside_view.jpg/1280px-High_tree_cemetery_-_outside_view.jpg?utm_source=commons.wikimedia.org&utm_campaign=imageinfo&utm_content=thumbnail,2592,1728,Chavez02,CC BY-SA 3.0,,unknown,"Category:Bare trees in France|Category:CC-BY-SA-3.0,2.5,2.0,1.0|Category:Crosses of Sacrifice|Category:GFDL|Category:High Tree Cemetery|Category:License migration redundant|Category:Self-published work|Category:Solitary trees|Category:Taken with Sony DSC-P93|Category:Trees in cemeteries"
717,00717.jpg,File:Hoces de río Duratón Enebro.jpg,https://commons.wikimedia.org/wiki/File:Hoces_de_r%C3%ADo_Durat%C3%B3n_Enebro.jpg,https://thumb.wikimedia.org/wikipedia/commons/thumb/2/28/Hoces_de_r%C3%ADo_Durat%C3%B3n_Enebro.jpg/1280px-Hoces_de_r%C3%ADo_Durat%C3%B3n_Enebro.jpg?utm_source=commons.wikimedia.org&utm_campaign=imageinfo&utm_content=thumbnail,5184,3456,Ángel Antonio Caminero Gómez,CC BY-SA 3.0 es,,unknown,Category:All media supported by Wikimedia España in 2015|Category:CC-BY-SA-3.0-ES|Category:Evaluation of images from Wiki Loves Earth 2015 in Spain and Portugal - Round 1|Category:Hoces del Río Duratón Natural Park|Category:Images from Wiki Loves Earth 2015|Category:Images from Wiki Loves Earth 2015 in Spain|Category:Images from Wiki Loves Earth 2015 in Spain (21 May)|Category:Images from Wiki Loves Earth 2015 in Spain by ACaminero|Category:Images from Wiki Loves Earth missing SDC depicts|Category:Images from Wiki Loves Earth missing SDC location of creation|Category:Images of a site of community importance in Castile and León from Wiki Loves Earth 2015 in Spain|Category:Images of a site of community importance with code ES0000115 from Wiki Loves Earth 2015 in Spain|Category:Images of a site of community importance with code ES0000115 from Wiki Loves Earth in Spain|Category:Self-published work|Category:Solitary trees in Spain|Category:Special Areas of Conservation in Spain with known IDs|Category:Trees in March 2012|Category:Trees in the province of Segovia|Category:Uploaded via Campaign:wle-es|Category:Uploaded via Campaign:wle-es in 2015
718,00718.jpg,File:Hochzeit Simona und Lorenz-1.jpg,https://commons.wikimedia.org/wiki/File:Hochzeit_Simona_und_Lorenz-1.jpg,https://thumb.wikimedia.org/wikipedia/commons/thumb/8/8c/Hochzeit_Simona_und_Lorenz-1.jpg/1280px-Hochzeit_Simona_und_Lorenz-1.jpg?utm_source=commons.wikimedia.org&utm_campaign=imageinfo&utm_content=thumbnail,4128,6192,Hansueli Krapf,CC BY-SA 4.0,,unknown,Category:CC-BY-SA-4.0|Category:Files by User:simisa|Category:Files with coordinates missing SDC location of creation|Category:Hemishofen|Category:Solitary trees in Switzerland|Category:Uploaded with LrMediaWiki
719,00719.jpg,File:Hohwacht (50376118918).jpg,https://commons.wikimedia.org/wiki/File:Hohwacht_(50376118918).jpg,https://thumb.wikimedia.org/wikipedia/commons/thumb/e/ef/Hohwacht_%2850376118918%29.jpg/1280px-Hohwacht_%2850376118918%29.jpg?utm_source=commons.wikimedia.org&utm_campaign=imageinfo&utm_content=thumbnail,4032,3024,"Thomas Woodtli from Zürich, Switzerland",CC BY-SA 2.0,,unknown,Category:CC-BY-SA-2.0|Category:Files from Flickr with bad file names|Category:Files with coordinates missing SDC location of creation|Category:Flickr images reviewed by FlickreviewR 2|Category:Hohwacht|Category:Photographs by Thomas Woodtli|Category:Solitary trees|Category:Trees in Schleswig-Holstein|Category:Unidentified trees in Germany|Category:Uploads by Matlin
720,00720.jpg,File:Hollyrood (29813556327).jpg,https://commons.wikimedia.org/wiki/File:Hollyrood_(29813556327).jpg,https://thumb.wikimedia.org/wikipedia/commons/thumb/d/d4/Hollyrood_%2829813556327%29.jpg/1280px-Hollyrood_%2829813556327%29.jpg?utm_source=commons.wikimedia.org&utm_campaign=imageinfo&utm_content=thumbnail,4032,3024,Jason Woodhead,CC BY 2.0,,unknown,"Category:CC-BY-2.0|Category:Flickr images reviewed by FlickreviewR 2|Category:Holyrood, Edmonton|Category:Nature of Edmonton|Category:Photographs by Jason Woodhead|Category:Photographs taken on 2018-09-17|Category:September 2018 in Alberta|Category:Solitary trees in Canada|Category:Trees in Alberta"
721,00721.jpg,File:Hoton lake - panoramio.jpg,https://commons.wikimedia.org/wiki/File:Hoton_lake_-_panoramio.jpg,https://thumb.wikimedia.org/wikipedia/commons/thumb/9/9d/Hoton_lake_-_panoramio.jpg/1280px-Hoton_lake_-_panoramio.jpg?utm_source=commons.wikimedia.org&utm_campaign=imageinfo&utm_content=thumbnail,3264,2448,Mongolia Expeditions…,CC BY 3.0,,unknown,Category:CC-BY-3.0|Category:Files with coordinates missing SDC location of creation|Category:Khoton Lake|Category:Mongolia photographs taken on 2008-08-01|Category:Panoramio files uploaded by Panoramio upload bot|Category:Panoramio images reviewed by trusted users|Category:Photos from Panoramio|Category:Solitary trees in Mongolia
722,00722.jpg,File:Houston campsite oak.jpg,https://commons.wikimedia.org/wiki/File:Houston_campsite_oak.jpg,https://thumb.wikimedia.org/wikipedia/commons/thumb/f/f8/Houston_campsite_oak.jpg/1280px-Houston_campsite_oak.jpg?utm_source=commons.wikimedia.org&utm_campaign=imageinfo&utm_content=thumbnail,1782,1425,Larry D. Moore,CC BY 4.0,Quercus,broadleaf,"Category:CC-BY-4.0|Category:Coppell, Texas|Category:Famous Quercus in the United States|Category:Files by User:Nv8200p|Category:July 2014 in Texas|Category:Parks by the Works Progress Administration|Category:Quercus stellata|Category:Self-published work|Category:Solitary trees in the United States|Category:Taken with Canon EOS 550D and Canon EF-S 17-85mm F4-5.6 IS USM|Category:Trees in Texas|Category:United States photographs taken on 2014-07-23|Category:Works Progress Administration in Texas"
723,00723.jpg,File:Hrusevo1.JPG,https://commons.wikimedia.org/wiki/File:Hrusevo1.JPG,https://thumb.wikimedia.org/wikipedia/commons/thumb/c/c4/Hrusevo1.JPG/1280px-Hrusevo1.JPG?utm_source=commons.wikimedia.org&utm_campaign=imageinfo&utm_content=thumbnail,2048,1536,Sl-Ziga,Public domain,,unknown,Category:Hruševo|Category:PD-self|Category:Self-published work|Category:Solitary trees in Slovenia|Category:St. George's Church (Hruševo)|Category:Taken with Canon Digital IXUS 75|Category:Views of villages in Upper Carniola
724,00724.jpg,File:Huis ter heide - supereik.jpg,https://commons.wikimedia.org/wiki/File:Huis_ter_heide_-_supereik.jpg,https://thumb.wikimedia.org/wikipedia/commons/thumb/3/37/Huis_ter_heide_-_supereik.jpg/1280px-Huis_ter_heide_-_supereik.jpg?utm_source=commons.wikimedia.org&utm_campaign=imageinfo&utm_content=thumbnail,4608,3456,Hikerbiker,CC BY-SA 4.0,,unknown,Category:2019 in North Brabant|Category:CC-BY-SA-4.0|Category:Self-published work|Category:Solitary trees in the Netherlands|Category:Taken with Nikon Coolpix S9900|Category:Unidentified trees
725,00725.jpg,File:IMG-20171014-WA0010.jpg,https://commons.wikimedia.org/wiki/File:IMG-20171014-WA0010.jpg,https://upload.wikimedia.org/wikipedia/commons/e/ef/IMG-20171014-WA0010.jpg?utm_source=commons.wikimedia.org&utm_campaign=imageinfo&utm_content=thumbnail_unscaled,1024,768,Riyadawn,CC BY-SA 4.0,,unknown,"Category:Beaches of Victoria, Australia|Category:CC-BY-SA-4.0|Category:Files that likely originated from WhatsApp with bad file names|Category:Self-published work|Category:Solitary trees"
726,00726.jpg,File:IMGP9797 на підйомі на заповідану Вапнярку.jpg,https://commons.wikimedia.org/wiki/File:IMGP9797_%D0%BD%D0%B0_%D0%BF%D1%96%D0%B4%D0%B9%D0%BE%D0%BC%D1%96_%D0%BD%D0%B0_%D0%B7%D0%B0%D0%BF%D0%BE%D0%B2%D1%96%D0%B4%D0%B0%D0%BD%D1%83_%D0%92%D0%B0%D0%BF%D0%BD%D1%8F%D1%80%D0%BA%D1%83.jpg,https://thumb.wikimedia.org/wikipedia/commons/thumb/3/37/IMGP9797_%D0%BD%D0%B0_%D0%BF%D1%96%D0%B4%D0%B9%D0%BE%D0%BC%D1%96_%D0%BD%D0%B0_%D0%B7%D0%B0%D0%BF%D0%BE%D0%B2%D1%96%D0%B4%D0%B0%D0%BD%D1%83_%D0%92%D0%B0%D0%BF%D0%BD%D1%8F%D1%80%D0%BA%D1%83.jpg/1280px-IMGP9797_%D0%BD%D0%B0_%D0%BF%D1%96%D0%B4%D0%B9%D0%BE%D0%BC%D1%96_%D0%BD%D0%B0_%D0%B7%D0%B0%D0%BF%D0%BE%D0%B2%D1%96%D0%B4%D0%B0%D0%BD%D1%83_%D0%92%D0%B0%D0%BF%D0%BD%D1%8F%D1%80%D0%BA%D1%83.jpg?utm_source=commons.wikimedia.org&utm_campaign=imageinfo&utm_content=thumbnail,4928,3264,Мокрицький Павло,CC BY-SA 4.0,,unknown,Category:CC-BY-SA-4.0|Category:Files with coordinates missing SDC location of creation|Category:Hora Vapniarka|Category:Images from Wiki Loves Earth 2021|Category:Images from Wiki Loves Earth 2021 in Ukraine|Category:Images from Wiki Loves Earth missing SDC creator|Category:Images from Wiki Loves Earth missing SDC depicts|Category:Images from Wiki Loves Earth missing SDC location of creation|Category:March 2015 in Lviv Oblast|Category:Natural heritage sites in Ukraine with known IDs|Category:Self-published work|Category:Solitary trees in Ukraine|Category:Ukraine photographs taken on 2015-03-26|Category:Uploaded via Campaign:wle-ua|Category:Wiki Loves Earth Ukraine 2021 - Quantity
727,00727.jpg,File:Illertal Herbst Auto mit Baum.JPG,https://commons.wikimedia.org/wiki/File:Illertal_Herbst_Auto_mit_Baum.JPG,https://thumb.wikimedia.org/wikipedia/commons/thumb/5/56/Illertal_Herbst_Auto_mit_Baum.JPG/1280px-Illertal_Herbst_Auto_mit_Baum.JPG?utm_source=commons.wikimedia.org&utm_campaign=imageinfo&utm_content=thumbnail,2672,4000,Wald-Burger8,CC BY-SA 4.0,,unknown,"Category:Autumn 2019 in Baden-Württemberg|Category:Baden-Württemberg photographs taken on 2019-11-17|Category:CC-BY-SA-4.0,3.0,2.5,2.0,1.0|Category:Feldkreuz zwischen Berkheim und Kirchdorf an der Iller|Category:Ford Kuga (second generation)|Category:GFDL|Category:Illertal|Category:License migration redundant|Category:Self-published work|Category:Solitary trees in Germany"
728,00728.jpg,File:Illertal Herbst Autro mit Baum.JPG,https://commons.wikimedia.org/wiki/File:Illertal_Herbst_Autro_mit_Baum.JPG,https://thumb.wikimedia.org/wikipedia/commons/thumb/3/3d/Illertal_Herbst_Autro_mit_Baum.JPG/1280px-Illertal_Herbst_Autro_mit_Baum.JPG?utm_source=commons.wikimedia.org&utm_campaign=imageinfo&utm_content=thumbnail,2672,4000,Wald-Burger8,CC BY-SA 4.0,,unknown,"Category:Autumn 2019 in Baden-Württemberg|Category:Baden-Württemberg photographs taken on 2019-11-14|Category:Blue sky in Baden-Württemberg|Category:CC-BY-SA-4.0,3.0,2.5,2.0,1.0|Category:Feldkreuz zwischen Berkheim und Kirchdorf an der Iller|Category:Ford Kuga (second generation)|Category:GFDL|Category:Illertal|Category:License migration redundant|Category:Self-published work|Category:Solitary trees in Germany|Category:Wayside crosses in Kirchdorf an der Iller"
729,00729.jpg,File:Inbound4812484940752980118 (The Three Of Life).jpg,https://commons.wikimedia.org/wiki/File:Inbound4812484940752980118_(The_Three_Of_Life).jpg,https://thumb.wikimedia.org/wikipedia/commons/thumb/2/2a/Inbound4812484940752980118_%28The_Three_Of_Life%29.jpg/1280px-Inbound4812484940752980118_%28The_Three_Of_Life%29.jpg?utm_source=commons.wikimedia.org&utm_campaign=imageinfo&utm_content=thumbnail,1510,2014,Ferrucci73,CC BY 4.0,,unknown,Category:CC-BY-4.0|Category:Self-published work|Category:Solitary trees in Italy|Category:Trees in Italy|Category:Unidentified trees in Italy
730,00730.jpg,File:Inchiri 1997 15.jpg,https://commons.wikimedia.org/wiki/File:Inchiri_1997_15.jpg,https://upload.wikimedia.org/wikipedia/commons/6/6a/Inchiri_1997_15.jpg?utm_source=commons.wikimedia.org&utm_campaign=imageinfo&utm_content=thumbnail_unscaled,1057,704,LBM1948,CC BY-SA 4.0,,unknown,Category:CC-BY-SA-4.0|Category:Deserts of Mauritania|Category:March 1997 Mauritania photographs|Category:Nature of Inchiri Region|Category:Photographs by LBM1948|Category:Self-published work|Category:Solitary trees in Mauritania|Category:Trees in 1997
731,00731.jpg,File:Infrared 02603-tree.jpg,https://commons.wikimedia.org/wiki/File:Infrared_02603-tree.jpg,https://thumb.wikimedia.org/wikipedia/commons/thumb/2/29/Infrared_02603-tree.jpg/1280px-Infrared_02603-tree.jpg?utm_source=commons.wikimedia.org&utm_campaign=imageinfo&utm_content=thumbnail,2048,1536,Nevit Dilmen,CC BY-SA 3.0,Pinus,conifer,Category:CC-BY-SA-3.0-migrated|Category:GFDL|Category:Infrared photography|Category:Kızılcahamam in 2003|Category:License migration completed|Category:Nevit Dilmen|Category:October 2003 in Ankara|Category:Pinus nigra subsp. nigra|Category:Self-published work|Category:Solitary trees in Turkey
732,00732.jpg,File:Infrared 08705 yedigoller-exposure.JPG,https://commons.wikimedia.org/wiki/File:Infrared_08705_yedigoller-exposure.JPG,https://thumb.wikimedia.org/wikipedia/commons/thumb/3/31/Infrared_08705_yedigoller-exposure.JPG/1280px-Infrared_08705_yedigoller-exposure.JPG?utm_source=commons.wikimedia.org&utm_campaign=imageinfo&utm_content=thumbnail,1536,2048,Nevit Dilmen,CC BY-SA 3.0,,unknown,Category:CC-BY-SA-3.0-migrated|Category:GFDL|Category:License migration completed|Category:Nevit Dilmen|Category:Self-published work|Category:Solitary trees in Turkey|Category:Taken with Sony DSC-F828|Category:Trees in infrared|Category:Water reflections of trees in Turkey|Category:Yedigöller National Park
733,00733.jpg,File:Ioninsky 32.jpg,https://commons.wikimedia.org/wiki/File:Ioninsky_32.jpg,https://thumb.wikimedia.org/wikipedia/commons/thumb/7/7f/Ioninsky_32.jpg/1280px-Ioninsky_32.jpg?utm_source=commons.wikimedia.org&utm_campaign=imageinfo&utm_content=thumbnail,4000,3000,Laila nav,CC BY-SA 4.0,,unknown,Category:Blue sky in Kyiv|Category:CC-BY-SA-4.0|Category:Cultural heritage monuments in Ukraine with known IDs|Category:February 2019 in Kyiv|Category:Images from Wiki Loves Monuments 2020|Category:Images from Wiki Loves Monuments 2020 in Ukraine|Category:Saint Jonas Monastery (Kyiv)|Category:Self-published work|Category:Solitary trees in Ukraine|Category:Ukraine photographs taken on 2019-02-19|Category:Uploaded via Campaign:wlm-ua|Category:Wiki Loves Monuments in Ukraine 2020 - Quantity
734,00734.jpg,File:Ipê Amarelo podem ser vistos da Av. Marginal Itupeva-Indaiatuba. - panoramio.jpg,https://commons.wikimedia.org/wiki/File:Ip%C3%AA_Amarelo_podem_ser_vistos_da_Av._Marginal_Itupeva-Indaiatuba._-_panoramio.jpg,https://thumb.wikimedia.org/wikipedia/commons/thumb/7/73/Ip%C3%AA_Amarelo_podem_ser_vistos_da_Av._Marginal_Itupeva-Indaiatuba._-_panoramio.jpg/1280px-Ip%C3%AA_Amarelo_podem_ser_vistos_da_Av._Marginal_Itupeva-Indaiatuba._-_panoramio.jpg?utm_source=commons.wikimedia.org&utm_campaign=imageinfo&utm_content=thumbnail,3648,2736,joao batista Shimoto,CC BY-SA 3.0,,unknown,Category:August 2010 in Brazil|Category:Brazil photographs taken on 2010-08-05|Category:CC-BY-SA-3.0|Category:Files with coordinates missing SDC location of creation|Category:Panoramio files uploaded by Panoramio upload bot|Category:Panoramio images reviewed by trusted users|Category:Photos from Panoramio|Category:Photos from Panoramio ID 4273721|Category:Solitary trees in Brazil|Category:Trees in 2010|Category:Trees in Itupeva
735,00735.jpg,"File:Ipê amarelo florido, às margens da Lagoa do IFMG campus Bambuí. - panoramio.jpg","https://commons.wikimedia.org/wiki/File:Ip%C3%AA_amarelo_florido,_%C3%A0s_margens_da_Lagoa_do_IFMG_campus_Bambu%C3%AD._-_panoramio.jpg",https://thumb.wikimedia.org/wikipedia/commons/thumb/f/f9/Ip%C3%AA_amarelo_florido%2C_%C3%A0s_margens_da_Lagoa_do_IFMG_campus_Bambu%C3%AD._-_panoramio.jpg/1280px-Ip%C3%AA_amarelo_florido%2C_%C3%A0s_margens_da_Lagoa_do_IFMG_campus_Bambu%C3%AD._-_panoramio.jpg?utm_source=commons.wikimedia.org&utm_campaign=imageinfo&utm_content=thumbnail,4288,3216,Tiago Firmino Boaven…,CC BY 3.0,,unknown,Category:Bambuí|Category:Brazil photographs taken on 2011-08-11|Category:CC-BY-3.0|Category:Files with coordinates missing SDC location of creation|Category:Panoramio files uploaded by Panoramio upload bot|Category:Panoramio images reviewed by trusted users|Category:Photos from Panoramio|Category:Solitary trees in Brazil|Category:Taken with Fujifilm FinePix S3400
736,00736.jpg,File:Ita pobé devant palais royal de pobé.jpg,https://commons.wikimedia.org/wiki/File:Ita_pob%C3%A9_devant_palais_royal_de_pob%C3%A9.jpg,https://thumb.wikimedia.org/wikipedia/commons/thumb/c/c2/Ita_pob%C3%A9_devant_palais_royal_de_pob%C3%A9.jpg/1280px-Ita_pob%C3%A9_devant_palais_royal_de_pob%C3%A9.jpg?utm_source=commons.wikimedia.org&utm_campaign=imageinfo&utm_content=thumbnail,2448,3264,Rachad sanoussi,CC BY-SA 4.0,,unknown,Category:Benin photographs taken on 2019-06-16|Category:CC-BY-SA-4.0|Category:Images from Wiki Loves Earth 2019|Category:Images from Wiki Loves Earth 2019 in Benin|Category:Images from Wiki Loves Earth missing SDC depicts|Category:Images from Wiki Loves Earth missing SDC location of creation|Category:Pobè|Category:Self-published work|Category:Solitary trees in Bénin|Category:Trees in the Northern Hemisphere in June 2019|Category:Uploaded via Campaign:wle-bj
737,00737.jpg,File:Iz okolice Storžiča 1933.jpg,https://commons.wikimedia.org/wiki/File:Iz_okolice_Stor%C5%BEi%C4%8Da_1933.jpg,https://upload.wikimedia.org/wikipedia/commons/2/22/Iz_okolice_Stor%C5%BEi%C4%8Da_1933.jpg?utm_source=commons.wikimedia.org&utm_campaign=imageinfo&utm_content=thumbnail_unscaled,987,668,Janko Ravnik,Public domain,,unknown,Category:1933 in Slovenia|Category:Images from the Digital Library of Slovenia|Category:PD-Slovenia|Category:Photographs by Janko Ravnik|Category:Solitary trees in Slovenia|Category:St. Margaret's Church (Trata pri Velesovem)|Category:Storžič
738,00738.jpg,File:Izmail Fortress 05.jpg,https://commons.wikimedia.org/wiki/File:Izmail_Fortress_05.jpg,https://thumb.wikimedia.org/wikipedia/commons/thumb/c/cf/Izmail_Fortress_05.jpg/1280px-Izmail_Fortress_05.jpg?utm_source=commons.wikimedia.org&utm_campaign=imageinfo&utm_content=thumbnail,4320,3240,Yuriy Kvach,CC BY-SA 4.0,,unknown,"Category:CC-BY-SA-4.0|Category:Gardens and parks in Izmail|Category:Information field template with formatting|Category:Izmail Fortress|Category:Pictures made by Yuriy Kvach|Category:Self-published work|Category:Solitary trees in Ukraine|Category:Styphnolobium japonicum in Odesa Oblast|Category:Taken with Nikon Coolpix S8000|Category:Trees in Izmail|Category:Trees in autumn in Ukraine|Category:Wikiexpedition Budjak in Izmail, 28 September 2014"
739,00739.jpg,"File:Jakob Knudsens træ, Rødding.jpg","https://commons.wikimedia.org/wiki/File:Jakob_Knudsens_tr%C3%A6,_R%C3%B8dding.jpg",https://thumb.wikimedia.org/wikipedia/commons/thumb/7/70/Jakob_Knudsens_tr%C3%A6%2C_R%C3%B8dding.jpg/1280px-Jakob_Knudsens_tr%C3%A6%2C_R%C3%B8dding.jpg?utm_source=commons.wikimedia.org&utm_campaign=imageinfo&utm_content=thumbnail,4928,3264,Hjart,CC BY-SA 4.0,,unknown,Category:CC-BY-SA-4.0|Category:Files with coordinates missing SDC location of creation|Category:Højskoleengen|Category:October 2024 in Denmark|Category:Self-published work|Category:Solitary trees in Denmark
740,00740.jpg,File:Jardin de Kerbonne01.jpg,https://commons.wikimedia.org/wiki/File:Jardin_de_Kerbonne01.jpg,https://thumb.wikimedia.org/wikipedia/commons/thumb/9/9e/Jardin_de_Kerbonne01.jpg/1280px-Jardin_de_Kerbonne01.jpg?utm_source=commons.wikimedia.org&utm_campaign=imageinfo&utm_content=thumbnail,6811,4541,S. DÉNIEL,CC BY-SA 4.0,,unknown,Category:2019 photographs of Brest (France)|Category:Bretagne photographs taken on 2019-09-17|Category:CC-BY-SA-4.0|Category:Colorful sky in France|Category:Dusk in France|Category:Jardin de Kerbonne|Category:Photographs of Brest (France) by S. DÉNIEL|Category:Self-published work|Category:September 2019 in Bretagne|Category:Solitary trees in France|Category:Sunsets of Finistère|Category:Trees at sunset in France|Category:Trees in Finistère
741,00741.jpg,File:Jeff King 2016-07-29 (Unsplash).jpg,https://commons.wikimedia.org/wiki/File:Jeff_King_2016-07-29_(Unsplash).jpg,https://thumb.wikimedia.org/wikipedia/commons/thumb/a/ad/Jeff_King_2016-07-29_%28Unsplash%29.jpg/1280px-Jeff_King_2016-07-29_%28Unsplash%29.jpg?utm_source=commons.wikimedia.org&utm_campaign=imageinfo&utm_content=thumbnail,3827,2546,Jeff King jeffkingla,CC0,,unknown,Category:CC-Zero|Category:Images from Unsplash|Category:Images from Unsplash (review needed)|Category:Images uploaded by Fæ|Category:Solitary trees
742,00742.jpg,File:Jezersko cow2.jpg,https://commons.wikimedia.org/wiki/File:Jezersko_cow2.jpg,https://thumb.wikimedia.org/wikipedia/commons/thumb/e/e6/Jezersko_cow2.jpg/1280px-Jezersko_cow2.jpg?utm_source=commons.wikimedia.org&utm_campaign=imageinfo&utm_content=thumbnail,3872,2592,Mihael Grmek,CC BY-SA 3.0,,unknown,Category:Agriculture in Zgornje Jezersko|Category:CC-BY-SA-3.0|Category:Cows in Slovenia|Category:GFDL|Category:License migration redundant|Category:Self-published work|Category:Solitary trees in Slovenia|Category:Taken with Nikon D200
743,00743.jpg,File:Joseph Dixon Collection (db45389228b94d5a910cd58066bbdde4).jpg,https://commons.wikimedia.org/wiki/File:Joseph_Dixon_Collection_(db45389228b94d5a910cd58066bbdde4).jpg,https://upload.wikimedia.org/wikipedia/commons/7/7e/Joseph_Dixon_Collection_%28db45389228b94d5a910cd58066bbdde4%29.jpg?utm_source=commons.wikimedia.org&utm_campaign=imageinfo&utm_content=thumbnail_unscaled,762,939,Joseph Dixon,Public domain,,unknown,Category:Historical images of trees|Category:Images from NPGallery|Category:Mountains of the Sierra Nevada (California)|Category:PD US expired|Category:Photographs taken on 1905-04-19|Category:Solitary trees in the United States
744,00744.jpg,File:Joshua Tree in Joshua Tree National Park.jpg,https://commons.wikimedia.org/wiki/File:Joshua_Tree_in_Joshua_Tree_National_Park.jpg,https://thumb.wikimedia.org/wikipedia/commons/thumb/7/77/Joshua_Tree_in_Joshua_Tree_National_Park.jpg/1280px-Joshua_Tree_in_Joshua_Tree_National_Park.jpg?utm_source=commons.wikimedia.org&utm_campaign=imageinfo&utm_content=thumbnail,1360,2048,Wing-Chi Poon,CC BY-SA 2.5,,unknown,Category:Asparagales in the United States in January|Category:CC-BY-SA-2.5|Category:Clouds and blue sky in California|Category:January 2005 in California|Category:Photos by Wingchi Poon|Category:Self-published work|Category:Solitary trees in the United States|Category:Taken with Canon EOS 300D|Category:United States photographs taken on 2005-01-01|Category:Yucca brevifolia in Joshua Tree National Park|Category:Yucca in January
745,00745.jpg,File:Julia Zirka fortez Sudak fortechna gora bezimenna2.JPG,https://commons.wikimedia.org/wiki/File:Julia_Zirka_fortez_Sudak_fortechna_gora_bezimenna2.JPG,https://thumb.wikimedia.org/wikipedia/commons/thumb/1/15/Julia_Zirka_fortez_Sudak_fortechna_gora_bezimenna2.JPG/1280px-Julia_Zirka_fortez_Sudak_fortechna_gora_bezimenna2.JPG?utm_source=commons.wikimedia.org&utm_campaign=imageinfo&utm_content=thumbnail,2272,1704,Nikolei Klein,CC BY-SA 4.0,,unknown,Category:August 2008 in Crimea|Category:Battlements in Ukraine|Category:CC-BY-SA-4.0|Category:Castles in Ukraine photographed in 2008|Category:Crimea photographs taken on 2008-08-17|Category:Cultural heritage monuments in Ukraine missing SDC location of creation|Category:Cultural heritage monuments in Ukraine with known IDs|Category:Curtain wall III of Genoese fortress (Sudak)|Category:Grass in Ukraine|Category:Images from Wiki Loves Monuments 2014|Category:Images from Wiki Loves Monuments 2014 in Ukraine|Category:Images from Wiki Loves Monuments missing SDC location of creation|Category:Merlons in Ukraine|Category:Ornamental battlements|Category:Perspective views in Ukraine|Category:Self-published work|Category:Solitary trees in Crimea|Category:Solitary trees in Ukraine|Category:Taken with Fujifilm FinePix S5100|Category:Uploaded via Campaign:wlm-ua|Category:WLM 2014 in Ukraine Round Zero|Category:№3 Unnamed Tower of Genoese fortress (Sudak)
746,00746.jpg,File:Juniper tree along the trail (c577f4b3-ec35-454e-b09d-ffbcee1c39ef).jpg,https://commons.wikimedia.org/wiki/File:Juniper_tree_along_the_trail_(c577f4b3-ec35-454e-b09d-ffbcee1c39ef).jpg,https://thumb.wikimedia.org/wikipedia/commons/thumb/d/dd/Juniper_tree_along_the_trail_%28c577f4b3-ec35-454e-b09d-ffbcee1c39ef%29.jpg/1280px-Juniper_tree_along_the_trail_%28c577f4b3-ec35-454e-b09d-ffbcee1c39ef%29.jpg?utm_source=commons.wikimedia.org&utm_campaign=imageinfo&utm_content=thumbnail,4635,3151,Victoria Stauffenberg,Public domain,,unknown,Category:Images from NPGallery|Category:Juniper (Black Canyon of the Gunnison)|Category:PD US NPS|Category:Photographs taken on 2018-07-17|Category:Solitary trees in the United States
747,00747.jpg,File:Kabut Pagi.jpg,https://commons.wikimedia.org/wiki/File:Kabut_Pagi.jpg,https://thumb.wikimedia.org/wikipedia/commons/thumb/2/23/Kabut_Pagi.jpg/1280px-Kabut_Pagi.jpg?utm_source=commons.wikimedia.org&utm_campaign=imageinfo&utm_content=thumbnail,3264,2448,Nvara,CC BY-SA 4.0,,unknown,Category:CC-BY-SA-4.0|Category:Fog in Indonesia|Category:Images from Wiki Loves Earth 2019|Category:Images from Wiki Loves Earth 2019 in Indonesia|Category:Images from Wiki Loves Earth missing SDC depicts|Category:Images from Wiki Loves Earth missing SDC location of creation|Category:Indonesia photographs taken on 2016-05-06|Category:Self-published work|Category:Solitary trees|Category:Tapanuli Residency|Category:Uploaded via Campaign:wle-id|Category:Wiki Loves Earth 2019 in Indonesia - Selection by the committee phase 1
748,00748.jpg,File:Kameldornbaum Namibia Kanaan.jpg,https://commons.wikimedia.org/wiki/File:Kameldornbaum_Namibia_Kanaan.jpg,https://thumb.wikimedia.org/wikipedia/commons/thumb/2/27/Kameldornbaum_Namibia_Kanaan.jpg/1280px-Kameldornbaum_Namibia_Kanaan.jpg?utm_source=commons.wikimedia.org&utm_campaign=imageinfo&utm_content=thumbnail,2000,1333,Hp.Baumeler,CC BY-SA 4.0,Vachellia,broadleaf,Category:CC-BY-SA-4.0|Category:Orange sky in Namibia|Category:Self-published work|Category:Silhouettes of trees in Namibia|Category:Solitary trees in Namibia|Category:Vachellia erioloba
749,00749.jpg,File:Kameldornbaum Sossusvlei.jpg,https://commons.wikimedia.org/wiki/File:Kameldornbaum_Sossusvlei.jpg,https://thumb.wikimedia.org/wikipedia/commons/thumb/a/a9/Kameldornbaum_Sossusvlei.jpg/1280px-Kameldornbaum_Sossusvlei.jpg?utm_source=commons.wikimedia.org&utm_campaign=imageinfo&utm_content=thumbnail,5472,3648,Hp.Baumeler,CC BY-SA 4.0,Vachellia,broadleaf,Category:CC-BY-SA-4.0|Category:Files with coordinates missing SDC location of creation|Category:Flora of Sossusvlei|Category:Self-published work|Category:Solitary trees in Namibia|Category:Vachellia erioloba
750,00750.jpg,"File:Kameldornbaum, Flussbett Gurieb, Simplon Namibia (2017).jpg","https://commons.wikimedia.org/wiki/File:Kameldornbaum,_Flussbett_Gurieb,_Simplon_Namibia_(2017).jpg",https://thumb.wikimedia.org/wikipedia/commons/thumb/a/a3/Kameldornbaum%2C_Flussbett_Gurieb%2C_Simplon_Namibia_%282017%29.jpg/1280px-Kameldornbaum%2C_Flussbett_Gurieb%2C_Simplon_Namibia_%282017%29.jpg?utm_source=commons.wikimedia.org&utm_campaign=imageinfo&utm_content=thumbnail,4928,3264,Olga Ernst  &amp;  Hp.Baumeler,CC BY-SA 4.0,Vachellia,broadleaf,Category:CC-BY-SA-4.0|Category:Files with coordinates missing SDC location of creation|Category:Gurieb|Category:Mimosoideae in Namibia|Category:Namibia photographs taken on 2017-04-23|Category:Self-published work|Category:Simplon (Namibia)|Category:Solitary trees in Namibia|Category:Vachellia erioloba
751,00751.jpg,"File:Kamenica, Sevnica St. Margaret's Church magnified.jpg","https://commons.wikimedia.org/wiki/File:Kamenica,_Sevnica_St._Margaret%27s_Church_magnified.jpg",https://upload.wikimedia.org/wikipedia/commons/d/d9/Kamenica%2C_Sevnica_St._Margaret%27s_Church_magnified.jpg?utm_source=commons.wikimedia.org&utm_campaign=imageinfo&utm_content=thumbnail_unscaled,829,790,Eleassar,CC BY-SA 3.0,,unknown,Category:CC-BY-SA-3.0|Category:Church towers in Slovenia|Category:Forests in Slovenia|Category:Self-published work|Category:Solitary trees in Slovenia|Category:SpomenikSVN warning|Category:St. Margaret's Church (Kamenica)|Category:Taken with Nikon D80
752,00752.jpg,File:Kampestein ved Nordlia.JPG,https://commons.wikimedia.org/wiki/File:Kampestein_ved_Nordlia.JPG,https://thumb.wikimedia.org/wikipedia/commons/thumb/1/17/Kampestein_ved_Nordlia.JPG/1280px-Kampestein_ved_Nordlia.JPG?utm_source=commons.wikimedia.org&utm_campaign=imageinfo&utm_content=thumbnail,5184,3456,Øyvind Holmstad,CC BY-SA 3.0,,unknown,Category:Boulders in nature|Category:CC-BY-SA-3.0|Category:Fields in Østre Toten|Category:Mjøsa|Category:Nordlia|Category:Norway photographs taken on 2012-05-24|Category:Rocks in Norway|Category:Self-published work|Category:Solitary trees in Norway|Category:Taken with Canon EOS 550D
753,00753.jpg,File:Kandalama Lake in Dambulla DSC496.jpg,https://commons.wikimedia.org/wiki/File:Kandalama_Lake_in_Dambulla_DSC496.jpg,https://thumb.wikimedia.org/wikipedia/commons/thumb/2/2e/Kandalama_Lake_in_Dambulla_DSC496.jpg/1280px-Kandalama_Lake_in_Dambulla_DSC496.jpg?utm_source=commons.wikimedia.org&utm_campaign=imageinfo&utm_content=thumbnail,4288,2848,Shakir Jamaldeen,CC BY-SA 4.0,,unknown,Category:CC-BY-SA-4.0|Category:Dambulla|Category:Images from Wiki Loves Earth 2020|Category:Images from Wiki Loves Earth 2020 in Sri Lanka|Category:Images from Wiki Loves Earth missing SDC location of creation|Category:Kandalama Reservoir|Category:Self-published work|Category:Solitary trees|Category:Sri Lanka photographs taken on 2017-12-02|Category:Uploaded via Campaign:wle-lk
754,00754.jpg,File:Kapellenlinde Aschelsried 001.jpg,https://commons.wikimedia.org/wiki/File:Kapellenlinde_Aschelsried_001.jpg,https://upload.wikimedia.org/wikipedia/commons/8/80/Kapellenlinde_Aschelsried_001.jpg?utm_source=commons.wikimedia.org&utm_campaign=imageinfo&utm_content=thumbnail_unscaled,1200,1600,Storchi (Diskussion),CC0,Tilia,broadleaf,Category:CC-Zero|Category:Lindenkapelle (Aschelsried)|Category:Solitary trees|Category:Unidentified Tilia
755,00755.jpg,File:Kastanjeboom.jpg,https://commons.wikimedia.org/wiki/File:Kastanjeboom.jpg,https://thumb.wikimedia.org/wikipedia/commons/thumb/c/cc/Kastanjeboom.jpg/1280px-Kastanjeboom.jpg?utm_source=commons.wikimedia.org&utm_campaign=imageinfo&utm_content=thumbnail,1464,1198,Heavyuser,CC BY-SA 3.0,Aesculus,broadleaf,Category:Aesculus hippocastanum in winter|Category:CC-BY-SA-3.0|Category:GFDL|Category:License migration redundant|Category:Self-published work|Category:Solitary trees in the Netherlands
756,00756.jpg,File:KayesBaobab.jpg,https://commons.wikimedia.org/wiki/File:KayesBaobab.jpg,https://upload.wikimedia.org/wikipedia/commons/a/ae/KayesBaobab.jpg?utm_source=commons.wikimedia.org&utm_campaign=imageinfo&utm_content=thumbnail_unscaled,1280,960,"NOAA. This image is a work of the National Oceanic and Atmospheric Administration, taken or made during the course of an",Public domain,Adansonia,broadleaf,Category:Adansonia digitata in Mali|Category:Flora of Mali|Category:PD US NOAA|Category:Solitary trees|Category:Unknown date
757,00757.jpg,File:Kaşkavaltepe Düzorman KIRKLARELİ - panoramio.jpg,https://commons.wikimedia.org/wiki/File:Ka%C5%9Fkavaltepe_D%C3%BCzorman_KIRKLAREL%C4%B0_-_panoramio.jpg,https://thumb.wikimedia.org/wikipedia/commons/thumb/2/29/Ka%C5%9Fkavaltepe_D%C3%BCzorman_KIRKLAREL%C4%B0_-_panoramio.jpg/1280px-Ka%C5%9Fkavaltepe_D%C3%BCzorman_KIRKLAREL%C4%B0_-_panoramio.jpg?utm_source=commons.wikimedia.org&utm_campaign=imageinfo&utm_content=thumbnail,2848,4272,by rock,CC BY 3.0,,unknown,Category:CC-BY-3.0|Category:Düzorman|Category:Files with coordinates missing SDC location of creation|Category:Panoramio files uploaded by Panoramio upload bot|Category:Panoramio images reviewed by trusted users|Category:Photos from Panoramio|Category:Solitary trees in Turkey|Category:Turkey photographs taken on 2010-11-18
758,00758.jpg,File:Kdanice lipa 1.jpg,https://commons.wikimedia.org/wiki/File:Kdanice_lipa_1.jpg,https://thumb.wikimedia.org/wikipedia/commons/thumb/0/02/Kdanice_lipa_1.jpg/1280px-Kdanice_lipa_1.jpg?utm_source=commons.wikimedia.org&utm_campaign=imageinfo&utm_content=thumbnail,2400,3200,JiriMatejicek,CC BY-SA 3.0,Tilia,broadleaf,Category:CC-BY-SA-3.0|Category:Files with coordinates missing SDC location of creation|Category:Kdanice|Category:Mediagrant|Category:Mediagrant:Foto českých obcí|Category:Solitary trees in the Czech Republic|Category:Taken with Olympus VG-180 / D-770|Category:Tilia in Hradec Králové Region|Category:Uploaded with VicuñaUploader
759,00759.jpg,File:Kdanice lipa 2.jpg,https://commons.wikimedia.org/wiki/File:Kdanice_lipa_2.jpg,https://thumb.wikimedia.org/wikipedia/commons/thumb/c/ca/Kdanice_lipa_2.jpg/1280px-Kdanice_lipa_2.jpg?utm_source=commons.wikimedia.org&utm_campaign=imageinfo&utm_content=thumbnail,2400,3200,JiriMatejicek,CC BY-SA 3.0,Tilia,broadleaf,Category:CC-BY-SA-3.0|Category:Files with coordinates missing SDC location of creation|Category:Kdanice|Category:Mediagrant|Category:Mediagrant:Foto českých obcí|Category:Solitary trees in the Czech Republic|Category:Taken with Olympus VG-180 / D-770|Category:Tilia in the Czech Republic|Category:Uploaded with VicuñaUploader
760,00760.jpg,File:Keneg-1.JPEG,https://commons.wikimedia.org/wiki/File:Keneg-1.JPEG,https://thumb.wikimedia.org/wikipedia/commons/thumb/5/51/Keneg-1.JPEG/1280px-Keneg-1.JPEG?utm_source=commons.wikimedia.org&utm_campaign=imageinfo&utm_content=thumbnail,3264,2448,Jemo2200 at Arabic Wikipedia,Public domain,,unknown,Category:Kheneg|Category:Media lacking a description|Category:PD-user|Category:Solitary trees
761,00761.jpg,File:Kerman Province countryside - panoramio (127).jpg,https://commons.wikimedia.org/wiki/File:Kerman_Province_countryside_-_panoramio_(127).jpg,https://thumb.wikimedia.org/wikipedia/commons/thumb/f/fa/Kerman_Province_countryside_-_panoramio_%28127%29.jpg/1280px-Kerman_Province_countryside_-_panoramio_%28127%29.jpg?utm_source=commons.wikimedia.org&utm_campaign=imageinfo&utm_content=thumbnail,1750,1313,☆ SM MIRHOSSEINI,CC BY 3.0,,unknown,Category:Baft County|Category:CC-BY-3.0|Category:Countryside in Iran|Category:Dirt roads|Category:Files with coordinates missing SDC location of creation|Category:Iran photographs taken on 2014-03-25|Category:Mountains of Kerman Province|Category:Nature of Kerman Province|Category:Panoramio files uploaded by Panoramio upload bot|Category:Panoramio images reviewed by trusted users|Category:Photos from Panoramio|Category:Photos from Panoramio ID 3052902|Category:Photos with letters added|Category:Roads in Kerman Province|Category:Solitary trees|Category:Stratocumulus clouds|Category:Template Unknown (other)|Category:Trees in Iran
762,00762.jpg,File:Ketkon vanha mänty.JPG,https://commons.wikimedia.org/wiki/File:Ketkon_vanha_m%C3%A4nty.JPG,https://thumb.wikimedia.org/wikipedia/commons/thumb/7/71/Ketkon_vanha_m%C3%A4nty.JPG/1280px-Ketkon_vanha_m%C3%A4nty.JPG?utm_source=commons.wikimedia.org&utm_campaign=imageinfo&utm_content=thumbnail,2304,3072,Roquai,CC BY-SA 3.0,Pinus,conifer,Category:CC-BY-SA-3.0|Category:GFDL|Category:Koskue|Category:License migration redundant|Category:Pinus sylvestris in snow|Category:Self-published work|Category:Solitary Pinus sylvestris|Category:Solitary trees in Finland|Category:Taken with Canon PowerShot A560|Category:Trees in November 2008
763,00763.jpg,File:Kigelia africana - sausage tree.JPG,https://commons.wikimedia.org/wiki/File:Kigelia_africana_-_sausage_tree.JPG,https://thumb.wikimedia.org/wikipedia/commons/thumb/a/ac/Kigelia_africana_-_sausage_tree.JPG/1280px-Kigelia_africana_-_sausage_tree.JPG?utm_source=commons.wikimedia.org&utm_campaign=imageinfo&utm_content=thumbnail,4608,3456,Robur.q,CC BY-SA 3.0,,unknown,Category:CC-BY-SA-3.0|Category:Kigelia africana (habit)|Category:Photographic silhouettes of trees|Category:Self-published work|Category:Serengeti National Park|Category:Solitary trees|Category:Taken with Nikon Coolpix P510|Category:Trees in Tanzania
764,00764.jpg,File:Koessern Mulde solitaerer Baum-01.jpg,https://commons.wikimedia.org/wiki/File:Koessern_Mulde_solitaerer_Baum-01.jpg,https://thumb.wikimedia.org/wikipedia/commons/thumb/1/1e/Koessern_Mulde_solitaerer_Baum-01.jpg/1280px-Koessern_Mulde_solitaerer_Baum-01.jpg?utm_source=commons.wikimedia.org&utm_campaign=imageinfo&utm_content=thumbnail,5794,3863,Radler59 (talk),CC BY-SA 4.0,,unknown,Category:CC-BY-SA-4.0|Category:Cultural heritage monuments in Kössern|Category:Files with coordinates missing SDC location of creation|Category:Kössern|Category:Manor houses in Landkreis Leipzig|Category:Mulde|Category:Self-published work|Category:Solitary trees in Germany|Category:Uploaded with LrMediaWiki
765,00765.jpg,File:Koessern Mulde solitaerer Baum-02.jpg,https://commons.wikimedia.org/wiki/File:Koessern_Mulde_solitaerer_Baum-02.jpg,https://thumb.wikimedia.org/wikipedia/commons/thumb/2/2c/Koessern_Mulde_solitaerer_Baum-02.jpg/1280px-Koessern_Mulde_solitaerer_Baum-02.jpg?utm_source=commons.wikimedia.org&utm_campaign=imageinfo&utm_content=thumbnail,5010,3758,Radler59 (talk),CC BY-SA 4.0,,unknown,Category:CC-BY-SA-4.0|Category:Files with coordinates missing SDC location of creation|Category:Kössern|Category:Mulde|Category:Self-published work|Category:Solitary trees in Germany|Category:Uploaded with LrMediaWiki
766,00766.jpg,"File:Korchuvate, Kyiv, Ukraine - panoramio.jpg","https://commons.wikimedia.org/wiki/File:Korchuvate,_Kyiv,_Ukraine_-_panoramio.jpg",https://thumb.wikimedia.org/wikipedia/commons/thumb/4/44/Korchuvate%2C_Kyiv%2C_Ukraine_-_panoramio.jpg/1280px-Korchuvate%2C_Kyiv%2C_Ukraine_-_panoramio.jpg?utm_source=commons.wikimedia.org&utm_campaign=imageinfo&utm_content=thumbnail,3301,2417,Karl Karalyaka,CC BY 3.0,,unknown,Category:Bodies of water in Kyiv Oblast|Category:CC-BY-3.0|Category:Files with coordinates missing SDC location of creation|Category:July 2012 in Kyiv Oblast|Category:Nature of Kyiv|Category:Nature of Ukraine in July|Category:Panoramio files uploaded by Panoramio upload bot|Category:Panoramio images reviewed by trusted users|Category:Photos from Panoramio|Category:Photos from Panoramio ID 8500811|Category:Solitary trees in Ukraine|Category:Ukraine photographs taken on 2012-07-31|Category:Water reflections of trees in Ukraine
767,00767.jpg,File:Krøderen - no-nb digifoto 20150225 00130 NB MIT FNR 10906.jpg,https://commons.wikimedia.org/wiki/File:Kr%C3%B8deren_-_no-nb_digifoto_20150225_00130_NB_MIT_FNR_10906.jpg,https://thumb.wikimedia.org/wikipedia/commons/thumb/3/3d/Kr%C3%B8deren_-_no-nb_digifoto_20150225_00130_NB_MIT_FNR_10906.jpg/1280px-Kr%C3%B8deren_-_no-nb_digifoto_20150225_00130_NB_MIT_FNR_10906.jpg?utm_source=commons.wikimedia.org&utm_campaign=imageinfo&utm_content=thumbnail,7210,5410,Unknown authorUnknown author,Public domain,,unknown,Category:Files uploaded by Nasjonalbiblioteket-bot|Category:Historical images of Krødsherad|Category:Images from Nasjonalbiblioteket|Category:PD Norway|Category:Photographs by Mittet & Co.|Category:Solitary trees in Norway|Category:Template Unknown (author)|Category:Trees in Buskerud|Category:Unidentified trees in Norway
768,00768.jpg,File:KuB-The Tree.jpg,https://commons.wikimedia.org/wiki/File:KuB-The_Tree.jpg,https://thumb.wikimedia.org/wikipedia/commons/thumb/9/9a/KuB-The_Tree.jpg/1280px-KuB-The_Tree.jpg?utm_source=commons.wikimedia.org&utm_campaign=imageinfo&utm_content=thumbnail,1600,1200,Matěj Grabovský,CC BY-SA 3.0,,unknown,Category:CC-BY-SA-3.0|Category:GFDL|Category:Landscapes of Moravia|Category:License migration redundant|Category:Nature of Klobouky u Brna|Category:Self-published work|Category:Solitary trees in the Czech Republic|Category:Taken with Canon PowerShot A520|Category:Trees in December 2007
769,00769.jpg,File:Kucuk Camlica 06465.jpg,https://commons.wikimedia.org/wiki/File:Kucuk_Camlica_06465.jpg,https://thumb.wikimedia.org/wikipedia/commons/thumb/e/e7/Kucuk_Camlica_06465.jpg/1280px-Kucuk_Camlica_06465.jpg?utm_source=commons.wikimedia.org&utm_campaign=imageinfo&utm_content=thumbnail,2591,1941,Nevit Dilmen,CC BY-SA 3.0,,unknown,Category:CC-BY-SA-3.0-migrated|Category:GFDL|Category:Küçük Çamlıca|Category:License migration completed|Category:Nevit Dilmen|Category:Self-published work|Category:Solitary trees in Turkey|Category:Tone-mapped HDR images of Turkey
770,00770.jpg,File:Kuldiga - panoramio - Laima Gūtmane (simka… (13).jpg,https://commons.wikimedia.org/wiki/File:Kuldiga_-_panoramio_-_Laima_G%C5%ABtmane_(simka%E2%80%A6_(13).jpg,https://thumb.wikimedia.org/wikipedia/commons/thumb/b/bd/Kuldiga_-_panoramio_-_Laima_G%C5%ABtmane_%28simka%E2%80%A6_%2813%29.jpg/1280px-Kuldiga_-_panoramio_-_Laima_G%C5%ABtmane_%28simka%E2%80%A6_%2813%29.jpg?utm_source=commons.wikimedia.org&utm_campaign=imageinfo&utm_content=thumbnail,3752,2492,Laima Gūtmane (simka…,CC BY-SA 3.0,,unknown,Category:CC-BY-SA-3.0|Category:Files with coordinates missing SDC location of creation|Category:Panoramio files uploaded by Panoramio upload bot|Category:Panoramio images reviewed by trusted users|Category:Parka iela (Kuldīga)|Category:Photos from Panoramio|Category:Photos from Panoramio ID 1038849|Category:Solitary trees in Latvia|Category:Winter in Kuldīga
771,00771.jpg,"File:L'albero nei pressi della chiesa di Santa Maria del Carmine (Creola, Saccolongo).jpg","https://commons.wikimedia.org/wiki/File:L%27albero_nei_pressi_della_chiesa_di_Santa_Maria_del_Carmine_(Creola,_Saccolongo).jpg",https://thumb.wikimedia.org/wikipedia/commons/thumb/5/56/L%27albero_nei_pressi_della_chiesa_di_Santa_Maria_del_Carmine_%28Creola%2C_Saccolongo%29.jpg/1280px-L%27albero_nei_pressi_della_chiesa_di_Santa_Maria_del_Carmine_%28Creola%2C_Saccolongo%29.jpg?utm_source=commons.wikimedia.org&utm_campaign=imageinfo&utm_content=thumbnail,4608,3456,Threecharlie,CC BY-SA 4.0,,unknown,Category:CC-BY-SA-4.0|Category:Creola (Saccolongo)|Category:Files with coordinates missing SDC location of creation|Category:Italy photographs taken on 2021-10-16|Category:Self-published work|Category:Solitary trees in Italy|Category:Taken with Olympus E-M10 Mark III|Category:Trees in Italy in October|Category:Trees in Veneto|Category:Unidentified trees in Italy
772,00772.jpg,File:LLICO BAJO.jpg,https://commons.wikimedia.org/wiki/File:LLICO_BAJO.jpg,https://thumb.wikimedia.org/wikipedia/commons/thumb/f/f7/LLICO_BAJO.jpg/1280px-LLICO_BAJO.jpg?utm_source=commons.wikimedia.org&utm_campaign=imageinfo&utm_content=thumbnail,4032,3024,FERNANDAVELASQUEZFARIAS,CC BY-SA 4.0,,unknown,"Category:Beaches of Chile|Category:CC-BY-SA-4.0|Category:Fresia, Chile|Category:Self-published work|Category:Solitary trees"
773,00773.jpg,File:LOMA-TERRERO.jpg,https://commons.wikimedia.org/wiki/File:LOMA-TERRERO.jpg,https://thumb.wikimedia.org/wikipedia/commons/thumb/3/38/LOMA-TERRERO.jpg/1280px-LOMA-TERRERO.jpg?utm_source=commons.wikimedia.org&utm_campaign=imageinfo&utm_content=thumbnail,4368,2912,Andrés Flajszer,CC BY-SA 3.0 es,,unknown,Category:All media supported by Wikimedia España in 2015|Category:CC-BY-SA-3.0-ES|Category:Evaluation of images from Wiki Loves Earth 2015 in Spain and Portugal - Round 1|Category:Fields in Aragon|Category:Finalists of Wiki Loves Earth in Spain 2015|Category:Images from Wiki Loves Earth 2015|Category:Images from Wiki Loves Earth 2015 in Spain|Category:Images from Wiki Loves Earth 2015 in Spain (27 May)|Category:Images from Wiki Loves Earth 2015 in Spain by Andrés Flajszer|Category:Images from Wiki Loves Earth missing SDC depicts|Category:Images from Wiki Loves Earth missing SDC location of creation|Category:Images of a site of community importance in Aragon from Wiki Loves Earth 2015 in Spain|Category:Images of a site of community importance with code ES2430082 from Wiki Loves Earth 2015 in Spain|Category:Images of a site of community importance with code ES2430082 from Wiki Loves Earth in Spain|Category:Landscapes of Aragon|Category:Monegros|Category:Self-published work|Category:Solitary trees in Spain|Category:Special Areas of Conservation in Spain with known IDs|Category:Uploaded via Campaign:wle-es|Category:Uploaded via Campaign:wle-es in 2015
774,00774.jpg,File:La quercia antica - panoramio.jpg,https://commons.wikimedia.org/wiki/File:La_quercia_antica_-_panoramio.jpg,https://thumb.wikimedia.org/wikipedia/commons/thumb/5/57/La_quercia_antica_-_panoramio.jpg/1280px-La_quercia_antica_-_panoramio.jpg?utm_source=commons.wikimedia.org&utm_campaign=imageinfo&utm_content=thumbnail,2560,1920,rgiannotti1,CC BY-SA 3.0,Quercus,broadleaf,Category:CC-BY-SA-3.0|Category:Italy photographs taken on 2008-08-12|Category:Panoramio files uploaded by Panoramio upload bot|Category:Panoramio images reviewed by trusted users|Category:Photos from Panoramio|Category:Quercus in Italy|Category:Solitary trees in Italy|Category:Taken with BenQ DC E53+|Category:Trees in Italy|Category:Trees in Italy in August|Category:Unidentified Quercus
775,00775.jpg,File:Laika ac Selous (9806720763).jpg,https://commons.wikimedia.org/wiki/File:Laika_ac_Selous_(9806720763).jpg,https://thumb.wikimedia.org/wikipedia/commons/thumb/f/f4/Laika_ac_Selous_%289806720763%29.jpg/1280px-Laika_ac_Selous_%289806720763%29.jpg?utm_source=commons.wikimedia.org&utm_campaign=imageinfo&utm_content=thumbnail,4880,3253,Laika ac from USA,CC BY-SA 2.0,,unknown,Category:CC-BY-SA-2.0|Category:Files with coordinates missing SDC location of creation|Category:Flickr images reviewed by FlickreviewR|Category:July 2013 in Tanzania|Category:Lakes of Tanzania|Category:Landscapes of Selous Game Reserve|Category:Photographs by Laika ac|Category:Rufiji River Basin|Category:Solitary trees in Tanzania|Category:Taken with Canon EOS 550D|Category:Tanzania photographs taken on 2013-07-28
776,00776.jpg,File:Laika ac Selous (9841003805).jpg,https://commons.wikimedia.org/wiki/File:Laika_ac_Selous_(9841003805).jpg,https://thumb.wikimedia.org/wikipedia/commons/thumb/b/bb/Laika_ac_Selous_%289841003805%29.jpg/1280px-Laika_ac_Selous_%289841003805%29.jpg?utm_source=commons.wikimedia.org&utm_campaign=imageinfo&utm_content=thumbnail,2928,4417,Laika ac from USA,CC BY-SA 2.0,,unknown,Category:CC-BY-SA-2.0|Category:Dead trees in Tanzania|Category:Files with coordinates missing SDC location of creation|Category:Flickr images reviewed by trusted users|Category:Haliaeetus vocifer in Tanzania|Category:July 2013 in Tanzania|Category:Landscapes of Selous Game Reserve|Category:Photographs by Laika ac|Category:Solitary trees in Tanzania|Category:Taken with Canon EOS 550D|Category:Tanzania photographs taken on 2013-07-28
777,00777.jpg,File:Lake Ceknica 2013 (8568169722).jpg,https://commons.wikimedia.org/wiki/File:Lake_Ceknica_2013_(8568169722).jpg,https://upload.wikimedia.org/wikipedia/commons/1/16/Lake_Ceknica_2013_%288568169722%29.jpg?utm_source=commons.wikimedia.org&utm_campaign=imageinfo&utm_content=thumbnail_unscaled,1024,678,"why 137 from Trieste, Italy",CC BY 2.0,,unknown,Category:Bare trees in Slovenia|Category:CC-BY-2.0|Category:Clouds in Inner Carniola|Category:Dusk in Slovenia|Category:Files with coordinates missing SDC location of creation|Category:Flickr images reviewed by File Upload Bot (Magnus Manske)|Category:Lake Cerknica in winter|Category:March 2013 Slovenia photographs|Category:Photographs taken on 2016-03-16|Category:Reflections in lakes|Category:Solitary trees in Slovenia|Category:Taken with Nikon D60|Category:Trees at sunset|Category:Water reflections of clouds in Lake Cerknica|Category:Water reflections of mountains in Slovenia|Category:Water reflections of trees in Slovenia
778,00778.jpg,File:Lake Cerknica 2013 (8567069833).jpg,https://commons.wikimedia.org/wiki/File:Lake_Cerknica_2013_(8567069833).jpg,https://upload.wikimedia.org/wikipedia/commons/7/70/Lake_Cerknica_2013_%288567069833%29.jpg?utm_source=commons.wikimedia.org&utm_campaign=imageinfo&utm_content=thumbnail_unscaled,1024,676,"why 137 from Trieste, Italy",CC BY 2.0,,unknown,Category:Bare trees in Slovenia|Category:CC-BY-2.0|Category:Clouds in Inner Carniola|Category:Dusk in Slovenia|Category:Flickr images missing SDC creator|Category:Flickr images reviewed by File Upload Bot (Magnus Manske)|Category:Lake Cerknica in winter|Category:March 2013 Slovenia photographs|Category:Photographs taken on 2016-03-16|Category:Reflections in lakes|Category:Solitary trees in Slovenia|Category:Taken with Nikon D60|Category:Trees at sunset|Category:Water reflections of clouds in Lake Cerknica|Category:Water reflections of mountains in Slovenia|Category:Water reflections of trees in Slovenia
779,00779.jpg,"File:Lake Saltonstall, Haverhill MA.jpg","https://commons.wikimedia.org/wiki/File:Lake_Saltonstall,_Haverhill_MA.jpg",https://thumb.wikimedia.org/wikipedia/commons/thumb/1/19/Lake_Saltonstall%2C_Haverhill_MA.jpg/1280px-Lake_Saltonstall%2C_Haverhill_MA.jpg?utm_source=commons.wikimedia.org&utm_campaign=imageinfo&utm_content=thumbnail,4032,3024,John Phelan,CC BY-SA 4.0,,unknown,"Category:CC-BY-SA-4.0|Category:Files with coordinates missing SDC location of creation|Category:Haverhill, Massachusetts|Category:Lakes of Massachusetts|Category:Leafless trees in the United States|Category:Self-published work|Category:Solitary trees in the United States|Category:Trees in Massachusetts"
780,00780.jpg,File:Lake St Claire guardian.jpg,https://commons.wikimedia.org/wiki/File:Lake_St_Claire_guardian.jpg,https://thumb.wikimedia.org/wikipedia/commons/thumb/1/17/Lake_St_Claire_guardian.jpg/1280px-Lake_St_Claire_guardian.jpg?utm_source=commons.wikimedia.org&utm_campaign=imageinfo&utm_content=thumbnail,3676,2468,COLJONES,CC BY-SA 4.0,,unknown,Category:Australia photographs taken on 2013-10-01|Category:CC-BY-SA-4.0|Category:Images from Wiki Loves Earth 2016|Category:Images from Wiki Loves Earth 2016 in Australia|Category:Images from Wiki Loves Earth missing SDC location of creation|Category:Lake St Clair (Tasmania)|Category:Lake shores|Category:Pebbles|Category:Self-published work|Category:Solitary trees|Category:Uploaded via Campaign:wle-au
781,00781.jpg,File:Lake in Ngorongoro crater.jpg,https://commons.wikimedia.org/wiki/File:Lake_in_Ngorongoro_crater.jpg,https://thumb.wikimedia.org/wikipedia/commons/thumb/c/c5/Lake_in_Ngorongoro_crater.jpg/1280px-Lake_in_Ngorongoro_crater.jpg?utm_source=commons.wikimedia.org&utm_campaign=imageinfo&utm_content=thumbnail,6000,4000,James Wagner,CC BY-SA 4.0,,unknown,Category:CC-BY-SA-4.0|Category:Files with coordinates missing SDC location of creation|Category:Milvus in flight|Category:Ngorongoro|Category:Self-published work|Category:Solitary trees in Tanzania|Category:Unidentified Milvus|Category:Volcanic lakes of Tanzania
782,00782.jpg,File:Landgoed de Reehorst PM1404-13.jpg,https://commons.wikimedia.org/wiki/File:Landgoed_de_Reehorst_PM1404-13.jpg,https://upload.wikimedia.org/wikipedia/commons/e/e3/Landgoed_de_Reehorst_PM1404-13.jpg?utm_source=commons.wikimedia.org&utm_campaign=imageinfo&utm_content=thumbnail_unscaled,1280,960,Pieter Delicaat,CC BY-SA 3.0,,unknown,Category:2014 in Driebergen-Rijsenburg|Category:CC-BY-SA-3.0|Category:Landgoed de Reehorst|Category:PeliMedia|Category:Self-published work|Category:Solitary trees in the Netherlands|Category:Taken with 3MP DSC
783,00783.jpg,File:Landgoed de Reehorst PM1404-14.jpg,https://commons.wikimedia.org/wiki/File:Landgoed_de_Reehorst_PM1404-14.jpg,https://upload.wikimedia.org/wikipedia/commons/d/de/Landgoed_de_Reehorst_PM1404-14.jpg?utm_source=commons.wikimedia.org&utm_campaign=imageinfo&utm_content=thumbnail_unscaled,1280,960,Pieter Delicaat,CC BY-SA 3.0,,unknown,Category:2014 in Driebergen-Rijsenburg|Category:CC-BY-SA-3.0|Category:Landgoed de Reehorst|Category:PeliMedia|Category:Self-published work|Category:Solitary trees in the Netherlands|Category:Taken with 3MP DSC
784,00784.jpg,File:Landscape in Saint-Martin-le-Mault.jpg,https://commons.wikimedia.org/wiki/File:Landscape_in_Saint-Martin-le-Mault.jpg,https://thumb.wikimedia.org/wikipedia/commons/thumb/2/23/Landscape_in_Saint-Martin-le-Mault.jpg/1280px-Landscape_in_Saint-Martin-le-Mault.jpg?utm_source=commons.wikimedia.org&utm_campaign=imageinfo&utm_content=thumbnail,3676,2530,Krzysztof Golik,CC BY-SA 4.0,,unknown,Category:2021 in Haute-Vienne|Category:CC-BY-SA-4.0|Category:Files with coordinates missing SDC location of creation|Category:Landscapes of Haute-Vienne|Category:Nouvelle-Aquitaine photographs taken on 2021-03-12|Category:Saint-Martin-le-Mault|Category:Self-published work|Category:Solitary trees in France|Category:Tournasol7/Haute-Vienne
785,00785.jpg,"File:Landscape of northern Maasai Mara Preserve, Kenya.jpg","https://commons.wikimedia.org/wiki/File:Landscape_of_northern_Maasai_Mara_Preserve,_Kenya.jpg",https://thumb.wikimedia.org/wikipedia/commons/thumb/0/08/Landscape_of_northern_Maasai_Mara_Preserve%2C_Kenya.jpg/1280px-Landscape_of_northern_Maasai_Mara_Preserve%2C_Kenya.jpg?utm_source=commons.wikimedia.org&utm_campaign=imageinfo&utm_content=thumbnail,7360,4912,Daniel Case,CC BY-SA 4.0,Vachellia,broadleaf,Category:CC-BY-SA-4.0|Category:Clouds and blue sky in Kenya|Category:Dirt roads in Kenya|Category:GFDL|Category:Kenya photographs taken on 2025-08-20|Category:Landscapes of Kenya|Category:License migration redundant|Category:Masai Mara|Category:Self-published work|Category:Solitary trees|Category:Vachellia abyssinica
786,00786.jpg,File:Laut Tenang Pantai Nusa Dua Bali.jpg,https://commons.wikimedia.org/wiki/File:Laut_Tenang_Pantai_Nusa_Dua_Bali.jpg,https://thumb.wikimedia.org/wikipedia/commons/thumb/7/77/Laut_Tenang_Pantai_Nusa_Dua_Bali.jpg/1280px-Laut_Tenang_Pantai_Nusa_Dua_Bali.jpg?utm_source=commons.wikimedia.org&utm_campaign=imageinfo&utm_content=thumbnail,4608,3072,Anton Ardyanto,CC BY-SA 4.0,,unknown,Category:CC-BY-SA-4.0|Category:Images from Wiki Loves Earth 2017|Category:Images from Wiki Loves Earth 2017 in Indonesia|Category:Images from Wiki Loves Earth missing SDC location of creation|Category:Indonesia photographs taken on 2016-11-14|Category:Nusa Dua beach|Category:Self-published work|Category:Solitary trees in Indonesia|Category:Uploaded via Campaign:wle-id
787,00787.jpg,File:Layos - Árbol centenario.JPG,https://commons.wikimedia.org/wiki/File:Layos_-_%C3%81rbol_centenario.JPG,https://thumb.wikimedia.org/wikipedia/commons/thumb/3/3f/Layos_-_%C3%81rbol_centenario.JPG/1280px-Layos_-_%C3%81rbol_centenario.JPG?utm_source=commons.wikimedia.org&utm_campaign=imageinfo&utm_content=thumbnail,5184,3456,Carmen Martín Tejeda,CC BY-SA 4.0,,unknown,"Category:All media supported by Wikimedia España in 2015|Category:CC-BY-SA-4.0|Category:Cultural heritage monuments in Spain missing SDC depicts|Category:Cultural heritage monuments in Spain missing SDC location of creation|Category:Cultural heritage monuments in Spain with known IDs|Category:Images from Wiki Loves Monuments 2015|Category:Images from Wiki Loves Monuments 2015 in Spain|Category:Images from Wiki Loves Monuments 2015 in Spain, reviewed|Category:Images from Wiki Loves Monuments missing SDC depicts|Category:Images from Wiki Loves Monuments missing SDC location of creation|Category:Images of municipalities of Spain without photograph WLM 2015|Category:Palacio de los Condes de Mora, Layos (Toledo)|Category:Self-published work|Category:September 2015 in the province of Toledo|Category:Solitary trees in Spain|Category:Spain photographs taken on 2015-09-06|Category:Trees in the province of Toledo|Category:Uploaded via Campaign:wlm-es"
788,00788.jpg,File:Le Raisinier autour du complexe Pendjari. 05.jpg,https://commons.wikimedia.org/wiki/File:Le_Raisinier_autour_du_complexe_Pendjari._05.jpg,https://thumb.wikimedia.org/wikipedia/commons/thumb/4/40/Le_Raisinier_autour_du_complexe_Pendjari._05.jpg/1280px-Le_Raisinier_autour_du_complexe_Pendjari._05.jpg?utm_source=commons.wikimedia.org&utm_campaign=imageinfo&utm_content=thumbnail,5184,3888,Farid AMADOU BAHLEMAN,CC BY-SA 4.0,,unknown,Category:CC-BY-SA-4.0|Category:Files with coordinates missing SDC location of creation|Category:Flora of Pendjari National Park|Category:Self-published work|Category:Solitary trees in Bénin|Category:Unidentified plants in Benin|Category:Unidentified trees|Category:Uploaded via Campaign:wle-bj|Category:Wiki Loves Earth 2021 Human Rights and Environment Special Nomination
789,00789.jpg,File:Le tilleul des Lognards à Xhoris.jpg,https://commons.wikimedia.org/wiki/File:Le_tilleul_des_Lognards_%C3%A0_Xhoris.jpg,https://thumb.wikimedia.org/wikipedia/commons/thumb/d/d5/Le_tilleul_des_Lognards_%C3%A0_Xhoris.jpg/1280px-Le_tilleul_des_Lognards_%C3%A0_Xhoris.jpg?utm_source=commons.wikimedia.org&utm_campaign=imageinfo&utm_content=thumbnail,4288,2848,Pierre-Jacques Despa,CC BY-SA 3.0,Tilia,broadleaf,"Category:2011 in Ferrières|Category:Belgium photographs taken on 2011-09-29|Category:CC-BY-SA-3.0|Category:Chapelle Sainte-Barbe (Pierreux)|Category:Cultural heritage monuments in Wallonia with known IDs|Category:Files with coordinates missing SDC location of creation (50° N, 5° E)|Category:Images from Wiki Loves Monuments 2014|Category:Images from Wiki Loves Monuments 2014 in Belgium|Category:Images from Wiki Loves Monuments missing SDC location of creation|Category:Malvales in Belgium in September|Category:Photographs by PJDespa|Category:Self-published work|Category:September 2011 in Wallonia|Category:Solitary trees in Belgium|Category:Taken with Nikon D90|Category:Tilia in Belgium|Category:Tilia in the Northern Hemisphere in September|Category:Tilleul des Lognards|Category:Uploaded via Campaign:wlm-be-wal"
790,00790.jpg,File:Leaning tree in Greenough.jpg,https://commons.wikimedia.org/wiki/File:Leaning_tree_in_Greenough.jpg,https://thumb.wikimedia.org/wikipedia/commons/thumb/7/70/Leaning_tree_in_Greenough.jpg/1280px-Leaning_tree_in_Greenough.jpg?utm_source=commons.wikimedia.org&utm_campaign=imageinfo&utm_content=thumbnail,1925,1224,Ruth Ellison,CC BY 2.0,,unknown,Category:CC-BY-2.0|Category:Flickr images reviewed by trusted users|Category:Solitary trees in Australia|Category:Taken with Canon EOS 350D|Category:Trees in Western Australia|Category:Unidentified trees|Category:Wind-affected tree growth
791,00791.jpg,File:Lemberg pri Šmarju 09.JPG,https://commons.wikimedia.org/wiki/File:Lemberg_pri_%C5%A0marju_09.JPG,https://thumb.wikimedia.org/wikipedia/commons/thumb/2/2c/Lemberg_pri_%C5%A0marju_09.JPG/1280px-Lemberg_pri_%C5%A0marju_09.JPG?utm_source=commons.wikimedia.org&utm_campaign=imageinfo&utm_content=thumbnail,3648,2736,Janezdrilc,CC0,,unknown,Category:Bare trees in Slovenia|Category:CC-Zero|Category:Images by Janezdrilc|Category:Self-published work|Category:Solitary trees in Slovenia|Category:St. Pancratius's Church (Lemberg pri Šmarju)
792,00792.jpg,File:Lengwil landscape.jpg,https://commons.wikimedia.org/wiki/File:Lengwil_landscape.jpg,https://thumb.wikimedia.org/wikipedia/commons/thumb/8/8c/Lengwil_landscape.jpg/1280px-Lengwil_landscape.jpg?utm_source=commons.wikimedia.org&utm_campaign=imageinfo&utm_content=thumbnail,5760,3840,Veneziado,CC BY-SA 4.0,,unknown,Category:CC-BY-SA-4.0|Category:Lengwil|Category:Self-published work|Category:Solitary trees in Switzerland
793,00793.jpg,File:Les gouttes - Flickr - Guy Masavi.jpg,https://commons.wikimedia.org/wiki/File:Les_gouttes_-_Flickr_-_Guy_Masavi.jpg,https://thumb.wikimedia.org/wikipedia/commons/thumb/8/88/Les_gouttes_-_Flickr_-_Guy_Masavi.jpg/1280px-Les_gouttes_-_Flickr_-_Guy_Masavi.jpg?utm_source=commons.wikimedia.org&utm_campaign=imageinfo&utm_content=thumbnail,1600,1200,"guy masavi from nimes, france",CC BY-SA 2.0,,unknown,Category:CC-BY-SA-2.0|Category:Flickr files uploaded by Red panda bot|Category:Flickr images reviewed by FlickreviewR 2|Category:Photographs taken on 2015-07-29|Category:Photos in Flickr Explore|Category:Solitary trees
794,00794.jpg,File:Leskovec v Podborštu - cerkev Žalostne Matere božje (2).jpg,https://commons.wikimedia.org/wiki/File:Leskovec_v_Podbor%C5%A1tu_-_cerkev_%C5%BDalostne_Matere_bo%C5%BEje_(2).jpg,https://upload.wikimedia.org/wikipedia/commons/a/a1/Leskovec_v_Podbor%C5%A1tu_-_cerkev_%C5%BDalostne_Matere_bo%C5%BEje_%282%29.jpg?utm_source=commons.wikimedia.org&utm_campaign=imageinfo&utm_content=thumbnail_unscaled,1024,768,Miran Hladnik,CC BY-SA 2.5 si,,unknown,Category:CC-BY-SA-2.5-SI|Category:Files from external sources with reviewed licenses|Category:Our Lady of Sorrows Church (Leskovec v Podborštu)|Category:Self-published work|Category:Solitary trees in Slovenia|Category:SpomenikSVN warning|Category:Taken with Panasonic Lumix DMC-FZ28
795,00795.jpg,File:Leskovec v Podborštu - cerkev Žalostne Matere božje.jpg,https://commons.wikimedia.org/wiki/File:Leskovec_v_Podbor%C5%A1tu_-_cerkev_%C5%BDalostne_Matere_bo%C5%BEje.jpg,https://upload.wikimedia.org/wikipedia/commons/5/58/Leskovec_v_Podbor%C5%A1tu_-_cerkev_%C5%BDalostne_Matere_bo%C5%BEje.jpg?utm_source=commons.wikimedia.org&utm_campaign=imageinfo&utm_content=thumbnail_unscaled,1024,768,Miran Hladnik,CC BY-SA 2.5 si,,unknown,Category:CC-BY-SA-2.5-SI|Category:Clouds and blue sky in Slovenia|Category:Clouds in Lower Carniola|Category:Files from external sources with reviewed licenses|Category:Our Lady of Sorrows Church (Leskovec v Podborštu)|Category:Self-published work|Category:Solitary trees in Slovenia|Category:SpomenikSVN warning|Category:Taken with Panasonic Lumix DMC-FZ28
796,00796.jpg,"File:Life on the edge, coast north of La Push, Washington State, USA.jpg","https://commons.wikimedia.org/wiki/File:Life_on_the_edge,_coast_north_of_La_Push,_Washington_State,_USA.jpg",https://thumb.wikimedia.org/wikipedia/commons/thumb/e/eb/Life_on_the_edge%2C_coast_north_of_La_Push%2C_Washington_State%2C_USA.jpg/1280px-Life_on_the_edge%2C_coast_north_of_La_Push%2C_Washington_State%2C_USA.jpg?utm_source=commons.wikimedia.org&utm_campaign=imageinfo&utm_content=thumbnail,3456,5184,ThomasLendt,CC BY-SA 4.0,,unknown,"Category:CC-BY-SA-4.0|Category:La Push, Washington|Category:Self-published work|Category:Solitary trees in the United States"
797,00797.jpg,File:Lone Pine Umbrella.JPG,https://commons.wikimedia.org/wiki/File:Lone_Pine_Umbrella.JPG,https://thumb.wikimedia.org/wikipedia/commons/thumb/a/a2/Lone_Pine_Umbrella.JPG/1280px-Lone_Pine_Umbrella.JPG?utm_source=commons.wikimedia.org&utm_campaign=imageinfo&utm_content=thumbnail,2816,1880,Wingchi Poon,CC BY-SA 3.0,Pinus,conifer,Category:CC-BY-SA-3.0|Category:Headland Trail (El Morro National Monument)|Category:Landscapes of New Mexico|Category:Metal handrails|Category:November 2009 United States photographs|Category:November 2009 in New Mexico|Category:Photos by Wingchi Poon|Category:Pinales in New Mexico in November|Category:Pinus in New Mexico|Category:Pinus in the United States in November|Category:Pinus ponderosa subsp. brachyptera|Category:Self-published work|Category:Solitary trees in the United States|Category:Taken with Canon EOS 40D|Category:Terrestrial ecosystems|Category:Widescreen desktop backgrounds
798,00798.jpg,File:Lone Pine tree at Mon Ang Ket.jpg,https://commons.wikimedia.org/wiki/File:Lone_Pine_tree_at_Mon_Ang_Ket.jpg,https://thumb.wikimedia.org/wikipedia/commons/thumb/0/04/Lone_Pine_tree_at_Mon_Ang_Ket.jpg/1280px-Lone_Pine_tree_at_Mon_Ang_Ket.jpg?utm_source=commons.wikimedia.org&utm_campaign=imageinfo&utm_content=thumbnail,5858,4000,Catchiangmai,CC BY-SA 4.0,Pinus,conifer,Category:CC-BY-SA-4.0|Category:Forests in Thailand|Category:Images from Wiki Loves Earth 2026|Category:Images from Wiki Loves Earth 2026 in Thailand|Category:Images from Wiki Loves Earth missing SDC location of creation|Category:Images from Wiki Loves Earth missing SDC participant in|Category:Landscape|Category:Mountains of Thailand|Category:Pinus kesiya|Category:Protected areas of Thailand|Category:Self-published work|Category:Solitary trees in Thailand|Category:Uploaded via Campaign:wle-th
799,00799.jpg,File:Lone Tree (15234630314).jpg,https://commons.wikimedia.org/wiki/File:Lone_Tree_(15234630314).jpg,https://thumb.wikimedia.org/wikipedia/commons/thumb/c/c7/Lone_Tree_%2815234630314%29.jpg/1280px-Lone_Tree_%2815234630314%29.jpg?utm_source=commons.wikimedia.org&utm_campaign=imageinfo&utm_content=thumbnail,5367,3578,"Carlos Andrés Reyes from Cologne, Germany",CC BY 2.0,,unknown,Category:CC-BY-2.0|Category:Flickr images reviewed by FlickreviewR 2|Category:Solitary trees
800,00800.jpg,File:Lone Tree (16797482915).jpg,https://commons.wikimedia.org/wiki/File:Lone_Tree_(16797482915).jpg,https://upload.wikimedia.org/wikipedia/commons/a/a4/Lone_Tree_%2816797482915%29.jpg?utm_source=commons.wikimedia.org&utm_campaign=imageinfo&utm_content=thumbnail_unscaled,960,720,"john shortland from Cotswold Hills, England, England",CC BY 2.0,,unknown,"Category:CC-BY-2.0|Category:Exmoor|Category:Files with coordinates missing SDC location of creation (51° N, 4° W)|Category:Flickr images reviewed by FlickreviewR 2|Category:Images with watermarks|Category:Solitary trees"
801,00801.jpg,File:Lone Tree (172877157).jpeg,https://commons.wikimedia.org/wiki/File:Lone_Tree_(172877157).jpeg,https://thumb.wikimedia.org/wikipedia/commons/thumb/4/45/Lone_Tree_%28172877157%29.jpeg/1280px-Lone_Tree_%28172877157%29.jpeg?utm_source=commons.wikimedia.org&utm_campaign=imageinfo&utm_content=thumbnail,2048,1536,Alexandre Ultré,CC BY-SA 3.0,,unknown,Category:CC-BY-SA-3.0|Category:FAL|Category:Files with coordinates missing SDC location of creation|Category:Photos imported with import-500px|Category:Solitary trees
802,00802.jpg,File:Lone Tree (177177433).jpeg,https://commons.wikimedia.org/wiki/File:Lone_Tree_(177177433).jpeg,https://thumb.wikimedia.org/wikipedia/commons/thumb/8/85/Lone_Tree_%28177177433%29.jpeg/1280px-Lone_Tree_%28177177433%29.jpeg?utm_source=commons.wikimedia.org&utm_campaign=imageinfo&utm_content=thumbnail,2035,2048,Benjamin Balazs,CC0,,unknown,Category:CC-Zero|Category:Photos imported with import-500px|Category:Solitary trees
803,00803.jpg,File:Lone Tree (46325847855).jpg,https://commons.wikimedia.org/wiki/File:Lone_Tree_(46325847855).jpg,https://thumb.wikimedia.org/wikipedia/commons/thumb/8/82/Lone_Tree_%2846325847855%29.jpg/1280px-Lone_Tree_%2846325847855%29.jpg?utm_source=commons.wikimedia.org&utm_campaign=imageinfo&utm_content=thumbnail,4798,3198,Sonja und Jens from Germany,CC BY 2.0,,unknown,Category:CC-BY-2.0|Category:Flickr images missing SDC inception|Category:Flickr images reviewed by FlickreviewR 2|Category:Images uploaded by User:Ltn12345|Category:Solitary trees
804,00804.jpg,File:Lone Tree 3.jpg,https://commons.wikimedia.org/wiki/File:Lone_Tree_3.jpg,https://thumb.wikimedia.org/wikipedia/commons/thumb/d/d6/Lone_Tree_3.jpg/1280px-Lone_Tree_3.jpg?utm_source=commons.wikimedia.org&utm_campaign=imageinfo&utm_content=thumbnail,4872,5568,Kharkil,CC BY-SA 4.0,,unknown,Category:Akpınar|Category:CC-BY-SA-4.0|Category:Files with coordinates missing SDC location of creation|Category:Photographs taken on 2024-08-11|Category:Self-published work|Category:Solitary trees in Turkey|Category:Uploaded with Mobile/Android
805,00805.jpg,File:Lone Tree 5.jpg,https://commons.wikimedia.org/wiki/File:Lone_Tree_5.jpg,https://thumb.wikimedia.org/wikipedia/commons/thumb/d/dd/Lone_Tree_5.jpg/1280px-Lone_Tree_5.jpg?utm_source=commons.wikimedia.org&utm_campaign=imageinfo&utm_content=thumbnail,4898,3265,Kharkil,CC BY-SA 4.0,,unknown,Category:Akpınar|Category:CC-BY-SA-4.0|Category:Files with coordinates missing SDC location of creation|Category:Self-published work|Category:Solitary trees in Turkey|Category:Turkey photographs taken on 2015-05-30|Category:Uploaded with Mobile/Android
806,00806.jpg,File:Lone Tree and river Gaddagh.jpg,https://commons.wikimedia.org/wiki/File:Lone_Tree_and_river_Gaddagh.jpg,https://thumb.wikimedia.org/wikipedia/commons/thumb/e/ea/Lone_Tree_and_river_Gaddagh.jpg/1280px-Lone_Tree_and_river_Gaddagh.jpg?utm_source=commons.wikimedia.org&utm_campaign=imageinfo&utm_content=thumbnail,4000,6000,AboveHeights,CC BY-SA 4.0,,unknown,Category:CC-BY-SA-4.0|Category:Carrauntoohil|Category:Images from Wiki Loves Earth 2022|Category:Images from Wiki Loves Earth 2022 in Ireland|Category:Images from Wiki Loves Earth missing SDC location of creation|Category:MacGillycuddy's Reeks|Category:Self-published work|Category:Solitary trees|Category:Uploaded via Campaign:wle-ie
807,00807.jpg,File:Lone tree - Flickr - eye of einstein.jpg,https://commons.wikimedia.org/wiki/File:Lone_tree_-_Flickr_-_eye_of_einstein.jpg,https://thumb.wikimedia.org/wikipedia/commons/thumb/5/5a/Lone_tree_-_Flickr_-_eye_of_einstein.jpg/1280px-Lone_tree_-_Flickr_-_eye_of_einstein.jpg?utm_source=commons.wikimedia.org&utm_campaign=imageinfo&utm_content=thumbnail,2328,2172,"Alan L from Keaau HI, USA",CC BY 2.0,,unknown,Category:CC-BY-2.0|Category:Flickr files uploaded by Red panda bot|Category:Flickr images reviewed by FlickreviewR 2|Category:Photographs taken on 2006-08-20|Category:Photos in Flickr Explore|Category:Reflections in automobile door mirrors|Category:Solitary trees
808,00808.jpg,File:Lone tree Großglocknerstraße coach-made near Halstadt.jpg,https://commons.wikimedia.org/wiki/File:Lone_tree_Gro%C3%9Fglocknerstra%C3%9Fe_coach-made_near_Halstadt.jpg,https://thumb.wikimedia.org/wikipedia/commons/thumb/d/d5/Lone_tree_Gro%C3%9Fglocknerstra%C3%9Fe_coach-made_near_Halstadt.jpg/1280px-Lone_tree_Gro%C3%9Fglocknerstra%C3%9Fe_coach-made_near_Halstadt.jpg?utm_source=commons.wikimedia.org&utm_campaign=imageinfo&utm_content=thumbnail,3456,4608,"Jason M. C., Han",CC BY-SA 4.0,,unknown,Category:CC-BY-SA-4.0|Category:Images with watermarks|Category:Self-published work|Category:Solitary trees in Austria|Category:Unidentified locations in Austria|Category:Wikiversity WikiProjects
809,00809.jpg,File:Lone tree at housewall in Berlin.jpg,https://commons.wikimedia.org/wiki/File:Lone_tree_at_housewall_in_Berlin.jpg,https://thumb.wikimedia.org/wikipedia/commons/thumb/1/1e/Lone_tree_at_housewall_in_Berlin.jpg/1280px-Lone_tree_at_housewall_in_Berlin.jpg?utm_source=commons.wikimedia.org&utm_campaign=imageinfo&utm_content=thumbnail,3840,2560,Mark König,CC BY-SA 4.0,,unknown,Category:CC-BY-SA-4.0|Category:Files with coordinates missing SDC location of creation|Category:Houses|Category:Self-published work|Category:Solitary trees in Germany|Category:Walls in Germany
810,00810.jpg,File:Lone tree in public open space - geograph.org.uk - 3233543.jpg,https://commons.wikimedia.org/wiki/File:Lone_tree_in_public_open_space_-_geograph.org.uk_-_3233543.jpg,https://upload.wikimedia.org/wikipedia/commons/d/d0/Lone_tree_in_public_open_space_-_geograph.org.uk_-_3233543.jpg?utm_source=commons.wikimedia.org&utm_campaign=imageinfo&utm_content=thumbnail_unscaled,990,719,Christine Johnstone,CC BY-SA 2.0,,unknown,"Category:CC-BY-SA-2.0|Category:Images from Geograph Britain and Ireland|Category:Monkswood, West Yorkshire|Category:Solitary trees in the United Kingdom|Category:Trees in Leeds|Category:Trees in autumn in England"
811,00811.jpg,File:Lone tree in the desert.jpg,https://commons.wikimedia.org/wiki/File:Lone_tree_in_the_desert.jpg,https://thumb.wikimedia.org/wikipedia/commons/thumb/e/ee/Lone_tree_in_the_desert.jpg/1280px-Lone_tree_in_the_desert.jpg?utm_source=commons.wikimedia.org&utm_campaign=imageinfo&utm_content=thumbnail,2048,1366,Deep Kadam,CC BY-SA 4.0,,unknown,Category:CC-BY-SA-4.0|Category:Deserts|Category:Flora of the Emirate of Dubai|Category:Images from Wiki Loves Emirates 2018|Category:Self-published work|Category:Solitary trees|Category:Trees in Dubai|Category:Unidentified trees|Category:United Arab Emirates photographs taken on 2018-03-14|Category:Uploaded via Campaign:wlae
812,00812.jpg,File:Lone tree north of Halfpenny Lane - geograph.org.uk - 4303463.jpg,https://commons.wikimedia.org/wiki/File:Lone_tree_north_of_Halfpenny_Lane_-_geograph.org.uk_-_4303463.jpg,https://upload.wikimedia.org/wikipedia/commons/2/28/Lone_tree_north_of_Halfpenny_Lane_-_geograph.org.uk_-_4303463.jpg?utm_source=commons.wikimedia.org&utm_campaign=imageinfo&utm_content=thumbnail_unscaled,1024,768,Christine Johnstone,CC BY-SA 2.0,,unknown,"Category:CC-BY-SA-2.0|Category:Fields in Pontefract|Category:Halfpenny Lane, Pontefract|Category:Images from Geograph Britain and Ireland|Category:Solitary trees in the United Kingdom|Category:Trees in the City of Bradford"
813,00813.jpg,"File:Lone tree on Sunnyside Beach, Toronto, November 2025.jpg","https://commons.wikimedia.org/wiki/File:Lone_tree_on_Sunnyside_Beach,_Toronto,_November_2025.jpg",https://thumb.wikimedia.org/wikipedia/commons/thumb/5/5b/Lone_tree_on_Sunnyside_Beach%2C_Toronto%2C_November_2025.jpg/1280px-Lone_tree_on_Sunnyside_Beach%2C_Toronto%2C_November_2025.jpg?utm_source=commons.wikimedia.org&utm_campaign=imageinfo&utm_content=thumbnail,4032,3024,Qviri,CC BY-SA 4.0,,unknown,Category:CC-BY-SA-4.0|Category:Files with coordinates missing SDC location of creation|Category:November 2025 in Toronto|Category:Self-published work|Category:Solitary trees in Canada|Category:Sunnyside Beach|Category:Trees in Toronto
814,00814.jpg,File:Lone tree on a summer hillside.jpg,https://commons.wikimedia.org/wiki/File:Lone_tree_on_a_summer_hillside.jpg,https://thumb.wikimedia.org/wikipedia/commons/thumb/a/ab/Lone_tree_on_a_summer_hillside.jpg/1280px-Lone_tree_on_a_summer_hillside.jpg?utm_source=commons.wikimedia.org&utm_campaign=imageinfo&utm_content=thumbnail,2679,2000,ShakataGaNai,CC BY-SA 3.0,Quercus,broadleaf,"Category:CC-BY-SA-3.0|Category:California chaparral and woodlands|Category:East Bay Regional Park District|Category:Files with coordinates missing SDC location of creation|Category:GFDL|Category:License migration redundant|Category:Media by ShakataGaNai|Category:Nature of Walnut Creek, California|Category:Quercus agrifolia|Category:Self-published work|Category:Solitary trees|Category:Taken with Nikon D70|Category:Trees in Contra Costa County, California"
815,00815.jpg,File:Lone wolf.jpg,https://commons.wikimedia.org/wiki/File:Lone_wolf.jpg,https://thumb.wikimedia.org/wikipedia/commons/thumb/f/f1/Lone_wolf.jpg/1280px-Lone_wolf.jpg?utm_source=commons.wikimedia.org&utm_campaign=imageinfo&utm_content=thumbnail,5184,3456,Jmaccccc,CC BY-SA 4.0,,unknown,Category:Australia photographs taken on 2014-01-23|Category:CC-BY-SA-4.0|Category:Dry grass|Category:Grasslands|Category:Images from Wiki Loves Earth 2018|Category:Images from Wiki Loves Earth 2018 in Australia|Category:Images from Wiki Loves Earth missing SDC depicts|Category:Images from Wiki Loves Earth missing SDC location of creation|Category:Self-published work|Category:Solitary trees in Australia|Category:Uploaded via Campaign:wle-au
816,00816.jpg,File:Loneliness (116880423).jpeg,https://commons.wikimedia.org/wiki/File:Loneliness_(116880423).jpeg,https://thumb.wikimedia.org/wikipedia/commons/thumb/4/49/Loneliness_%28116880423%29.jpeg/1280px-Loneliness_%28116880423%29.jpeg?utm_source=commons.wikimedia.org&utm_campaign=imageinfo&utm_content=thumbnail,2048,1362,Bernhard Hanakam,CC BY-SA 3.0,,unknown,Category:CC-BY-SA-3.0|Category:Photos imported with import-500px|Category:Solitary trees
817,00817.jpg,File:Loneliness (24881294312).jpg,https://commons.wikimedia.org/wiki/File:Loneliness_(24881294312).jpg,https://thumb.wikimedia.org/wikipedia/commons/thumb/0/0e/Loneliness_%2824881294312%29.jpg/1280px-Loneliness_%2824881294312%29.jpg?utm_source=commons.wikimedia.org&utm_campaign=imageinfo&utm_content=thumbnail,4000,6000,Maciej Kraus,CC BY 2.0,,unknown,Category:CC-BY-2.0|Category:February 2016 Poland photographs|Category:Flickr images reviewed by FlickreviewR 2|Category:Solitary trees in Poland|Category:Uploads by Matlin
818,00818.jpg,File:Lonely Road (35741167006).jpg,https://commons.wikimedia.org/wiki/File:Lonely_Road_(35741167006).jpg,https://thumb.wikimedia.org/wikipedia/commons/thumb/3/35/Lonely_Road_%2835741167006%29.jpg/1280px-Lonely_Road_%2835741167006%29.jpg?utm_source=commons.wikimedia.org&utm_campaign=imageinfo&utm_content=thumbnail,2000,1333,Mark Schneider,CC BY 2.0,,unknown,Category:CC-BY-2.0|Category:Flickr images reviewed by FlickreviewR 2|Category:Solitary trees
819,00819.jpg,File:Lonely Tree (14624093388).png,https://commons.wikimedia.org/wiki/File:Lonely_Tree_(14624093388).png,https://thumb.wikimedia.org/wikipedia/commons/thumb/9/97/Lonely_Tree_%2814624093388%29.png/1280px-Lonely_Tree_%2814624093388%29.png?utm_source=commons.wikimedia.org&utm_campaign=imageinfo&utm_content=thumbnail,5184,3456,"Matt B from Washington, DC, USA",CC BY-SA 2.0,,unknown,Category:CC-BY-SA-2.0|Category:Flickr images reviewed by FlickreviewR|Category:Solitary trees in Slovenia|Category:Vineyards in summer in Slovenia
820,00820.jpg,File:Lonely Tree (212734013).jpeg,https://commons.wikimedia.org/wiki/File:Lonely_Tree_(212734013).jpeg,https://thumb.wikimedia.org/wikipedia/commons/thumb/a/af/Lonely_Tree_%28212734013%29.jpeg/1280px-Lonely_Tree_%28212734013%29.jpeg?utm_source=commons.wikimedia.org&utm_campaign=imageinfo&utm_content=thumbnail,2048,1527,Gianfranco Vitolo,CC BY 3.0,,unknown,Category:CC-BY-3.0|Category:Italy photos taken with Canon PowerShot SX60 HS|Category:Oversaturated images|Category:Photographs by Gianfranco Vitolo|Category:Photos imported with import-500px|Category:Solitary trees
821,00821.jpg,File:Lonely Tree in the Middle of a Field.jpg,https://commons.wikimedia.org/wiki/File:Lonely_Tree_in_the_Middle_of_a_Field.jpg,https://thumb.wikimedia.org/wikipedia/commons/thumb/9/95/Lonely_Tree_in_the_Middle_of_a_Field.jpg/1280px-Lonely_Tree_in_the_Middle_of_a_Field.jpg?utm_source=commons.wikimedia.org&utm_campaign=imageinfo&utm_content=thumbnail,1600,1071,Melissa Fague / PI Photography and Fine Art,CC BY-SA 4.0,,unknown,"Category:CC-BY-SA-4.0|Category:Farms|Category:Fields|Category:Files with coordinates missing SDC location of creation|Category:January 2011 in Delaware|Category:Middletown, Delaware|Category:Self-published work|Category:Solitary trees|Category:Taken with Nikon D200|Category:Winter"
822,00822.jpg,File:Lonely Tuscany Tree.jpg,https://commons.wikimedia.org/wiki/File:Lonely_Tuscany_Tree.jpg,https://thumb.wikimedia.org/wikipedia/commons/thumb/f/f5/Lonely_Tuscany_Tree.jpg/1280px-Lonely_Tuscany_Tree.jpg?utm_source=commons.wikimedia.org&utm_campaign=imageinfo&utm_content=thumbnail,6032,4032,Jakub T. Jankiewicz,CC BY-SA 2.0,,unknown,Category:Blue sky in Tuscany|Category:CC-BY-SA-2.0|Category:Flickr images missing SDC published in|Category:Flickr images reviewed by FlickreviewR 2|Category:Italy photographs taken on 2019-09-23|Category:September 2019 in Tuscany|Category:Solitary trees in Italy|Category:Trees in Tuscany
823,00823.jpg,File:Lonely horse rider (11953665863).jpg,https://commons.wikimedia.org/wiki/File:Lonely_horse_rider_(11953665863).jpg,https://thumb.wikimedia.org/wikipedia/commons/thumb/3/31/Lonely_horse_rider_%2811953665863%29.jpg/1280px-Lonely_horse_rider_%2811953665863%29.jpg?utm_source=commons.wikimedia.org&utm_campaign=imageinfo&utm_content=thumbnail,3628,2415,Charlie from United Kingdom,CC BY 2.0,,unknown,Category:CC-BY-2.0|Category:Farms|Category:Flickr images reviewed by FlickreviewR 2|Category:Solitary trees|Category:Unidentified hills
824,00824.jpg,File:Lonely tree (21464459422).jpg,https://commons.wikimedia.org/wiki/File:Lonely_tree_(21464459422).jpg,https://thumb.wikimedia.org/wikipedia/commons/thumb/d/db/Lonely_tree_%2821464459422%29.jpg/1280px-Lonely_tree_%2821464459422%29.jpg?utm_source=commons.wikimedia.org&utm_campaign=imageinfo&utm_content=thumbnail,5184,3456,StockyPics,CC0,,unknown,Category:CC-Zero|Category:Flickr images reviewed by FlickreviewR 2|Category:Solitary trees
825,00825.jpg,File:Lonely tree (49785032547).jpg,https://commons.wikimedia.org/wiki/File:Lonely_tree_(49785032547).jpg,https://thumb.wikimedia.org/wikipedia/commons/thumb/a/af/Lonely_tree_%2849785032547%29.jpg/1280px-Lonely_tree_%2849785032547%29.jpg?utm_source=commons.wikimedia.org&utm_campaign=imageinfo&utm_content=thumbnail,5737,3825,"Raita Futo from Tokyo, Japan",CC BY 2.0,,unknown,Category:CC-BY-2.0|Category:Files with coordinates missing SDC location of creation|Category:Flickr images reviewed by FlickreviewR 2|Category:Photographs by Raita Futo|Category:Solitary trees in Japan|Category:Uploads by Matlin
826,00826.jpg,File:Lonely tree (5446264712).jpg,https://commons.wikimedia.org/wiki/File:Lonely_tree_(5446264712).jpg,https://thumb.wikimedia.org/wikipedia/commons/thumb/e/ed/Lonely_tree_%285446264712%29.jpg/1280px-Lonely_tree_%285446264712%29.jpg?utm_source=commons.wikimedia.org&utm_campaign=imageinfo&utm_content=thumbnail,3441,2248,"Bert Kaufmann from Roermond, Netherlands",CC BY 2.0,,unknown,"Category:CC-BY-2.0|Category:Files with coordinates missing SDC location of creation (50° N, 5° E)|Category:Flickr images reviewed by File Upload Bot (Magnus Manske)|Category:Media needing category review as of 13 April 2016|Category:Photographs by Bert Kaufmann|Category:Schin op Geul|Category:Solitary trees in the Netherlands|Category:Tone-mapped HDR images"
827,00827.jpg,File:Lonely tree (6560586743).jpg,https://commons.wikimedia.org/wiki/File:Lonely_tree_(6560586743).jpg,https://thumb.wikimedia.org/wikipedia/commons/thumb/6/62/Lonely_tree_%286560586743%29.jpg/1280px-Lonely_tree_%286560586743%29.jpg?utm_source=commons.wikimedia.org&utm_campaign=imageinfo&utm_content=thumbnail,4288,2848,Daniel Wehner,CC BY 2.0,,unknown,Category:CC-BY-2.0|Category:Flickr images reviewed by FlickreviewR 2|Category:Solitary trees
828,00828.jpg,File:Lonely tree - Flickr - Javmorcas.jpg,https://commons.wikimedia.org/wiki/File:Lonely_tree_-_Flickr_-_Javmorcas.jpg,https://thumb.wikimedia.org/wikipedia/commons/thumb/f/f5/Lonely_tree_-_Flickr_-_Javmorcas.jpg/1280px-Lonely_tree_-_Flickr_-_Javmorcas.jpg?utm_source=commons.wikimedia.org&utm_campaign=imageinfo&utm_content=thumbnail,4508,3005,Javier Morales,CC BY 2.0,,unknown,Category:CC-BY-2.0|Category:Flickr files uploaded by Red panda bot|Category:Flickr images reviewed by FlickreviewR 2|Category:Photographs taken on 2013-02-15|Category:Photos in Flickr Explore|Category:Solitary trees|Category:Unidentified plants (low quality)
829,00829.jpg,File:Lonely tree - Rtanj.jpg,https://commons.wikimedia.org/wiki/File:Lonely_tree_-_Rtanj.jpg,https://thumb.wikimedia.org/wikipedia/commons/thumb/c/c6/Lonely_tree_-_Rtanj.jpg/1280px-Lonely_tree_-_Rtanj.jpg?utm_source=commons.wikimedia.org&utm_campaign=imageinfo&utm_content=thumbnail,3548,4843,Maja Stosic,CC BY-SA 4.0,,unknown,Category:CC-BY-SA-4.0|Category:Maja Stošić|Category:Rtanj|Category:Rtanj (Boljevac)|Category:Self-published work|Category:Solitary trees|Category:Winter
830,00830.jpg,File:Lonely tree Savannah.jpg,https://commons.wikimedia.org/wiki/File:Lonely_tree_Savannah.jpg,https://thumb.wikimedia.org/wikipedia/commons/thumb/5/5a/Lonely_tree_Savannah.jpg/1280px-Lonely_tree_Savannah.jpg?utm_source=commons.wikimedia.org&utm_campaign=imageinfo&utm_content=thumbnail,2796,4194,The Taxi Photographer,CC BY-SA 4.0,,unknown,Category:CC-BY-SA-4.0|Category:Images from Wiki Loves Africa 2023|Category:Images from Wiki Loves Africa 2023 in Cameroon|Category:Images from Wiki Loves Africa 2023 to check|Category:Nature of Maroua|Category:Self-published work|Category:Solitary trees|Category:Trees in Cameroon|Category:Uploaded via Campaign:wlafrica
831,00831.jpg,File:Lonely tree at Fairy lake (cropped).jpg,https://commons.wikimedia.org/wiki/File:Lonely_tree_at_Fairy_lake_(cropped).jpg,https://thumb.wikimedia.org/wikipedia/commons/thumb/7/76/Lonely_tree_at_Fairy_lake_%28cropped%29.jpg/1280px-Lonely_tree_at_Fairy_lake_%28cropped%29.jpg?utm_source=commons.wikimedia.org&utm_campaign=imageinfo&utm_content=thumbnail,3679,3175,Sergey Pesterev,CC BY-SA 4.0,Pseudotsuga,conifer,Category:CC-BY-SA-4.0|Category:Canada photographs taken on 2018-09-21|Category:Extracted images|Category:Files with coordinates missing SDC location of creation|Category:Information field template with formatting|Category:Mist above water surfaces|Category:Pseudotsuga menziesii subsp. menziesii|Category:Reflections in lakes|Category:Self-published work|Category:September 2018 in British Columbia|Category:Solitary trees in Canada|Category:Trees on Vancouver Island|Category:Water reflections in British Columbia|Category:Water reflections of trees in Canada
832,00832.jpg,File:Lonely tree in Nadugani Ghats.jpg,https://commons.wikimedia.org/wiki/File:Lonely_tree_in_Nadugani_Ghats.jpg,https://thumb.wikimedia.org/wikipedia/commons/thumb/a/a8/Lonely_tree_in_Nadugani_Ghats.jpg/1280px-Lonely_tree_in_Nadugani_Ghats.jpg?utm_source=commons.wikimedia.org&utm_campaign=imageinfo&utm_content=thumbnail,3144,4715,Monalperoth,CC BY-SA 4.0,,unknown,Category:CC-BY-SA-4.0|Category:Flora of Nilgiris district|Category:Images by Monalperoth|Category:Self-published work|Category:Solitary trees in India|Category:Taken with Canon Digital IXUS 170|Category:Unidentified trees in India
833,00833.jpg,File:Lonely tree in a wheat field.jpg,https://commons.wikimedia.org/wiki/File:Lonely_tree_in_a_wheat_field.jpg,https://thumb.wikimedia.org/wikipedia/commons/thumb/8/81/Lonely_tree_in_a_wheat_field.jpg/1280px-Lonely_tree_in_a_wheat_field.jpg?utm_source=commons.wikimedia.org&utm_campaign=imageinfo&utm_content=thumbnail,2112,2816,Bob Collowan,CC BY-SA 4.0,,unknown,Category:CC-BY-SA-4.0|Category:Self-published work|Category:Solitary trees in Denmark|Category:Wheat fields in Denmark
834,00834.jpg,File:Lonely tree in blue.jpg,https://commons.wikimedia.org/wiki/File:Lonely_tree_in_blue.jpg,https://thumb.wikimedia.org/wikipedia/commons/thumb/5/5a/Lonely_tree_in_blue.jpg/1280px-Lonely_tree_in_blue.jpg?utm_source=commons.wikimedia.org&utm_campaign=imageinfo&utm_content=thumbnail,4032,3024,Անժի92,CC BY-SA 4.0,,unknown,Category:CC-BY-SA-4.0|Category:Files with coordinates missing SDC location of creation|Category:Self-published work|Category:Solitary trees
835,00835.jpg,File:Lonely tree in fog.jpg,https://commons.wikimedia.org/wiki/File:Lonely_tree_in_fog.jpg,https://thumb.wikimedia.org/wikipedia/commons/thumb/1/10/Lonely_tree_in_fog.jpg/1280px-Lonely_tree_in_fog.jpg?utm_source=commons.wikimedia.org&utm_campaign=imageinfo&utm_content=thumbnail,2048,1536,Bharat Bhusan Sahoo,CC BY-SA 4.0,,unknown,Category:CC-BY-SA-4.0|Category:Media needing category review as of 21 September 2021|Category:Self-published work|Category:Solitary trees|Category:Unidentified nature
836,00836.jpg,File:Lonely tree in the sandy fields.jpg,https://commons.wikimedia.org/wiki/File:Lonely_tree_in_the_sandy_fields.jpg,https://thumb.wikimedia.org/wikipedia/commons/thumb/2/2e/Lonely_tree_in_the_sandy_fields.jpg/1280px-Lonely_tree_in_the_sandy_fields.jpg?utm_source=commons.wikimedia.org&utm_campaign=imageinfo&utm_content=thumbnail,4608,3456,Ulet Natalius,CC BY-SA 4.0,,unknown,Category:Bromo Tengger Semeru National Park|Category:CC-BY-SA-4.0|Category:Files with coordinates missing SDC location of creation|Category:Images from Wiki Loves Earth 2017 in Indonesia|Category:Indonesia photographs taken on 2017-03-28|Category:Self-published work|Category:Solitary trees|Category:Unidentified trees in Indonesia|Category:Volcanic ash in Indonesia
837,00837.jpg,File:Lonely. (49275078177).jpg,https://commons.wikimedia.org/wiki/File:Lonely._(49275078177).jpg,https://thumb.wikimedia.org/wikipedia/commons/thumb/6/68/Lonely._%2849275078177%29.jpg/1280px-Lonely._%2849275078177%29.jpg?utm_source=commons.wikimedia.org&utm_campaign=imageinfo&utm_content=thumbnail,3024,4032,"Martin Fisch from Wiesbaden, Germany",CC BY 2.0,,unknown,"Category:CC-BY-2.0|Category:Files with coordinates missing SDC location of creation (50° N, 7° E)|Category:Flickr images reviewed by FlickreviewR 2|Category:Solitary trees"
838,00838.jpg,File:Lonetree2southderbys.jpg,https://commons.wikimedia.org/wiki/File:Lonetree2southderbys.jpg,https://thumb.wikimedia.org/wikipedia/commons/thumb/5/5b/Lonetree2southderbys.jpg/1280px-Lonetree2southderbys.jpg?utm_source=commons.wikimedia.org&utm_campaign=imageinfo&utm_content=thumbnail,2538,3872,Shieladixon,CC BY-SA 4.0,,unknown,Category:CC-BY-SA-4.0|Category:Self-published work|Category:Solitary trees in the United Kingdom
839,00839.jpg,File:Lonetreeinrapefield.jpg,https://commons.wikimedia.org/wiki/File:Lonetreeinrapefield.jpg,https://thumb.wikimedia.org/wikipedia/commons/thumb/b/bf/Lonetreeinrapefield.jpg/1280px-Lonetreeinrapefield.jpg?utm_source=commons.wikimedia.org&utm_campaign=imageinfo&utm_content=thumbnail,2514,2068,Whippetsgalore,CC BY-SA 4.0,,unknown,Category:CC-BY-SA-4.0|Category:Self-published work|Category:Solitary trees
840,00840.jpg,File:Lonetreesomewhere.jpg,https://commons.wikimedia.org/wiki/File:Lonetreesomewhere.jpg,https://upload.wikimedia.org/wikipedia/commons/1/1d/Lonetreesomewhere.jpg?utm_source=commons.wikimedia.org&utm_campaign=imageinfo&utm_content=thumbnail_unscaled,1280,857,Shieladixon,CC BY-SA 4.0,,unknown,Category:CC-BY-SA-4.0|Category:Self-published work|Category:Solitary trees
841,00841.jpg,File:Long island snow day (24210065774).jpg,https://commons.wikimedia.org/wiki/File:Long_island_snow_day_(24210065774).jpg,https://thumb.wikimedia.org/wikipedia/commons/thumb/5/55/Long_island_snow_day_%2824210065774%29.jpg/1280px-Long_island_snow_day_%2824210065774%29.jpg?utm_source=commons.wikimedia.org&utm_campaign=imageinfo&utm_content=thumbnail,3011,2091,"Terry Ballard from Merrick, New York, USA",CC BY 2.0,,unknown,Category:CC-BY-2.0|Category:Files uploaded by Orizan|Category:Flickr images missing SDC published in|Category:Flickr images reviewed by FlickreviewR 2|Category:Solitary trees in the United States|Category:Winter
842,00842.jpg,File:Los Roques Venezuela.jpg,https://commons.wikimedia.org/wiki/File:Los_Roques_Venezuela.jpg,https://thumb.wikimedia.org/wikipedia/commons/thumb/b/b2/Los_Roques_Venezuela.jpg/1280px-Los_Roques_Venezuela.jpg?utm_source=commons.wikimedia.org&utm_campaign=imageinfo&utm_content=thumbnail,2048,1536,Rodrigo Accurcio,CC BY 2.0,,unknown,Category:April 2004 in Venezuela|Category:Beach vegetation in Venezuela|Category:CC-BY-2.0|Category:Flickr images reviewed by trusted users|Category:Nature of Los Roques archipelago|Category:Photographs taken on 2004-04-17|Category:Solitary trees in Venezuela|Category:Trees in 2004
843,00843.jpg,File:Maastricht OldHickoryplein (1).JPG,https://commons.wikimedia.org/wiki/File:Maastricht_OldHickoryplein_(1).JPG,https://thumb.wikimedia.org/wikipedia/commons/thumb/d/d4/Maastricht_OldHickoryplein_%281%29.JPG/1280px-Maastricht_OldHickoryplein_%281%29.JPG?utm_source=commons.wikimedia.org&utm_campaign=imageinfo&utm_content=thumbnail,3000,4000,Haranders,CC BY-SA 3.0 nl,Carya,broadleaf,Category:2014 in Maastricht|Category:CC-BY-SA-3.0-NL|Category:Images from War Memorials Netherlands 2014|Category:Netherlands photographs taken on 2014-04-20|Category:Old Hickoryplein (Maastricht)|Category:Self-published work|Category:Solitary trees in the Netherlands|Category:Taken with Canon PowerShot SX270 HS|Category:Unidentified Carya|Category:Uploaded via Campaign:WarMemorialsNetherlands|Category:War memorials in the Netherlands with known IDs|Category:World War II memorials in Maastricht
844,00844.jpg,File:Magical sunset tree.jpg,https://commons.wikimedia.org/wiki/File:Magical_sunset_tree.jpg,https://thumb.wikimedia.org/wikipedia/commons/thumb/1/13/Magical_sunset_tree.jpg/1280px-Magical_sunset_tree.jpg?utm_source=commons.wikimedia.org&utm_campaign=imageinfo&utm_content=thumbnail,5184,3456,H.alhajji,CC BY-SA 4.0,,unknown,Category:CC-BY-SA-4.0|Category:Files with coordinates missing SDC location of creation|Category:Images from Wiki Loves Earth 2016|Category:Images from Wiki Loves Earth 2016 in Morocco|Category:Images from Wiki Loves Earth missing SDC depicts|Category:Images from Wiki Loves Earth missing SDC location of creation|Category:Landscapes of Morocco|Category:Morocco photographs taken on 2015-04-12|Category:Self-published work|Category:Solitary trees|Category:Sunsets of Morocco|Category:Trees at sunset in Morocco|Category:Uploaded via Campaign:wle-ma
845,00845.jpg,File:Magnificent solitary Cedrus deodara in London (200321111).jpg,https://commons.wikimedia.org/wiki/File:Magnificent_solitary_Cedrus_deodara_in_London_(200321111).jpg,https://thumb.wikimedia.org/wikipedia/commons/thumb/9/9a/Magnificent_solitary_Cedrus_deodara_in_London_%28200321111%29.jpg/1280px-Magnificent_solitary_Cedrus_deodara_in_London_%28200321111%29.jpg?utm_source=commons.wikimedia.org&utm_campaign=imageinfo&utm_content=thumbnail,1536,2048,Jorge Cortell,CC BY 3.0,Cedrus,conifer,"Category:2015 in the London Borough of Hounslow|Category:CC-BY-3.0|Category:Cedrus deodara in the United Kingdom|Category:Files with coordinates missing SDC location of creation (51° N, 1° W)|Category:Green spaces in the London Borough of Hounslow|Category:Photos imported with import-500px|Category:Solitary trees in the United Kingdom|Category:Trees in the London Borough of Hounslow"
846,00846.jpg,File:Mali Trn - kapelica zahodno od cerkve sv. Duha.jpg,https://commons.wikimedia.org/wiki/File:Mali_Trn_-_kapelica_zahodno_od_cerkve_sv._Duha.jpg,https://upload.wikimedia.org/wikipedia/commons/0/06/Mali_Trn_-_kapelica_zahodno_od_cerkve_sv._Duha.jpg?utm_source=commons.wikimedia.org&utm_campaign=imageinfo&utm_content=thumbnail_unscaled,1024,768,Miran Hladnik,CC BY-SA 2.5 si,,unknown,Category:20th-century chapels in Slovenia|Category:CC-BY-SA-2.5-SI|Category:Files from external sources with reviewed licenses|Category:Mali Trn|Category:Pyramid roofs in Slovenia|Category:Red roofs|Category:Self-published work|Category:Solitary trees in Slovenia|Category:Taken with Panasonic Lumix DMC-FZ28|Category:Wayside chapels in Slovenia
847,00847.jpg,File:Man on a boat between Reni and Ismail (60-ies). (6193892221).jpg,https://commons.wikimedia.org/wiki/File:Man_on_a_boat_between_Reni_and_Ismail_(60-ies)._(6193892221).jpg,https://upload.wikimedia.org/wikipedia/commons/8/8a/Man_on_a_boat_between_Reni_and_Ismail_%2860-ies%29._%286193892221%29.jpg?utm_source=commons.wikimedia.org&utm_campaign=imageinfo&utm_content=thumbnail_unscaled,800,800,"Ion Chibzii from Chisinau. , Moldova.",CC BY-SA 2.0,Salix,broadleaf,Category:Black and white photographs of Ukraine in the 1960s|Category:Black and white photographs of men in Ukraine|Category:Black and white photographs of standing men in Ukraine|Category:Black and white square photos of people|Category:Boats in Izmail Raion|Category:CC-BY-SA-2.0|Category:Dawn in Odesa Oblast|Category:Files from Ion Chibzii Flickr stream|Category:Flickr images reviewed by FlickreviewR|Category:Historical images of vehicles in Ukraine|Category:Odesa Oblast in the 1960s|Category:People of Izmail Raion|Category:Salix in Odesa Oblast|Category:Solitary trees in Ukraine|Category:Square photos of Ukraine|Category:Trees in Izmail Raion|Category:Unidentified year in Ukraine (1960s)|Category:Views of Izmail Raion|Category:Water transport on the Danube
848,00848.jpg,File:Mangere Mountain Path To Summit.jpg,https://commons.wikimedia.org/wiki/File:Mangere_Mountain_Path_To_Summit.jpg,https://thumb.wikimedia.org/wikipedia/commons/thumb/c/c1/Mangere_Mountain_Path_To_Summit.jpg/1280px-Mangere_Mountain_Path_To_Summit.jpg?utm_source=commons.wikimedia.org&utm_campaign=imageinfo&utm_content=thumbnail,1600,1200,Ingolfson,Public domain,,unknown,Category:2008 in Auckland|Category:2008 photographs of New Zealand|Category:Files with coordinates missing SDC location of creation|Category:Māngere Mountain|Category:Māngere Mountain in 2008|Category:PD-self|Category:Paths in Auckland Region|Category:Photos taken by Ingolfson|Category:Self-published work|Category:Solitary trees|Category:Trees in New Zealand
849,00849.jpg,File:Mangrove Ashtamudi Kollam Kerala Mar22 A7C 01464.jpg,https://commons.wikimedia.org/wiki/File:Mangrove_Ashtamudi_Kollam_Kerala_Mar22_A7C_01464.jpg,https://thumb.wikimedia.org/wikipedia/commons/thumb/e/e8/Mangrove_Ashtamudi_Kollam_Kerala_Mar22_A7C_01464.jpg/1280px-Mangrove_Ashtamudi_Kollam_Kerala_Mar22_A7C_01464.jpg?utm_source=commons.wikimedia.org&utm_campaign=imageinfo&utm_content=thumbnail,1378,1852,"This Photo was taken by Timothy A. Gonsalves.  Feel free to use my photos, but please mention me as the author.  I would",CC BY-SA 4.0,,unknown,"Category:Ashtamudi Lake|Category:Black, blue, green, white|Category:CC-BY-SA-4.0|Category:Extracted images|Category:Featured minimalist photos|Category:Featured pictures by Tagooty|Category:Featured pictures of India by Tagooty|Category:Featured pictures of Kerala|Category:Featured pictures of Kerala by Tagooty|Category:Featured pictures of lakes in India|Category:Featured pictures of landscapes in India|Category:Featured pictures of plants in India|Category:Featured pictures of trees|Category:Featured pictures on Wikipedia, Bengali|Category:Images by User:Tagooty|Category:Images by User:Tagooty/India|Category:India photographs taken on 2022-03-05|Category:Mangroves in Kollam district|Category:March 2022 in Kerala|Category:Nature of Kollam|Category:Picture of the day by Tagooty|Category:Pictures of the Year (finalist) by Tagooty|Category:Reflections in lakes in India|Category:Self-published work|Category:Solitary trees in India|Category:Taken with Sony ILCE-7C|Category:Unidentified Avicennia"
850,00850.jpg,"File:Mangrove, Lamongan Regency, East Java, Indonesia 1.jpg","https://commons.wikimedia.org/wiki/File:Mangrove,_Lamongan_Regency,_East_Java,_Indonesia_1.jpg",https://thumb.wikimedia.org/wikipedia/commons/thumb/c/c0/Mangrove%2C_Lamongan_Regency%2C_East_Java%2C_Indonesia_1.jpg/1280px-Mangrove%2C_Lamongan_Regency%2C_East_Java%2C_Indonesia_1.jpg?utm_source=commons.wikimedia.org&utm_campaign=imageinfo&utm_content=thumbnail,6000,4000,Rizaldby,CC BY-SA 4.0,,unknown,Category:2017 in East Java|Category:CC-BY-SA-4.0|Category:Clouds at sunset in Indonesia|Category:Dusk in Indonesia|Category:June 2017 in Indonesia|Category:Lamongan Regency|Category:Long exposure photography of landscapes|Category:Long exposures (coasts)|Category:Mangroves in Java|Category:Nature of East Java|Category:Photographs taken on 2017-06-28|Category:Self-published work|Category:Solitary trees in Indonesia|Category:Trees at sunset in Indonesia|Category:Trees in June 2017
851,00851.jpg,"File:Mangrove, Lamongan Regency, East Java, Indonesia 2.jpg","https://commons.wikimedia.org/wiki/File:Mangrove,_Lamongan_Regency,_East_Java,_Indonesia_2.jpg",https://thumb.wikimedia.org/wikipedia/commons/thumb/b/b5/Mangrove%2C_Lamongan_Regency%2C_East_Java%2C_Indonesia_2.jpg/1280px-Mangrove%2C_Lamongan_Regency%2C_East_Java%2C_Indonesia_2.jpg?utm_source=commons.wikimedia.org&utm_campaign=imageinfo&utm_content=thumbnail,6000,4000,Rizaldby,CC BY-SA 4.0,,unknown,Category:2017 in East Java|Category:CC-BY-SA-4.0|Category:Clouds at sunset in Indonesia|Category:Dusk in Indonesia|Category:Exposure time 13 sec|Category:June 2017 in Indonesia|Category:Lamongan Regency|Category:Long exposure photography of landscapes|Category:Long exposures (coasts)|Category:Mangroves in Java|Category:Nature of East Java|Category:Photographs taken on 2017-06-28|Category:Self-published work|Category:Solitary trees in Indonesia|Category:Trees at sunset in Indonesia
852,00852.jpg,File:Marian Chinciusan 2014 (Unsplash).jpg,https://commons.wikimedia.org/wiki/File:Marian_Chinciusan_2014_(Unsplash).jpg,https://thumb.wikimedia.org/wikipedia/commons/thumb/f/fa/Marian_Chinciusan_2014_%28Unsplash%29.jpg/1280px-Marian_Chinciusan_2014_%28Unsplash%29.jpg?utm_source=commons.wikimedia.org&utm_campaign=imageinfo&utm_content=thumbnail,3872,2592,Marian Chinciusan ralea1313,CC0,,unknown,Category:CC-Zero|Category:Images from Unsplash|Category:Images from Unsplash (review needed)|Category:Images uploaded by Fæ|Category:Solitary trees|Category:Trees with browse line
853,00853.jpg,File:Martinja vas pri Mokronogu - cerkev sv. Miklavža.jpg,https://commons.wikimedia.org/wiki/File:Martinja_vas_pri_Mokronogu_-_cerkev_sv._Miklav%C5%BEa.jpg,https://upload.wikimedia.org/wikipedia/commons/6/60/Martinja_vas_pri_Mokronogu_-_cerkev_sv._Miklav%C5%BEa.jpg?utm_source=commons.wikimedia.org&utm_campaign=imageinfo&utm_content=thumbnail_unscaled,1024,768,Miran Hladnik,CC BY-SA 2.5 si,Tilia,broadleaf,Category:Baroque church towers in Slovenia|Category:CC-BY-SA-2.5-SI|Category:Files from external sources with reviewed licenses|Category:Meadows in Slovenia|Category:Self-published work|Category:Solitary trees in Slovenia|Category:SpomenikSVN warning|Category:St. Nicholas's Church (Martinja Vas pri Mokronogu)|Category:Taken with Panasonic Lumix DMC-FZ28|Category:Terraces in Slovenia|Category:Tilia platyphyllos in Slovenia
854,00854.jpg,File:Maruleira (497014989).jpg,https://commons.wikimedia.org/wiki/File:Maruleira_(497014989).jpg,https://upload.wikimedia.org/wikipedia/commons/3/3d/Maruleira_%28497014989%29.jpg?utm_source=commons.wikimedia.org&utm_campaign=imageinfo&utm_content=thumbnail_unscaled,1280,960,Leandro Neumann Ciuffo,CC BY 2.0,,unknown,Category:Anacardiaceae in Mozambique|Category:CC-BY-2.0|Category:Files with coordinates missing SDC location of creation|Category:Flickr images reviewed by File Upload Bot (Magnus Manske)|Category:Huts in Mozambique|Category:Photographs by Leandro Ciuffo|Category:Sapindales in Mozambique|Category:Sclerocarya birrea|Category:Solitary trees|Category:Taken with Panasonic Lumix DMC-LZ3|Category:Trees in Mozambique
855,00855.jpg,File:Masterson Station Park Tree.jpg,https://commons.wikimedia.org/wiki/File:Masterson_Station_Park_Tree.jpg,https://thumb.wikimedia.org/wikipedia/commons/thumb/6/65/Masterson_Station_Park_Tree.jpg/1280px-Masterson_Station_Park_Tree.jpg?utm_source=commons.wikimedia.org&utm_campaign=imageinfo&utm_content=thumbnail,2272,1704,"Jim from Lexington, KY, USA",CC BY-SA 2.0,,unknown,"Category:CC-BY-SA-2.0|Category:Fall foliage in the United States|Category:Flickr images reviewed by FlickreviewR|Category:Lexington, Kentucky|Category:Parks in Kentucky|Category:Solitary trees|Category:Solitary trees in the United States|Category:Taken with Nikon Coolpix 4300|Category:Trees and sky in the United States"
856,00856.jpg,"File:Matanaka - Granary, Privy & Schoolhouse.jpg","https://commons.wikimedia.org/wiki/File:Matanaka_-_Granary,_Privy_%26_Schoolhouse.jpg",https://thumb.wikimedia.org/wikipedia/commons/thumb/9/9a/Matanaka_-_Granary%2C_Privy_%26_Schoolhouse.jpg/1280px-Matanaka_-_Granary%2C_Privy_%26_Schoolhouse.jpg?utm_source=commons.wikimedia.org&utm_campaign=imageinfo&utm_content=thumbnail,3900,2613,Karora,Public domain,Eucalyptus,broadleaf,"Category:Assessment tagged pages marked as POTY candidates|Category:Eucalyptus in New Zealand|Category:Featured photographs in the public domain|Category:Featured pictures of toilets|Category:Featured pictures on Wikimedia Commons|Category:Featured pictures on Wikipedia, English|Category:Files with coordinates missing SDC location of creation|Category:Matanaka Farm|Category:New Zealand photographs taken on 2008-04-23|Category:PD-self|Category:Pictures of the Year (2009)|Category:Pictures of the Year (candidate)|Category:Self-published work|Category:Solitary trees|Category:Taken with Nikon D80|Category:Toilets in New Zealand"
857,00857.jpg,"File:Mauritania, desierto 1997 10.jpg","https://commons.wikimedia.org/wiki/File:Mauritania,_desierto_1997_10.jpg",https://upload.wikimedia.org/wikipedia/commons/6/67/Mauritania%2C_desierto_1997_10.jpg?utm_source=commons.wikimedia.org&utm_campaign=imageinfo&utm_content=thumbnail_unscaled,1073,692,LBM1948,CC BY-SA 4.0,,unknown,Category:1997 in Mauritania|Category:CC-BY-SA-4.0|Category:Dunes of Mauritania|Category:Photographs by LBM1948|Category:Self-published work|Category:Solitary trees in Mauritania
858,00858.jpg,"File:Mauritania, desierto 1997 11.jpg","https://commons.wikimedia.org/wiki/File:Mauritania,_desierto_1997_11.jpg",https://upload.wikimedia.org/wikipedia/commons/0/0c/Mauritania%2C_desierto_1997_11.jpg?utm_source=commons.wikimedia.org&utm_campaign=imageinfo&utm_content=thumbnail_unscaled,1057,687,LBM1948,CC BY-SA 4.0,,unknown,Category:1997 in Mauritania|Category:CC-BY-SA-4.0|Category:Deserts of Mauritania|Category:Dune blowouts in Mauritania|Category:Photographs by LBM1948|Category:Self-published work|Category:Solitary trees in Mauritania
859,00859.jpg,"File:Maňová (Pernštejnské Jestřabí), kvetoucí strom (0500).jpg","https://commons.wikimedia.org/wiki/File:Ma%C5%88ov%C3%A1_(Pern%C5%A1tejnsk%C3%A9_Jest%C5%99ab%C3%AD),_kvetouc%C3%AD_strom_(0500).jpg",https://thumb.wikimedia.org/wikipedia/commons/thumb/d/dd/Ma%C5%88ov%C3%A1_%28Pern%C5%A1tejnsk%C3%A9_Jest%C5%99ab%C3%AD%29%2C_kvetouc%C3%AD_strom_%280500%29.jpg/1280px-Ma%C5%88ov%C3%A1_%28Pern%C5%A1tejnsk%C3%A9_Jest%C5%99ab%C3%AD%29%2C_kvetouc%C3%AD_strom_%280500%29.jpg?utm_source=commons.wikimedia.org&utm_campaign=imageinfo&utm_content=thumbnail,3888,2592,Martin Strachoň,CC BY-SA 4.0,,unknown,"Category:Brněnské focení, 2016-04-16|Category:CC-BY-SA-4.0|Category:Files with coordinates missing SDC location of creation|Category:Maňová (Pernštejnské Jestřabí)|Category:Photos by User:Bazi|Category:Solitary trees in the Czech Republic|Category:Trees in flower|Category:Unidentified trees in the Czech Republic"
860,00860.jpg,File:Medis prie Stūriškių.JPG,https://commons.wikimedia.org/wiki/File:Medis_prie_St%C5%ABri%C5%A1ki%C5%B3.JPG,https://thumb.wikimedia.org/wikipedia/commons/thumb/2/2d/Medis_prie_St%C5%ABri%C5%A1ki%C5%B3.JPG/1280px-Medis_prie_St%C5%ABri%C5%A1ki%C5%B3.JPG?utm_source=commons.wikimedia.org&utm_campaign=imageinfo&utm_content=thumbnail,2816,2112,Vilensija,CC BY-SA 3.0,,unknown,Category:CC-BY-SA-3.0|Category:Files with coordinates missing SDC location of creation|Category:Self-published work|Category:Solitary trees in Lithuania|Category:Stūriškiai|Category:Taken with Panasonic Lumix DMC-FZ7
861,00861.jpg,File:Meenakshipura4.jpg,https://commons.wikimedia.org/wiki/File:Meenakshipura4.jpg,https://upload.wikimedia.org/wikipedia/commons/b/b9/Meenakshipura4.jpg?utm_source=commons.wikimedia.org&utm_campaign=imageinfo&utm_content=thumbnail_unscaled,1100,753,Kashyap.prajwal,CC BY-SA 4.0,,unknown,Category:CC-BY-SA-4.0|Category:Krishna Raja Sagara reservoir|Category:Self-published work|Category:Solitary trees|Category:Unidentified trees
862,00862.jpg,File:Membrío (Cáceres) - panoramio (3).jpg,https://commons.wikimedia.org/wiki/File:Membr%C3%ADo_(C%C3%A1ceres)_-_panoramio_(3).jpg,https://thumb.wikimedia.org/wikipedia/commons/thumb/7/7a/Membr%C3%ADo_%28C%C3%A1ceres%29_-_panoramio_%283%29.jpg/1280px-Membr%C3%ADo_%28C%C3%A1ceres%29_-_panoramio_%283%29.jpg?utm_source=commons.wikimedia.org&utm_campaign=imageinfo&utm_content=thumbnail,3258,2203,velomartinez,CC BY-SA 3.0,,unknown,Category:CC-BY-SA-3.0|Category:Files with coordinates missing SDC location of creation|Category:March 2013 in the province of Cáceres|Category:Membrío|Category:Panoramio files uploaded by Panoramio upload bot|Category:Panoramio images reviewed by trusted users|Category:Photos from Panoramio|Category:Sierra de San Pedro|Category:Solitary trees in Spain|Category:Spain photographs taken on 2013-03-17|Category:Trees in March 2013|Category:Trees in the province of Cáceres
863,00863.jpg,"File:Merzhanovo, Sea of Azov, Coast, Russia.jpg","https://commons.wikimedia.org/wiki/File:Merzhanovo,_Sea_of_Azov,_Coast,_Russia.jpg",https://thumb.wikimedia.org/wikipedia/commons/thumb/4/41/Merzhanovo%2C_Sea_of_Azov%2C_Coast%2C_Russia.jpg/1280px-Merzhanovo%2C_Sea_of_Azov%2C_Coast%2C_Russia.jpg?utm_source=commons.wikimedia.org&utm_campaign=imageinfo&utm_content=thumbnail,4912,3264,Vyacheslav Argenberg,CC BY 4.0,,unknown,Category:2015 in Rostov Oblast|Category:CC-BY-4.0|Category:Coast of the Sea of Azov|Category:Files with coordinates missing SDC location of creation|Category:Men wearing red trousers|Category:Merzhanovo|Category:Photos by Vyacheslav Argenberg|Category:Photos by Vyacheslav Argenberg in 2015|Category:Photos by Vyacheslav Argenberg in Russia|Category:Self-published work|Category:Solitary trees in Russia|Category:Taganrog Bay
864,00864.jpg,"File:Merzhanovo, Sea of Azov, Solitary tree, Russia.jpg","https://commons.wikimedia.org/wiki/File:Merzhanovo,_Sea_of_Azov,_Solitary_tree,_Russia.jpg",https://thumb.wikimedia.org/wikipedia/commons/thumb/c/c8/Merzhanovo%2C_Sea_of_Azov%2C_Solitary_tree%2C_Russia.jpg/1280px-Merzhanovo%2C_Sea_of_Azov%2C_Solitary_tree%2C_Russia.jpg?utm_source=commons.wikimedia.org&utm_campaign=imageinfo&utm_content=thumbnail,4912,3264,Vyacheslav Argenberg,CC BY 4.0,,unknown,Category:Beaches of the Sea of Azov|Category:CC-BY-4.0|Category:Coast of the Sea of Azov|Category:Files with coordinates missing SDC location of creation|Category:Men wearing red T-shirts|Category:Merzhanovo|Category:Photos by Vyacheslav Argenberg|Category:Photos by Vyacheslav Argenberg in 2015|Category:Photos by Vyacheslav Argenberg in Russia|Category:Red trousers|Category:Self-published work|Category:Solitary trees in Russia|Category:Taganrog Bay
865,00865.jpg,"File:Merzhanovo, Sea of Azov, Tethys Ocean, Russia.jpg","https://commons.wikimedia.org/wiki/File:Merzhanovo,_Sea_of_Azov,_Tethys_Ocean,_Russia.jpg",https://thumb.wikimedia.org/wikipedia/commons/thumb/6/61/Merzhanovo%2C_Sea_of_Azov%2C_Tethys_Ocean%2C_Russia.jpg/1280px-Merzhanovo%2C_Sea_of_Azov%2C_Tethys_Ocean%2C_Russia.jpg?utm_source=commons.wikimedia.org&utm_campaign=imageinfo&utm_content=thumbnail,4912,3264,Vyacheslav Argenberg,CC BY 4.0,,unknown,Category:CC-BY-4.0|Category:Coast of the Sea of Azov|Category:Files with coordinates missing SDC location of creation|Category:Geology of Russia|Category:Men wearing red trousers|Category:Photos by Vyacheslav Argenberg|Category:Photos by Vyacheslav Argenberg in 2015|Category:Photos by Vyacheslav Argenberg in Russia|Category:Self-published work|Category:Solitary trees in Russia|Category:Taganrog Bay
866,00866.jpg,"File:Merzhanovo, Tethys Ocean, Russia.jpg","https://commons.wikimedia.org/wiki/File:Merzhanovo,_Tethys_Ocean,_Russia.jpg",https://thumb.wikimedia.org/wikipedia/commons/thumb/2/21/Merzhanovo%2C_Tethys_Ocean%2C_Russia.jpg/1280px-Merzhanovo%2C_Tethys_Ocean%2C_Russia.jpg?utm_source=commons.wikimedia.org&utm_campaign=imageinfo&utm_content=thumbnail,4912,3264,Vyacheslav Argenberg,CC BY 4.0,,unknown,Category:2015 in Rostov Oblast|Category:Beaches of the Sea of Azov|Category:CC-BY-4.0|Category:Coast of the Sea of Azov|Category:Files with coordinates missing SDC location of creation|Category:Geology of Russia|Category:Merzhanovo|Category:Photos by Vyacheslav Argenberg|Category:Photos by Vyacheslav Argenberg in 2015|Category:Photos by Vyacheslav Argenberg in Russia|Category:Self-published work|Category:Solitary trees in Russia|Category:Taganrog Bay
867,00867.jpg,"File:Mid Devon , Lonely Tree ^ Lonely Cloud - geograph.org.uk - 1991150.jpg","https://commons.wikimedia.org/wiki/File:Mid_Devon_,_Lonely_Tree_%5E_Lonely_Cloud_-_geograph.org.uk_-_1991150.jpg",https://thumb.wikimedia.org/wikipedia/commons/thumb/9/92/Mid_Devon_%2C_Lonely_Tree_%5E_Lonely_Cloud_-_geograph.org.uk_-_1991150.jpg/1280px-Mid_Devon_%2C_Lonely_Tree_%5E_Lonely_Cloud_-_geograph.org.uk_-_1991150.jpg?utm_source=commons.wikimedia.org&utm_campaign=imageinfo&utm_content=thumbnail,4288,2848,Lewis Clarke,CC BY-SA 2.0,,unknown,"Category:CC-BY-SA-2.0|Category:Cumulus fractus|Category:Images from Geograph Britain and Ireland|Category:Solitary trees in the United Kingdom|Category:Tiverton, Devon"
868,00868.jpg,File:Mikumi (3200315041).jpg,https://commons.wikimedia.org/wiki/File:Mikumi_(3200315041).jpg,https://thumb.wikimedia.org/wikipedia/commons/thumb/1/1b/Mikumi_%283200315041%29.jpg/1280px-Mikumi_%283200315041%29.jpg?utm_source=commons.wikimedia.org&utm_campaign=imageinfo&utm_content=thumbnail,1514,1009,mwanasimba from La Réunion,CC BY-SA 2.0,,unknown,Category:1981 photographs of Tanzania|Category:CC-BY-SA-2.0|Category:Files from mwanasimba Flickr stream|Category:Flickr images reviewed by File Upload Bot (Magnus Manske)|Category:Landscapes of Mikumi National Park|Category:Solitary trees in Tanzania
869,00869.jpg,File:Mikumi National Park (3179062711).jpg,https://commons.wikimedia.org/wiki/File:Mikumi_National_Park_(3179062711).jpg,https://thumb.wikimedia.org/wikipedia/commons/thumb/e/e3/Mikumi_National_Park_%283179062711%29.jpg/1280px-Mikumi_National_Park_%283179062711%29.jpg?utm_source=commons.wikimedia.org&utm_campaign=imageinfo&utm_content=thumbnail,1799,1199,mwanasimba from La Réunion,CC BY-SA 2.0,,unknown,Category:1978 in Tanzania|Category:1978 photographs|Category:CC-BY-SA-2.0|Category:Files from mwanasimba Flickr stream|Category:Files with coordinates missing SDC location of creation|Category:Flickr images missing SDC inception|Category:Flickr images reviewed by File Upload Bot (Magnus Manske)|Category:Landscapes of Mikumi National Park|Category:Solitary trees in Tanzania
870,00870.jpg,File:Mikumi National Park (3186898980).jpg,https://commons.wikimedia.org/wiki/File:Mikumi_National_Park_(3186898980).jpg,https://thumb.wikimedia.org/wikipedia/commons/thumb/f/fd/Mikumi_National_Park_%283186898980%29.jpg/1280px-Mikumi_National_Park_%283186898980%29.jpg?utm_source=commons.wikimedia.org&utm_campaign=imageinfo&utm_content=thumbnail,1798,1199,mwanasimba from La Réunion,CC BY-SA 2.0,,unknown,Category:1979 in Tanzania|Category:1979 photographs|Category:CC-BY-SA-2.0|Category:Files from mwanasimba Flickr stream|Category:Flickr images reviewed by File Upload Bot (Magnus Manske)|Category:Landscapes of Mikumi National Park|Category:Solitary trees in Tanzania
871,00871.jpg,File:Mikumi camp (3195407823).jpg,https://commons.wikimedia.org/wiki/File:Mikumi_camp_(3195407823).jpg,https://thumb.wikimedia.org/wikipedia/commons/thumb/0/02/Mikumi_camp_%283195407823%29.jpg/1280px-Mikumi_camp_%283195407823%29.jpg?utm_source=commons.wikimedia.org&utm_campaign=imageinfo&utm_content=thumbnail,1799,1199,mwanasimba from La Réunion,CC BY-SA 2.0,,unknown,Category:1980s photographs of Tanzania|Category:CC-BY-SA-2.0|Category:Files from mwanasimba Flickr stream|Category:Flickr images reviewed by File Upload Bot (Magnus Manske)|Category:Landscapes of Mikumi National Park|Category:Solitary trees in Tanzania
872,00872.jpg,File:Misty November morning in Pennsylvania.jpg,https://commons.wikimedia.org/wiki/File:Misty_November_morning_in_Pennsylvania.jpg,https://thumb.wikimedia.org/wikipedia/commons/thumb/5/59/Misty_November_morning_in_Pennsylvania.jpg/1280px-Misty_November_morning_in_Pennsylvania.jpg?utm_source=commons.wikimedia.org&utm_campaign=imageinfo&utm_content=thumbnail,7841,5230,Donald Olszewski,CC BY 4.0,,unknown,Category:CC-BY-4.0|Category:Flickr images missing SDC published in|Category:Flickr images reviewed by FlickreviewR 2|Category:Fog in Pennsylvania|Category:Misty mornings in the United States|Category:November 2025 in Pennsylvania|Category:Photographs by Donald Olszewski|Category:Solitary trees in the United States|Category:Taken with Canon EOS R5|Category:Taken with Canon RF 70-200mm F4 L IS USM|Category:Trees in Pennsylvania|Category:United States photographs taken on 2025-11-26
873,00873.jpg,File:Mor Gabriel Manastırı 4.jpg,https://commons.wikimedia.org/wiki/File:Mor_Gabriel_Manast%C4%B1r%C4%B1_4.jpg,https://thumb.wikimedia.org/wikipedia/commons/thumb/b/ba/Mor_Gabriel_Manast%C4%B1r%C4%B1_4.jpg/1280px-Mor_Gabriel_Manast%C4%B1r%C4%B1_4.jpg?utm_source=commons.wikimedia.org&utm_campaign=imageinfo&utm_content=thumbnail,3000,4000,Kaya Elifnur 72,CC BY-SA 4.0,,unknown,Category:Arch windows in Turkey|Category:Barred windows in Turkey|Category:CC-BY-SA-4.0|Category:Files with coordinates missing SDC location of creation|Category:Mor Gabriel Monastery|Category:Self-published work|Category:Semi-circular arches|Category:Solitary trees in Turkey|Category:Turkey photographs taken on 2023-04-26|Category:Uploaded with Mobile/Android
874,00874.jpg,File:Moringa ovalifolia - Sprokiesboom-1149 - Flickr - Ragnhild & Neil Crawford.jpg,https://commons.wikimedia.org/wiki/File:Moringa_ovalifolia_-_Sprokiesboom-1149_-_Flickr_-_Ragnhild_%26_Neil_Crawford.jpg,https://thumb.wikimedia.org/wikipedia/commons/thumb/c/c6/Moringa_ovalifolia_-_Sprokiesboom-1149_-_Flickr_-_Ragnhild_%26_Neil_Crawford.jpg/1280px-Moringa_ovalifolia_-_Sprokiesboom-1149_-_Flickr_-_Ragnhild_%26_Neil_Crawford.jpg?utm_source=commons.wikimedia.org&utm_campaign=imageinfo&utm_content=thumbnail,1400,933,Ragnhild&amp;Neil Crawford from Sweden,CC BY-SA 2.0,,unknown,Category:CC-BY-SA-2.0|Category:Flickr images reviewed by FlickreviewR 2|Category:Flora of Swakopmund|Category:Media needing category review as of 7 January 2019|Category:Moringa ovalifolia|Category:Photographs by Ragnhild and Neil Crawford|Category:Solitary trees in Namibia
875,00875.jpg,File:Morning in the mountains - Flickr - Ted Moravec.jpg,https://commons.wikimedia.org/wiki/File:Morning_in_the_mountains_-_Flickr_-_Ted_Moravec.jpg,https://thumb.wikimedia.org/wikipedia/commons/thumb/7/72/Morning_in_the_mountains_-_Flickr_-_Ted_Moravec.jpg/1280px-Morning_in_the_mountains_-_Flickr_-_Ted_Moravec.jpg?utm_source=commons.wikimedia.org&utm_campaign=imageinfo&utm_content=thumbnail,1800,1800,Ted Moravec,CC0,,unknown,Category:CC-Zero|Category:Czech Republic photographs taken on 2022-05-19|Category:Files with coordinates missing SDC location of creation|Category:Flickr files uploaded by Red panda bot|Category:Flickr images reviewed by FlickreviewR 2|Category:Photographs by Ted Moravec|Category:Photos in Flickr Explore|Category:Solitary trees|Category:Trees in the Czech Republic (unidentified location)
876,00876.jpg,"File:Morscher Baumstamm im Gurieb, Simplon Namibia (2017).jpg","https://commons.wikimedia.org/wiki/File:Morscher_Baumstamm_im_Gurieb,_Simplon_Namibia_(2017).jpg",https://thumb.wikimedia.org/wikipedia/commons/thumb/c/ce/Morscher_Baumstamm_im_Gurieb%2C_Simplon_Namibia_%282017%29.jpg/1280px-Morscher_Baumstamm_im_Gurieb%2C_Simplon_Namibia_%282017%29.jpg?utm_source=commons.wikimedia.org&utm_campaign=imageinfo&utm_content=thumbnail,4928,3264,Olga Ernst  &amp;  Hp.Baumeler,CC BY-SA 4.0,,unknown,Category:CC-BY-SA-4.0|Category:Dead trees in Namibia|Category:Files with coordinates missing SDC location of creation|Category:Gurieb|Category:Namibia photographs taken on 2017-04-23|Category:Self-published work|Category:Simplon (Namibia)|Category:Solitary trees in Namibia
877,00877.jpg,File:Moynamoti-2.jpg,https://commons.wikimedia.org/wiki/File:Moynamoti-2.jpg,https://thumb.wikimedia.org/wikipedia/commons/thumb/d/d9/Moynamoti-2.jpg/1280px-Moynamoti-2.jpg?utm_source=commons.wikimedia.org&utm_campaign=imageinfo&utm_content=thumbnail,3264,2448,Avijit Roy,CC BY-SA 3.0,,unknown,Category:CC-BY-SA-3.0|Category:December 2010 in Bangladesh|Category:GFDL|Category:Images with watermarks|Category:License migration redundant|Category:Photographs taken on 2010-12-20|Category:Self-published work|Category:Shalvan Vihara|Category:Solitary trees in Bangladesh|Category:Taken with Sony DSC-W210
878,00878.jpg,File:Mucubají sierra nevada.jpg,https://commons.wikimedia.org/wiki/File:Mucubaj%C3%AD_sierra_nevada.jpg,https://thumb.wikimedia.org/wikipedia/commons/thumb/d/d4/Mucubaj%C3%AD_sierra_nevada.jpg/1280px-Mucubaj%C3%AD_sierra_nevada.jpg?utm_source=commons.wikimedia.org&utm_campaign=imageinfo&utm_content=thumbnail,2592,1944,Nackort,CC BY-SA 3.0,,unknown,Category:CC-BY-SA-3.0|Category:Images from Wikiviajes por Venezuela 2014|Category:Laguna Mucubají|Category:Self-published work|Category:Solitary trees in Venezuela|Category:Trees in Mérida (state)|Category:Venezuela photographs taken on 2014-01-26
879,00879.jpg,File:Mulberry-tree-Broussonetia-papyrifera-p1000479.JPG,https://commons.wikimedia.org/wiki/File:Mulberry-tree-Broussonetia-papyrifera-p1000479.JPG,https://thumb.wikimedia.org/wikipedia/commons/thumb/7/72/Mulberry-tree-Broussonetia-papyrifera-p1000479.JPG/1280px-Mulberry-tree-Broussonetia-papyrifera-p1000479.JPG?utm_source=commons.wikimedia.org&utm_campaign=imageinfo&utm_content=thumbnail,2304,3072,Nevit,CC BY-SA 3.0,,unknown,Category:Broussonetia papyrifera|Category:CC-BY-SA-3.0-migrated|Category:Flora of Istanbul|Category:GFDL|Category:License migration redundant|Category:Nevit Dilmen|Category:Photographic silhouettes of trees|Category:Self-published work|Category:Solitary trees in Turkey|Category:Taken with Panasonic Lumix DMC-TZ3|Category:Trees in Turkey
880,00880.jpg,File:Museo de Bellas Artes - Caracas.JPG,https://commons.wikimedia.org/wiki/File:Museo_de_Bellas_Artes_-_Caracas.JPG,https://thumb.wikimedia.org/wikipedia/commons/thumb/4/47/Museo_de_Bellas_Artes_-_Caracas.JPG/1280px-Museo_de_Bellas_Artes_-_Caracas.JPG?utm_source=commons.wikimedia.org&utm_campaign=imageinfo&utm_content=thumbnail,3648,2736,Sara Martin,CC BY-SA 3.0,,unknown,Category:August 2012 Venezuela photographs|Category:August 2012 in Caracas|Category:CC-BY-SA-3.0|Category:Images from Wikiviajes por Venezuela 2014|Category:Museo de Bellas Artes de Caracas edificio 1|Category:Photographs taken on 2012-08-28|Category:Ponds in Venezuela|Category:Self-published work|Category:Solitary trees in Venezuela|Category:Taken with Sony DSC-HX5V
881,00881.jpg,File:Museum of Folk Architecture and Ethnography in Pyrohiv - 2017.jpg,https://commons.wikimedia.org/wiki/File:Museum_of_Folk_Architecture_and_Ethnography_in_Pyrohiv_-_2017.jpg,https://thumb.wikimedia.org/wikipedia/commons/thumb/2/20/Museum_of_Folk_Architecture_and_Ethnography_in_Pyrohiv_-_2017.jpg/1280px-Museum_of_Folk_Architecture_and_Ethnography_in_Pyrohiv_-_2017.jpg?utm_source=commons.wikimedia.org&utm_campaign=imageinfo&utm_content=thumbnail,5472,3648,Фазель Налгієв,CC BY-SA 4.0,,unknown,Category:CC-BY-SA-4.0|Category:Cultural heritage monuments in Ukraine with known IDs|Category:February 2017 in Kyiv|Category:Images from Wiki Loves Monuments 2021|Category:Images from Wiki Loves Monuments 2021 in Ukraine|Category:Leafless trees in Kyiv|Category:Museum of Folk Architecture and Ethnography in Pyrohiv|Category:Museums in Ukraine photographed in 2017|Category:Perspective views in Ukraine|Category:Self-published work|Category:Shadows of trees in Ukraine|Category:Snow tracks in Ukraine|Category:Solitary trees in Ukraine|Category:Ukraine photographs taken on 2017-02-09|Category:Uploaded via Campaign:wlm-ua|Category:Wiki Loves Monuments in Ukraine 2021 - Quality|Category:Winter landscapes in Ukraine
882,00882.jpg,"File:Mwiri Hill, Kakira 04.jpg","https://commons.wikimedia.org/wiki/File:Mwiri_Hill,_Kakira_04.jpg",https://upload.wikimedia.org/wikipedia/commons/2/2d/Mwiri_Hill%2C_Kakira_04.jpg?utm_source=commons.wikimedia.org&utm_campaign=imageinfo&utm_content=thumbnail_unscaled,1200,1600,Eachidri,CC BY-SA 4.0,,unknown,Category:CC-BY-SA-4.0|Category:Files with coordinates missing SDC location of creation|Category:Images from Wiki Loves Earth 2020|Category:Images from Wiki Loves Earth 2020 in Uganda|Category:Images from Wiki Loves Earth missing SDC depicts|Category:Images from Wiki Loves Earth missing SDC location of creation|Category:Lake Victoria in Uganda|Category:Landscapes of Uganda|Category:Mwiri Hill|Category:Self-published work|Category:Solitary trees|Category:Sugar cane|Category:Taken with itel A14|Category:Trees in Uganda|Category:Uploaded via Campaign:wle-ug
883,00883.jpg,File:My flashlight.jpg,https://commons.wikimedia.org/wiki/File:My_flashlight.jpg,https://thumb.wikimedia.org/wikipedia/commons/thumb/c/cf/My_flashlight.jpg/1280px-My_flashlight.jpg?utm_source=commons.wikimedia.org&utm_campaign=imageinfo&utm_content=thumbnail,3024,4032,Missteddybear,CC BY-SA 4.0,,unknown,Category:2017 in West Java|Category:CC-BY-SA-4.0|Category:Files with coordinates missing SDC location of creation|Category:Flora of West Java|Category:Images from Wiki Loves Earth 2017|Category:Images from Wiki Loves Earth 2017 in Indonesia|Category:Images from Wiki Loves Earth missing SDC location of creation|Category:Indonesia photographs taken on 2017-04-18|Category:Nature of Bandung|Category:Self-published work|Category:Solitary trees in Indonesia|Category:Unidentified trees in Indonesia|Category:Uploaded via Campaign:wle-id
884,00884.jpg,"File:Myrhorods'kyi district, Poltavs'ka oblast, Ukraine - panoramio (72).jpg","https://commons.wikimedia.org/wiki/File:Myrhorods%27kyi_district,_Poltavs%27ka_oblast,_Ukraine_-_panoramio_(72).jpg",https://thumb.wikimedia.org/wikipedia/commons/thumb/d/d9/Myrhorods%27kyi_district%2C_Poltavs%27ka_oblast%2C_Ukraine_-_panoramio_%2872%29.jpg/1280px-Myrhorods%27kyi_district%2C_Poltavs%27ka_oblast%2C_Ukraine_-_panoramio_%2872%29.jpg?utm_source=commons.wikimedia.org&utm_campaign=imageinfo&utm_content=thumbnail,5152,3864,юра запеченко,CC BY 3.0,,unknown,Category:CC-BY-3.0|Category:Dirt roads in Poltava Oblast|Category:Files with coordinates missing SDC location of creation|Category:Panoramio files uploaded by Panoramio upload bot|Category:Panoramio images reviewed by trusted users|Category:Photos from Panoramio|Category:Photos from Panoramio ID 7276103|Category:Solitary trees in Ukraine|Category:Ukraine photographs taken on 2015-10-18
885,00885.jpg,File:MİYAZAKİ PARKI 1.jpg,https://commons.wikimedia.org/wiki/File:M%C4%B0YAZAK%C4%B0_PARKI_1.jpg,https://thumb.wikimedia.org/wikipedia/commons/thumb/0/0c/M%C4%B0YAZAK%C4%B0_PARKI_1.jpg/1280px-M%C4%B0YAZAK%C4%B0_PARKI_1.jpg?utm_source=commons.wikimedia.org&utm_campaign=imageinfo&utm_content=thumbnail,3024,4032,ႧႤႧႰႨ ႾႠႰႨ,CC BY-SA 4.0,,unknown,Category:Atsushi Miyazaki Park|Category:CC-BY-SA-4.0|Category:Centenary trees in Turkey|Category:Files with coordinates missing SDC location of creation|Category:November 2019 in Istanbul|Category:Self-published work|Category:Solitary trees in Turkey
886,00886.jpg,File:MİYAZAKİ PARKI 2.jpg,https://commons.wikimedia.org/wiki/File:M%C4%B0YAZAK%C4%B0_PARKI_2.jpg,https://thumb.wikimedia.org/wikipedia/commons/thumb/7/7b/M%C4%B0YAZAK%C4%B0_PARKI_2.jpg/1280px-M%C4%B0YAZAK%C4%B0_PARKI_2.jpg?utm_source=commons.wikimedia.org&utm_campaign=imageinfo&utm_content=thumbnail,3024,4032,ႧႤႧႰႨ ႾႠႰႨ,CC BY-SA 4.0,,unknown,Category:Atsushi Miyazaki Park|Category:CC-BY-SA-4.0|Category:Centenary trees in Turkey|Category:Chapels in Turkey|Category:Files with coordinates missing SDC location of creation|Category:November 2019 in Istanbul|Category:Self-published work|Category:Solitary trees in Turkey|Category:Trees in Istanbul
887,00887.jpg,File:MİYAZAKİ PARKI 6.jpg,https://commons.wikimedia.org/wiki/File:M%C4%B0YAZAK%C4%B0_PARKI_6.jpg,https://thumb.wikimedia.org/wikipedia/commons/thumb/5/5b/M%C4%B0YAZAK%C4%B0_PARKI_6.jpg/1280px-M%C4%B0YAZAK%C4%B0_PARKI_6.jpg?utm_source=commons.wikimedia.org&utm_campaign=imageinfo&utm_content=thumbnail,4032,3024,ႧႤႧႰႨ ႾႠႰႨ,CC BY-SA 4.0,,unknown,Category:Atsushi Miyazaki Park|Category:CC-BY-SA-4.0|Category:Chapels in Turkey|Category:Files with coordinates missing SDC location of creation|Category:November 2019 in Istanbul|Category:Self-published work|Category:Solitary trees in Turkey
888,00888.jpg,File:Namib Desert Vegetation.jpg,https://commons.wikimedia.org/wiki/File:Namib_Desert_Vegetation.jpg,https://thumb.wikimedia.org/wikipedia/commons/thumb/5/52/Namib_Desert_Vegetation.jpg/1280px-Namib_Desert_Vegetation.jpg?utm_source=commons.wikimedia.org&utm_campaign=imageinfo&utm_content=thumbnail,1840,1232,Sudzie,CC BY-SA 4.0,,unknown,Category:CC-BY-SA-4.0|Category:Namib Desert|Category:Self-published work|Category:Solitary trees in Namibia
889,00889.jpg,File:Namib Dos.JPG,https://commons.wikimedia.org/wiki/File:Namib_Dos.JPG,https://thumb.wikimedia.org/wikipedia/commons/thumb/9/9c/Namib_Dos.JPG/1280px-Namib_Dos.JPG?utm_source=commons.wikimedia.org&utm_campaign=imageinfo&utm_content=thumbnail,2288,1712,Teo Gómez,Public domain,,unknown,Category:Namib Desert|Category:PD-self|Category:Self-published work|Category:Solitary trees in Namibia|Category:Taken with Olympus C-750UZ
890,00890.jpg,File:NamibRand-3540 - Flickr - Ragnhild & Neil Crawford.jpg,https://commons.wikimedia.org/wiki/File:NamibRand-3540_-_Flickr_-_Ragnhild_%26_Neil_Crawford.jpg,https://thumb.wikimedia.org/wikipedia/commons/thumb/a/a5/NamibRand-3540_-_Flickr_-_Ragnhild_%26_Neil_Crawford.jpg/1280px-NamibRand-3540_-_Flickr_-_Ragnhild_%26_Neil_Crawford.jpg?utm_source=commons.wikimedia.org&utm_campaign=imageinfo&utm_content=thumbnail,1400,933,Ragnhild&amp;Neil Crawford from Sweden,CC BY-SA 2.0,,unknown,Category:CC-BY-SA-2.0|Category:Files with coordinates missing SDC location of creation|Category:Flickr images reviewed by FlickreviewR 2|Category:NamibRand Nature Reserve|Category:Photographs by Ragnhild and Neil Crawford|Category:Solitary trees in Namibia
891,00891.jpg,File:Namibia Fish River Canyon-Quiver Tree sunset.jpg,https://commons.wikimedia.org/wiki/File:Namibia_Fish_River_Canyon-Quiver_Tree_sunset.jpg,https://thumb.wikimedia.org/wikipedia/commons/thumb/3/32/Namibia_Fish_River_Canyon-Quiver_Tree_sunset.jpg/1280px-Namibia_Fish_River_Canyon-Quiver_Tree_sunset.jpg?utm_source=commons.wikimedia.org&utm_campaign=imageinfo&utm_content=thumbnail,2551,1913,Ralf Junghanns,CC BY-SA 3.0,,unknown,"Category:Aloidendron dichotomum|Category:CC-BY-SA-3.0|Category:Dusk in Namibia|Category:Files with coordinates missing SDC location of creation|Category:Fish River Canyon, Namibia|Category:Flora of Fish River Canyon|Category:Self-published work|Category:Solitary trees in Namibia|Category:Trees at sunset"
892,00892.jpg,File:Namibia Namib-Naukluft-Nationalpark 40.jpg,https://commons.wikimedia.org/wiki/File:Namibia_Namib-Naukluft-Nationalpark_40.jpg,https://thumb.wikimedia.org/wikipedia/commons/thumb/3/39/Namibia_Namib-Naukluft-Nationalpark_40.jpg/1280px-Namibia_Namib-Naukluft-Nationalpark_40.jpg?utm_source=commons.wikimedia.org&utm_campaign=imageinfo&utm_content=thumbnail,4586,3126,Zairon,CC BY-SA 4.0,,unknown,Category:CC-BY-SA-4.0|Category:Flora of Erongo|Category:Flora of Namib-Naukluft National Park|Category:Landscapes of Erongo|Category:Self-published work|Category:Solitary trees in Namibia
893,00893.jpg,File:Namibia-Dunes by Aavo Koort (49495146111).jpg,https://commons.wikimedia.org/wiki/File:Namibia-Dunes_by_Aavo_Koort_(49495146111).jpg,https://thumb.wikimedia.org/wikipedia/commons/thumb/1/16/Namibia-Dunes_by_Aavo_Koort_%2849495146111%29.jpg/1280px-Namibia-Dunes_by_Aavo_Koort_%2849495146111%29.jpg?utm_source=commons.wikimedia.org&utm_campaign=imageinfo&utm_content=thumbnail,4000,2666,"Channel City Camera Club from Santa Barbara, US",CC BY 2.0,,unknown,Category:CC-BY-2.0|Category:Deserts of Namibia|Category:Flickr images imported by User:MdsShakil|Category:Flickr images reviewed by FlickreviewR 2|Category:Solitary trees in Namibia
894,00894.jpg,File:Naturaleza-.jpg,https://commons.wikimedia.org/wiki/File:Naturaleza-.jpg,https://thumb.wikimedia.org/wikipedia/commons/thumb/0/02/Naturaleza-.jpg/1280px-Naturaleza-.jpg?utm_source=commons.wikimedia.org&utm_campaign=imageinfo&utm_content=thumbnail,1892,1242,Diana Fernandes,CC BY-SA 4.0,,unknown,Category:CC-BY-SA-4.0|Category:Self-published work|Category:Solitary trees|Category:Unidentified landscapes|Category:Unidentified trees
895,00895.jpg,File:Naturel take and clouds.jpg,https://commons.wikimedia.org/wiki/File:Naturel_take_and_clouds.jpg,https://upload.wikimedia.org/wikipedia/commons/b/b8/Naturel_take_and_clouds.jpg?utm_source=commons.wikimedia.org&utm_campaign=imageinfo&utm_content=thumbnail_unscaled,640,640,ராஜலட்சுமி ராஜேந்திரன்,CC BY-SA 4.0,,unknown,Category:Altocumulus undulatus clouds|Category:CC-BY-SA-4.0|Category:Cumulus humilis clouds|Category:Images with annotations|Category:Self-published work|Category:Solitary trees
896,00896.jpg,File:Navnløst tre i åker.jpg,https://commons.wikimedia.org/wiki/File:Navnl%C3%B8st_tre_i_%C3%A5ker.jpg,https://thumb.wikimedia.org/wikipedia/commons/thumb/1/1a/Navnl%C3%B8st_tre_i_%C3%A5ker.jpg/1280px-Navnl%C3%B8st_tre_i_%C3%A5ker.jpg?utm_source=commons.wikimedia.org&utm_campaign=imageinfo&utm_content=thumbnail,3616,2760,John Erling Blad,CC BY-SA 3.0,Fraxinus,broadleaf,Category:CC-BY-SA-3.0|Category:Files by User:Jeblad from no.wikipedia|Category:Fraxinus excelsior|Category:Ringsaker|Category:Self-published work|Category:Solitary trees in Norway|Category:Trees in July 2008
897,00897.jpg,File:Near Ganab (greg-willis.com) - panoramio.jpg,https://commons.wikimedia.org/wiki/File:Near_Ganab_(greg-willis.com)_-_panoramio.jpg,https://upload.wikimedia.org/wikipedia/commons/8/8f/Near_Ganab_%28greg-willis.com%29_-_panoramio.jpg?utm_source=commons.wikimedia.org&utm_campaign=imageinfo&utm_content=thumbnail_unscaled,1000,667,Greg Willis,CC BY-SA 3.0,,unknown,Category:CC-BY-SA-3.0|Category:Files with coordinates missing SDC location of creation|Category:Landscapes of Erongo|Category:Media needing category review as of 22 October 2016|Category:Namibia photographs taken on 2006-10-03|Category:Panoramio files uploaded by Panoramio upload bot|Category:Panoramio images reviewed by trusted users|Category:Photos from Panoramio|Category:Photos from Panoramio ID 34059|Category:Solitary trees in Namibia
898,00898.jpg,"File:Nester der Mahaliweber, Namibia.jpg","https://commons.wikimedia.org/wiki/File:Nester_der_Mahaliweber,_Namibia.jpg",https://thumb.wikimedia.org/wikipedia/commons/thumb/b/ba/Nester_der_Mahaliweber%2C_Namibia.jpg/1280px-Nester_der_Mahaliweber%2C_Namibia.jpg?utm_source=commons.wikimedia.org&utm_campaign=imageinfo&utm_content=thumbnail,3264,4928,Olga Ernst,CC BY-SA 4.0,,unknown,Category:CC-BY-SA-4.0|Category:Files with coordinates missing SDC location of creation|Category:Namibia photographs taken on 2014-10-13|Category:Ploceidae nests of Namibia|Category:Plocepasser mahali nests|Category:Self-published work|Category:Solitary trees in Namibia
899,00899.jpg,"File:Netherlands, Drenthe, Gasterse duinen (1).jpg","https://commons.wikimedia.org/wiki/File:Netherlands,_Drenthe,_Gasterse_duinen_(1).jpg",https://thumb.wikimedia.org/wikipedia/commons/thumb/a/a3/Netherlands%2C_Drenthe%2C_Gasterse_duinen_%281%29.jpg/1280px-Netherlands%2C_Drenthe%2C_Gasterse_duinen_%281%29.jpg?utm_source=commons.wikimedia.org&utm_campaign=imageinfo&utm_content=thumbnail,4032,3024,Vincent van Zeijst,CC BY-SA 4.0,,unknown,"Category:2023 in Aa en Hunze|Category:CC-BY-SA-4.0|Category:Files with coordinates missing SDC location of creation (53° N, 6° E)|Category:GFDL|Category:Gasterse Duinen|Category:License migration redundant|Category:Netherlands photographs taken on 2023-04-03|Category:Self-published work|Category:Solitary trees in the Netherlands"
900,00900.jpg,File:Neuhausen - Rhein IMG 3720.jpg,https://commons.wikimedia.org/wiki/File:Neuhausen_-_Rhein_IMG_3720.jpg,https://thumb.wikimedia.org/wikipedia/commons/thumb/1/1a/Neuhausen_-_Rhein_IMG_3720.jpg/1280px-Neuhausen_-_Rhein_IMG_3720.jpg?utm_source=commons.wikimedia.org&utm_campaign=imageinfo&utm_content=thumbnail,3071,2303,Roland zh,CC BY-SA 3.0,,unknown,Category:CC-BY-SA-3.0|Category:Islands of Switzerland in the Rhine|Category:Photographs by Roland Fischer|Category:Rhine Falls|Category:Rhine in the canton of Schaffhausen|Category:Self-published work|Category:Solitary trees in Switzerland|Category:Taken with Canon PowerShot S5 IS|Category:Trees in the canton of Schaffhausen in summer
901,00901.jpg,File:Nevėžio dvilypis ąžuolas. Iš pietų (nuo kelio).JPG,https://commons.wikimedia.org/wiki/File:Nev%C4%97%C5%BEio_dvilypis_%C4%85%C5%BEuolas._I%C5%A1_piet%C5%B3_(nuo_kelio).JPG,https://thumb.wikimedia.org/wikipedia/commons/thumb/3/3e/Nev%C4%97%C5%BEio_dvilypis_%C4%85%C5%BEuolas._I%C5%A1_piet%C5%B3_%28nuo_kelio%29.JPG/1280px-Nev%C4%97%C5%BEio_dvilypis_%C4%85%C5%BEuolas._I%C5%A1_piet%C5%B3_%28nuo_kelio%29.JPG?utm_source=commons.wikimedia.org&utm_campaign=imageinfo&utm_content=thumbnail,3648,2432,Vilensija,CC BY-SA 3.0,,unknown,Category:CC-BY-SA-3.0|Category:Fields in Lithuania|Category:Files with coordinates missing SDC location of creation|Category:Lithuania photographs taken on 2012-07-13|Category:Nevėžio dvilypis oak|Category:Self-published work|Category:Solitary trees in Lithuania|Category:Taken with Kodak EasyShare V1003
902,00902.jpg,File:Nevėžio dvilypis ąžuolas. Iš rytų.JPG,https://commons.wikimedia.org/wiki/File:Nev%C4%97%C5%BEio_dvilypis_%C4%85%C5%BEuolas._I%C5%A1_ryt%C5%B3.JPG,https://thumb.wikimedia.org/wikipedia/commons/thumb/4/42/Nev%C4%97%C5%BEio_dvilypis_%C4%85%C5%BEuolas._I%C5%A1_ryt%C5%B3.JPG/1280px-Nev%C4%97%C5%BEio_dvilypis_%C4%85%C5%BEuolas._I%C5%A1_ryt%C5%B3.JPG?utm_source=commons.wikimedia.org&utm_campaign=imageinfo&utm_content=thumbnail,3648,2432,Vilensija,CC BY-SA 3.0,,unknown,Category:CC-BY-SA-3.0|Category:Files with coordinates missing SDC location of creation|Category:Lithuania photographs taken on 2012-07-13|Category:Nevėžio dvilypis oak|Category:Self-published work|Category:Solitary trees in Lithuania|Category:Taken with Kodak EasyShare V1003
903,00903.jpg,File:Nevėžio dvilypis ąžuolas. Tarp pasėlių.JPG,https://commons.wikimedia.org/wiki/File:Nev%C4%97%C5%BEio_dvilypis_%C4%85%C5%BEuolas._Tarp_pas%C4%97li%C5%B3.JPG,https://thumb.wikimedia.org/wikipedia/commons/thumb/e/e7/Nev%C4%97%C5%BEio_dvilypis_%C4%85%C5%BEuolas._Tarp_pas%C4%97li%C5%B3.JPG/1280px-Nev%C4%97%C5%BEio_dvilypis_%C4%85%C5%BEuolas._Tarp_pas%C4%97li%C5%B3.JPG?utm_source=commons.wikimedia.org&utm_campaign=imageinfo&utm_content=thumbnail,3648,2432,Vilensija,CC BY-SA 3.0,,unknown,Category:CC-BY-SA-3.0|Category:Files with coordinates missing SDC location of creation|Category:Lithuania photographs taken on 2012-07-13|Category:Nevėžio dvilypis oak|Category:Self-published work|Category:Solitary trees in Lithuania|Category:Taken with Kodak EasyShare V1003
904,00904.jpg,File:Ngorongoro-1001.jpg,https://commons.wikimedia.org/wiki/File:Ngorongoro-1001.jpg,https://thumb.wikimedia.org/wikipedia/commons/thumb/c/cb/Ngorongoro-1001.jpg/1280px-Ngorongoro-1001.jpg?utm_source=commons.wikimedia.org&utm_campaign=imageinfo&utm_content=thumbnail,2581,1936,Grahampurse,CC BY-SA 4.0,Ficus,broadleaf,Category:2016 in Tanzania|Category:CC-BY-SA-4.0|Category:Ficus in Tanzania|Category:Ngorongoro|Category:Self-published work|Category:Solitary trees in Tanzania
905,00905.jpg,"File:Niger, Niamey, Dunes (13), lonely tree.jpg","https://commons.wikimedia.org/wiki/File:Niger,_Niamey,_Dunes_(13),_lonely_tree.jpg",https://thumb.wikimedia.org/wikipedia/commons/thumb/5/5c/Niger%2C_Niamey%2C_Dunes_%2813%29%2C_lonely_tree.jpg/1280px-Niger%2C_Niamey%2C_Dunes_%2813%29%2C_lonely_tree.jpg?utm_source=commons.wikimedia.org&utm_campaign=imageinfo&utm_content=thumbnail,4288,2848,Vincent van Zeijst,CC BY-SA 4.0,,unknown,Category:2018 in Niger|Category:CC-BY-SA-4.0|Category:Dry river beds in Niger|Category:Dunes of Niamey|Category:Dunes of Niger|Category:Files with coordinates missing SDC location of creation|Category:GFDL|Category:Landscapes of Niger|Category:License migration redundant|Category:Niger in the 2010s|Category:Orange landscapes|Category:Sand in Niger|Category:Self-published work|Category:Solitary trees in Niger|Category:Wadis in Niger
906,00906.jpg,"File:Niger, Niamey, Dunes (18), lonely tree in wadi.jpg","https://commons.wikimedia.org/wiki/File:Niger,_Niamey,_Dunes_(18),_lonely_tree_in_wadi.jpg",https://thumb.wikimedia.org/wikipedia/commons/thumb/d/d1/Niger%2C_Niamey%2C_Dunes_%2818%29%2C_lonely_tree_in_wadi.jpg/1280px-Niger%2C_Niamey%2C_Dunes_%2818%29%2C_lonely_tree_in_wadi.jpg?utm_source=commons.wikimedia.org&utm_campaign=imageinfo&utm_content=thumbnail,4153,2759,Vincent van Zeijst,CC BY-SA 4.0,,unknown,Category:2018 in Niger|Category:CC-BY-SA-4.0|Category:Dry river beds in Niger|Category:Dunes of Niamey|Category:Dunes of Niger|Category:Files with coordinates missing SDC location of creation|Category:GFDL|Category:Landscapes of Niger|Category:License migration redundant|Category:Niger in the 2010s|Category:Orange landscapes|Category:Sand in Niger|Category:Self-published work|Category:Solitary trees in Niger|Category:Wadis in Niger
907,00907.jpg,"File:Niger, Niamey, Dunes (23), lonely tree in dry wadi.jpg","https://commons.wikimedia.org/wiki/File:Niger,_Niamey,_Dunes_(23),_lonely_tree_in_dry_wadi.jpg",https://thumb.wikimedia.org/wikipedia/commons/thumb/b/bf/Niger%2C_Niamey%2C_Dunes_%2823%29%2C_lonely_tree_in_dry_wadi.jpg/1280px-Niger%2C_Niamey%2C_Dunes_%2823%29%2C_lonely_tree_in_dry_wadi.jpg?utm_source=commons.wikimedia.org&utm_campaign=imageinfo&utm_content=thumbnail,4288,2848,Vincent van Zeijst,CC BY-SA 4.0,,unknown,Category:2018 in Niger|Category:CC-BY-SA-4.0|Category:Dry river beds in Niger|Category:Dunes of Niamey|Category:Dunes of Niger|Category:Files with coordinates missing SDC location of creation|Category:GFDL|Category:Landscapes of Niger|Category:License migration redundant|Category:Niger in the 2010s|Category:Orange landscapes|Category:Sand in Niger|Category:Self-published work|Category:Solitary trees in Niger|Category:Wadis in Niger
908,00908.jpg,"File:North End Park at Haymarket Square, Boston MA.jpg","https://commons.wikimedia.org/wiki/File:North_End_Park_at_Haymarket_Square,_Boston_MA.jpg",https://thumb.wikimedia.org/wikipedia/commons/thumb/a/ad/North_End_Park_at_Haymarket_Square%2C_Boston_MA.jpg/1280px-North_End_Park_at_Haymarket_Square%2C_Boston_MA.jpg?utm_source=commons.wikimedia.org&utm_campaign=imageinfo&utm_content=thumbnail,3072,2304,John Phelan,CC BY-SA 3.0,,unknown,Category:CC-BY-SA-3.0|Category:High-rises in Boston|Category:Rose Kennedy Greenway|Category:Self-published work|Category:Solitary trees in the United States|Category:Taken with Canon PowerShot SX150 IS
909,00909.jpg,File:Not much time in hand….jpg,https://commons.wikimedia.org/wiki/File:Not_much_time_in_hand%E2%80%A6.jpg,https://thumb.wikimedia.org/wikipedia/commons/thumb/7/77/Not_much_time_in_hand%E2%80%A6.jpg/1280px-Not_much_time_in_hand%E2%80%A6.jpg?utm_source=commons.wikimedia.org&utm_campaign=imageinfo&utm_content=thumbnail,4032,3024,SayedaDipty,CC BY-SA 4.0,,unknown,Category:CC-BY-SA-4.0|Category:Images from Wiki Loves Earth 2024|Category:Images from Wiki Loves Earth 2024 Human Rights and Environment Special Nomination|Category:Images from Wiki Loves Earth 2024 in Bangladesh|Category:Images from Wiki Loves Earth missing SDC depicts|Category:Images from Wiki Loves Earth missing SDC location of creation|Category:Project Korikath-All images|Category:Self-published work|Category:Solitary trees in Bangladesh|Category:Unreviewed images from Wiki Loves Earth 2024 in Bangladesh|Category:Uploaded via Campaign:wle bd 2024
910,00910.jpg,File:NuwaraEliya Lakeside.jpg,https://commons.wikimedia.org/wiki/File:NuwaraEliya_Lakeside.jpg,https://thumb.wikimedia.org/wikipedia/commons/thumb/2/2b/NuwaraEliya_Lakeside.jpg/1280px-NuwaraEliya_Lakeside.jpg?utm_source=commons.wikimedia.org&utm_campaign=imageinfo&utm_content=thumbnail,3968,2976,Dilankavs,CC BY-SA 4.0,,unknown,Category:CC-BY-SA-4.0|Category:Lakes of Sri Lanka|Category:Nuwara Eliya District|Category:Self-published work|Category:Solitary trees|Category:Unidentified trees
911,00911.jpg,File:ONE (34767964056).jpg,https://commons.wikimedia.org/wiki/File:ONE_(34767964056).jpg,https://thumb.wikimedia.org/wikipedia/commons/thumb/1/15/ONE_%2834767964056%29.jpg/1280px-ONE_%2834767964056%29.jpg?utm_source=commons.wikimedia.org&utm_campaign=imageinfo&utm_content=thumbnail,2816,2112,"Егор Журавлёв from Smarde, Latvia",CC BY-SA 2.0,,unknown,Category:CC-BY-SA-2.0|Category:Files uploaded by Artix Kreiger with bad file names|Category:Flickr images reviewed by FlickreviewR 2|Category:Images by Егор Журавлёв|Category:Latvia photographs taken on 2017-05-12|Category:Solitary trees in Latvia|Category:Unidentified locations in Latvia
912,00912.jpg,File:Oak Tree in Ontario August 2011.jpg,https://commons.wikimedia.org/wiki/File:Oak_Tree_in_Ontario_August_2011.jpg,https://thumb.wikimedia.org/wikipedia/commons/thumb/2/23/Oak_Tree_in_Ontario_August_2011.jpg/1280px-Oak_Tree_in_Ontario_August_2011.jpg?utm_source=commons.wikimedia.org&utm_campaign=imageinfo&utm_content=thumbnail,5177,3446,"Graham from Los Angeles, USA",CC BY 2.0,Quercus,broadleaf,Category:2011 in Niagara-on-the-Lake|Category:August 2011 in Ontario|Category:CC-BY-2.0|Category:Canada photographs taken on 2011-08-16|Category:Clouds and blue sky in Ontario|Category:Files with coordinates missing SDC location of creation|Category:Flickr images missing SDC creator|Category:Flickr images reviewed by File Upload Bot (Magnus Manske)|Category:Nature of Niagara-on-the-Lake|Category:Plants and trees at golden hour|Category:Quercus in Canada|Category:Solitary trees in Canada|Category:Summer in Ontario|Category:Tone-mapped HDR images|Category:Trees in 2011|Category:Trees in Ontario|Category:Unidentified Quercus
913,00913.jpg,File:Oak decorated for wedding in Latvia.jpg,https://commons.wikimedia.org/wiki/File:Oak_decorated_for_wedding_in_Latvia.jpg,https://upload.wikimedia.org/wikipedia/commons/f/f9/Oak_decorated_for_wedding_in_Latvia.jpg?utm_source=commons.wikimedia.org&utm_campaign=imageinfo&utm_content=thumbnail_unscaled,823,1236,Spekozols,CC BY-SA 3.0,Quercus,broadleaf,Category:CC-BY-SA-3.0|Category:Quercus in Latvia|Category:Quercus robur|Category:Self-published work|Category:Solitary trees in Latvia|Category:Taken with Canon EOS 450D
914,00914.jpg,"File:Oak tree, Bill Arp GA.jpg","https://commons.wikimedia.org/wiki/File:Oak_tree,_Bill_Arp_GA.jpg",https://thumb.wikimedia.org/wikipedia/commons/thumb/2/2e/Oak_tree%2C_Bill_Arp_GA.jpg/1280px-Oak_tree%2C_Bill_Arp_GA.jpg?utm_source=commons.wikimedia.org&utm_campaign=imageinfo&utm_content=thumbnail,4032,3024,John Phelan,CC BY 4.0,Quercus,broadleaf,"Category:Bill Arp, Georgia|Category:CC-BY-4.0|Category:Files with coordinates missing SDC location of creation|Category:Self-published work|Category:September 2025 in Georgia (U.S. state)|Category:Solitary trees in the United States|Category:Trees in Georgia (U.S. state)|Category:Unidentified Quercus|Category:United States photographs taken on 2025-09-08"
915,00915.jpg,File:Ocumare de la costa estado aragua 3.jpg,https://commons.wikimedia.org/wiki/File:Ocumare_de_la_costa_estado_aragua_3.jpg,https://thumb.wikimedia.org/wikipedia/commons/thumb/e/ed/Ocumare_de_la_costa_estado_aragua_3.jpg/1280px-Ocumare_de_la_costa_estado_aragua_3.jpg?utm_source=commons.wikimedia.org&utm_campaign=imageinfo&utm_content=thumbnail,2048,1536,Omar Antonio Gomez Gayon,CC BY-SA 3.0,,unknown,Category:CC-BY-SA-3.0|Category:December 2012 Venezuela photographs|Category:Images from Wikiviajes por Venezuela 2014|Category:Ocumare|Category:Parasols in Venezuela|Category:Photographs taken on 2012-12-16|Category:Self-published work|Category:Solitary trees in Venezuela|Category:Trees in Aragua
916,00916.jpg,File:Ocumare de la costa estado aragua.jpg,https://commons.wikimedia.org/wiki/File:Ocumare_de_la_costa_estado_aragua.jpg,https://thumb.wikimedia.org/wikipedia/commons/thumb/f/f0/Ocumare_de_la_costa_estado_aragua.jpg/1280px-Ocumare_de_la_costa_estado_aragua.jpg?utm_source=commons.wikimedia.org&utm_campaign=imageinfo&utm_content=thumbnail,2048,1536,Omar Antonio Gomez Gayon,CC BY-SA 3.0,,unknown,Category:CC-BY-SA-3.0|Category:December 2012 Venezuela photographs|Category:Images from Wikiviajes por Venezuela 2014|Category:Ocumare|Category:Photographs taken on 2012-12-16|Category:Self-published work|Category:Solitary trees in Venezuela|Category:Trees in Aragua
917,00917.jpg,File:Oder008CRW.jpg,https://commons.wikimedia.org/wiki/File:Oder008CRW.jpg,https://thumb.wikimedia.org/wikipedia/commons/thumb/0/0e/Oder008CRW.jpg/1280px-Oder008CRW.jpg?utm_source=commons.wikimedia.org&utm_campaign=imageinfo&utm_content=thumbnail,3994,3960,Bytfisch,CC BY-SA 4.0,Tilia,broadleaf,Category:CC-BY-SA-4.0|Category:Criewen|Category:Files with coordinates missing SDC location of creation|Category:Nationalpark Unteres Odertal|Category:Self-published work|Category:Solitary trees in Germany|Category:Taken with Sony ILCE-7|Category:Trees in Brandenburg|Category:Unidentified Tilia
918,00918.jpg,File:Oder009CRW.jpg,https://commons.wikimedia.org/wiki/File:Oder009CRW.jpg,https://thumb.wikimedia.org/wikipedia/commons/thumb/6/6d/Oder009CRW.jpg/1280px-Oder009CRW.jpg?utm_source=commons.wikimedia.org&utm_campaign=imageinfo&utm_content=thumbnail,4000,4829,Bytfisch,CC BY-SA 4.0,Taxodium,conifer,Category:CC-BY-SA-4.0|Category:Criewen|Category:Files with coordinates missing SDC location of creation|Category:Nationalpark Unteres Odertal|Category:Self-published work|Category:Solitary trees in Germany|Category:Taken with Sony ILCE-7|Category:Taxodium distichum in Germany|Category:Trees in Brandenburg
919,00919.jpg,File:OderSLP004.jpg,https://commons.wikimedia.org/wiki/File:OderSLP004.jpg,https://thumb.wikimedia.org/wikipedia/commons/thumb/e/e9/OderSLP004.jpg/1280px-OderSLP004.jpg?utm_source=commons.wikimedia.org&utm_campaign=imageinfo&utm_content=thumbnail,3801,5021,Bytfisch,CC BY-SA 4.0,Salix,broadleaf,Category:CC-BY-SA-4.0|Category:Files with coordinates missing SDC location of creation|Category:Salix in Brandenburg|Category:Self-published work|Category:Solitary trees in Germany|Category:Stolpe an der Oder|Category:Taken with Sony ILCE-7
920,00920.jpg,File:Old Lady of Mirovica.jpg,https://commons.wikimedia.org/wiki/File:Old_Lady_of_Mirovica.jpg,https://thumb.wikimedia.org/wikipedia/commons/thumb/0/0e/Old_Lady_of_Mirovica.jpg/1280px-Old_Lady_of_Mirovica.jpg?utm_source=commons.wikimedia.org&utm_campaign=imageinfo&utm_content=thumbnail,1600,1067,Anika Andric,CC BY-SA 4.0,Olea,broadleaf,"Category:CC-BY-SA-4.0|Category:Mitrovica, Kosovo|Category:Olea europaea in Montenegro|Category:Self-published work|Category:Solitary trees"
921,00921.jpg,File:Old fig tree.JPG,https://commons.wikimedia.org/wiki/File:Old_fig_tree.JPG,https://thumb.wikimedia.org/wikipedia/commons/thumb/a/a9/Old_fig_tree.JPG/1280px-Old_fig_tree.JPG?utm_source=commons.wikimedia.org&utm_campaign=imageinfo&utm_content=thumbnail,3000,1999,,CC BY-SA 3.0,Ficus,broadleaf,Category:CC-BY-SA-3.0-migrated|Category:Ficus carica|Category:Files with no machine-readable author|Category:Files with no machine-readable source|Category:GFDL|Category:License migration completed|Category:Media missing infobox template|Category:Solitary trees
922,00922.jpg,"File:Old oak, Tula, Province of Sassari, Sardinia, Italy - panoramio.jpg","https://commons.wikimedia.org/wiki/File:Old_oak,_Tula,_Province_of_Sassari,_Sardinia,_Italy_-_panoramio.jpg",https://upload.wikimedia.org/wikipedia/commons/7/78/Old_oak%2C_Tula%2C_Province_of_Sassari%2C_Sardinia%2C_Italy_-_panoramio.jpg?utm_source=commons.wikimedia.org&utm_campaign=imageinfo&utm_content=thumbnail_unscaled,1027,660,trolvag,CC BY-SA 3.0,,unknown,Category:CC-BY-SA-3.0|Category:Files with coordinates missing SDC location of creation|Category:Italy photographs taken on 2011-07-19|Category:Panoramio files uploaded by Panoramio upload bot|Category:Panoramio images reviewed by trusted users|Category:Photos from Panoramio|Category:Photos from Panoramio ID 861544|Category:Solitary trees in Italy|Category:Trees in Sardinia
923,00923.jpg,"File:Olkhon, Wish tree at sunset, Prayer tree on the beach, Lake Baikal, Russia.jpg","https://commons.wikimedia.org/wiki/File:Olkhon,_Wish_tree_at_sunset,_Prayer_tree_on_the_beach,_Lake_Baikal,_Russia.jpg",https://thumb.wikimedia.org/wikipedia/commons/thumb/8/89/Olkhon%2C_Wish_tree_at_sunset%2C_Prayer_tree_on_the_beach%2C_Lake_Baikal%2C_Russia.jpg/1280px-Olkhon%2C_Wish_tree_at_sunset%2C_Prayer_tree_on_the_beach%2C_Lake_Baikal%2C_Russia.jpg?utm_source=commons.wikimedia.org&utm_campaign=imageinfo&utm_content=thumbnail,4912,3264,Vyacheslav Argenberg,CC BY 4.0,,unknown,Category:Bays of Russia|Category:Beaches of Russia|Category:CC-BY-4.0|Category:Files with coordinates missing SDC location of creation|Category:Olkhon|Category:Photos by Vyacheslav Argenberg|Category:Photos by Vyacheslav Argenberg in 2015|Category:Photos by Vyacheslav Argenberg in Russia|Category:Prayer trees|Category:Self-published work|Category:Solitary trees|Category:Sunsets at Lake Baikal|Category:Tourists from China|Category:Tourists in Russia|Category:Trees and sky
924,00924.jpg,"File:Olkhon, Wish tree at sunset. Prayer tree, Lake Baikal, Russia.jpg","https://commons.wikimedia.org/wiki/File:Olkhon,_Wish_tree_at_sunset._Prayer_tree,_Lake_Baikal,_Russia.jpg",https://thumb.wikimedia.org/wikipedia/commons/thumb/8/84/Olkhon%2C_Wish_tree_at_sunset._Prayer_tree%2C_Lake_Baikal%2C_Russia.jpg/1280px-Olkhon%2C_Wish_tree_at_sunset._Prayer_tree%2C_Lake_Baikal%2C_Russia.jpg?utm_source=commons.wikimedia.org&utm_campaign=imageinfo&utm_content=thumbnail,4912,3264,Vyacheslav Argenberg,CC BY 4.0,,unknown,Category:Autumn in Irkutsk Oblast|Category:Beaches of Russia|Category:CC-BY-4.0|Category:Files with coordinates missing SDC location of creation|Category:Olkhon|Category:People at the beach in Russia|Category:Photos by Vyacheslav Argenberg|Category:Photos by Vyacheslav Argenberg in 2015|Category:Photos by Vyacheslav Argenberg in Russia|Category:Prayer trees|Category:Purple sunsets of Russia|Category:Quality images|Category:Quality images missing SDC Commons quality assessment|Category:Quality images missing SDC creator|Category:Quality images missing SDC source of file|Category:Quality images of Lake Baikal|Category:Quality images of islands in Russia|Category:Self-published work|Category:Solitary trees in Russia|Category:Sunsets at Lake Baikal|Category:Tourists from China|Category:Trees at sunset in Russia|Category:Trees in Irkutsk Oblast
925,00925.jpg,File:Ortigueira 1992 09.jpg,https://commons.wikimedia.org/wiki/File:Ortigueira_1992_09.jpg,https://upload.wikimedia.org/wikipedia/commons/9/96/Ortigueira_1992_09.jpg?utm_source=commons.wikimedia.org&utm_campaign=imageinfo&utm_content=thumbnail_unscaled,1071,710,LBM1948,CC BY-SA 4.0,Pinus,conifer,"Category:1992 in the province of A Coruña|Category:CC-BY-SA-4.0|Category:Coasts of the province of A Coruña|Category:Céltigos, Ortigueira|Category:Landscapes of Galicia (Spain)|Category:Photographs by LBM1948|Category:Pinus in Galicia (Spain)|Category:Self-published work|Category:Solitary trees in Spain|Category:Trees in 1992"
926,00926.jpg,File:Oryx-3640 - Flickr - Ragnhild & Neil Crawford.jpg,https://commons.wikimedia.org/wiki/File:Oryx-3640_-_Flickr_-_Ragnhild_%26_Neil_Crawford.jpg,https://thumb.wikimedia.org/wikipedia/commons/thumb/f/fd/Oryx-3640_-_Flickr_-_Ragnhild_%26_Neil_Crawford.jpg/1280px-Oryx-3640_-_Flickr_-_Ragnhild_%26_Neil_Crawford.jpg?utm_source=commons.wikimedia.org&utm_campaign=imageinfo&utm_content=thumbnail,1400,933,Ragnhild&amp;Neil Crawford from Sweden,CC BY-SA 2.0,,unknown,Category:Boscia foetida subsp. foetida|Category:CC-BY-SA-2.0|Category:Files with coordinates missing SDC location of creation|Category:Flickr images reviewed by FlickreviewR 2|Category:Oryx gazella in Namibia|Category:Photographs by Ragnhild and Neil Crawford|Category:Solitary trees in Namibia|Category:Trees with browse line
927,00927.jpg,File:Osamělý pod rouškou noci.jpg,https://commons.wikimedia.org/wiki/File:Osam%C4%9Bl%C3%BD_pod_rou%C5%A1kou_noci.jpg,https://thumb.wikimedia.org/wikipedia/commons/thumb/e/ed/Osam%C4%9Bl%C3%BD_pod_rou%C5%A1kou_noci.jpg/1280px-Osam%C4%9Bl%C3%BD_pod_rou%C5%A1kou_noci.jpg?utm_source=commons.wikimedia.org&utm_campaign=imageinfo&utm_content=thumbnail,4480,5600,David Jeřábek,CC BY-SA 4.0,,unknown,Category:CC-BY-SA-4.0|Category:Czech Wiki Photo 2022|Category:Czech Wiki Photo 2022:Příroda|Category:Hracholusky (Rakovník District)|Category:Night in the Czech Republic|Category:Self-published work|Category:Solitary trees in the Czech Republic|Category:Uploaded via Campaign:wmcz-cwp2022
928,00928.jpg,"File:Otjozondjupa Region, Namibia - panoramio (9).jpg","https://commons.wikimedia.org/wiki/File:Otjozondjupa_Region,_Namibia_-_panoramio_(9).jpg",https://thumb.wikimedia.org/wikipedia/commons/thumb/2/26/Otjozondjupa_Region%2C_Namibia_-_panoramio_%289%29.jpg/1280px-Otjozondjupa_Region%2C_Namibia_-_panoramio_%289%29.jpg?utm_source=commons.wikimedia.org&utm_campaign=imageinfo&utm_content=thumbnail,1600,1200,mroszewski,CC BY-SA 3.0,,unknown,Category:CC-BY-SA-3.0|Category:Files with coordinates missing SDC location of creation|Category:Namibia photographs taken on 2009-07-30|Category:Otjozondjupa|Category:Panoramio files uploaded by Panoramio upload bot|Category:Panoramio images reviewed by trusted users|Category:Photos from Panoramio|Category:Photos from Panoramio ID 4982015|Category:Solitary trees in Namibia
929,00929.jpg,File:Overzicht - Beek - 20028891 - RCE.jpg,https://commons.wikimedia.org/wiki/File:Overzicht_-_Beek_-_20028891_-_RCE.jpg,https://thumb.wikimedia.org/wikipedia/commons/thumb/1/12/Overzicht_-_Beek_-_20028891_-_RCE.jpg/1280px-Overzicht_-_Beek_-_20028891_-_RCE.jpg?utm_source=commons.wikimedia.org&utm_campaign=imageinfo&utm_content=thumbnail,3303,2224,Gerard Dukker,CC BY-SA 4.0,,unknown,Category:Buildings with addresses|Category:CC-BY-SA-4.0|Category:De Bijvanck (Beek)|Category:Images from the Rijksdienst voor het Cultureel Erfgoed|Category:Images with coordinates from RCE|Category:Photographs by Gerard Dukker|Category:Rijksmonumenten with known IDs|Category:Solitary trees in the Netherlands
930,00930.jpg,File:P (181100171).jpeg,https://commons.wikimedia.org/wiki/File:P_(181100171).jpeg,https://thumb.wikimedia.org/wikipedia/commons/thumb/8/8e/P_%28181100171%29.jpeg/1280px-P_%28181100171%29.jpeg?utm_source=commons.wikimedia.org&utm_campaign=imageinfo&utm_content=thumbnail,2048,1365,Daniel Aufgang,CC BY 3.0,,unknown,Category:CC-BY-3.0|Category:Files from 500px.com with bad file names|Category:Photos imported with import-500px|Category:Solitary trees|Category:Unidentified trees
931,00931.jpg,"File:PRAHA, CZECH REPUBLIC- VE STROMOVCE 04.JPG","https://commons.wikimedia.org/wiki/File:PRAHA,_CZECH_REPUBLIC-_VE_STROMOVCE_04.JPG",https://upload.wikimedia.org/wikipedia/commons/e/eb/PRAHA%2C_CZECH_REPUBLIC-_VE_STROMOVCE_04.JPG?utm_source=commons.wikimedia.org&utm_campaign=imageinfo&utm_content=thumbnail_unscaled,1280,960,No machine-readable author provided. Dareba assumed (based on copyright claims).,Public domain,Salix,broadleaf,Category:1280x960|Category:Assumed own work|Category:Files with no machine-readable source|Category:PD-self|Category:Photographs taken on 2005-09-22|Category:Self-published work|Category:Solitary trees in the Czech Republic|Category:Stromovka (Prague)|Category:Taken with Concord Eye-Q 4363z|Category:Unidentified Salix
932,00932.jpg,File:Pacara Segurola.JPG,https://commons.wikimedia.org/wiki/File:Pacara_Segurola.JPG,https://thumb.wikimedia.org/wikipedia/commons/thumb/7/76/Pacara_Segurola.JPG/1280px-Pacara_Segurola.JPG?utm_source=commons.wikimedia.org&utm_campaign=imageinfo&utm_content=thumbnail,2112,2816,Claudio Elias,Public domain,,unknown,"Category:July 2009 in Buenos Aires|Category:PD-self|Category:Parque Chacabuco, Buenos Aires|Category:Photographs taken on 2009-05-15|Category:Self-published work|Category:Solitary trees in Argentina|Category:Street trees in Buenos Aires|Category:Taken with Olympus FE-170 / X-760"
933,00933.jpg,File:Pagoda tree (Sophora japonica) at Sentjur train station.jpg,https://commons.wikimedia.org/wiki/File:Pagoda_tree_(Sophora_japonica)_at_Sentjur_train_station.jpg,https://thumb.wikimedia.org/wikipedia/commons/thumb/5/5a/Pagoda_tree_%28Sophora_japonica%29_at_Sentjur_train_station.jpg/1280px-Pagoda_tree_%28Sophora_japonica%29_at_Sentjur_train_station.jpg?utm_source=commons.wikimedia.org&utm_campaign=imageinfo&utm_content=thumbnail,2448,3264,Ajznponar,CC BY-SA 3.0,,unknown,Category:CC-BY-SA-3.0|Category:Files with coordinates missing SDC location of creation|Category:Self-published work|Category:Solitary trees in Slovenia|Category:Styphnolobium japonicum|Category:Šentjur train station
934,00934.jpg,File:Paisaje típico.jpg,https://commons.wikimedia.org/wiki/File:Paisaje_t%C3%ADpico.jpg,https://thumb.wikimedia.org/wikipedia/commons/thumb/6/6b/Paisaje_t%C3%ADpico.jpg/1280px-Paisaje_t%C3%ADpico.jpg?utm_source=commons.wikimedia.org&utm_campaign=imageinfo&utm_content=thumbnail,3264,2448,Gelomadrid15,CC BY-SA 4.0,,unknown,Category:CC-BY-SA-4.0|Category:Fuenteliante|Category:Landscapes of the province of Salamanca|Category:October 2014 in the province of Salamanca|Category:Self-published work|Category:Solitary trees in Spain|Category:Spain photographs taken on 2014-10-20|Category:Trees in 2014|Category:Trees in the province of Salamanca
935,00935.jpg,File:Palacio de Claveria o del Norte.JPG,https://commons.wikimedia.org/wiki/File:Palacio_de_Claveria_o_del_Norte.JPG,https://thumb.wikimedia.org/wikipedia/commons/thumb/1/19/Palacio_de_Claveria_o_del_Norte.JPG/1280px-Palacio_de_Claveria_o_del_Norte.JPG?utm_source=commons.wikimedia.org&utm_campaign=imageinfo&utm_content=thumbnail,3648,2736,Mián Prici,CC BY-SA 3.0 es,,unknown,Category:All media supported by Wikimedia España in 2012|Category:Benches in Castile-La Mancha|Category:CC-BY-SA-3.0-ES|Category:Clavería Palace|Category:Cultural heritage monuments in Spain missing SDC depicts|Category:Cultural heritage monuments in Spain missing SDC location of creation|Category:Cultural heritage monuments in Spain with known IDs|Category:Files with coordinates missing SDC location of creation|Category:Images from Wiki Loves Monuments 2012|Category:Images from Wiki Loves Monuments 2012 in Spain|Category:Images from Wiki Loves Monuments missing SDC depicts|Category:Images from Wiki Loves Monuments missing SDC location of creation|Category:May 2012 in the province of Ciudad Real|Category:On OSM|Category:Self-published work|Category:Solitary trees in Spain|Category:Spain photographs taken on 2012-05-27|Category:Taken with Sony DSC-W170|Category:Trees in the province of Ciudad Real
936,00936.jpg,File:Palouse farmland with lone tree in morning light.jpg,https://commons.wikimedia.org/wiki/File:Palouse_farmland_with_lone_tree_in_morning_light.jpg,https://upload.wikimedia.org/wikipedia/commons/5/5e/Palouse_farmland_with_lone_tree_in_morning_light.jpg?utm_source=commons.wikimedia.org&utm_campaign=imageinfo&utm_content=thumbnail_unscaled,1138,747,Bala,CC BY 2.0,,unknown,Category:CC-BY-2.0|Category:Flickr images uploaded by Flickr upload bot|Category:Palouse|Category:Solitary trees in the United States|Category:Steptoe Butte|Category:Taken with Nikon D700
937,00937.jpg,"File:Pantai Wataboo, Osolata, East Timor (310354363).jpg","https://commons.wikimedia.org/wiki/File:Pantai_Wataboo,_Osolata,_East_Timor_(310354363).jpg",https://thumb.wikimedia.org/wikipedia/commons/thumb/8/8e/Pantai_Wataboo%2C_Osolata%2C_East_Timor_%28310354363%29.jpg/1280px-Pantai_Wataboo%2C_Osolata%2C_East_Timor_%28310354363%29.jpg?utm_source=commons.wikimedia.org&utm_campaign=imageinfo&utm_content=thumbnail,2816,2112,yeowatzup,CC BY 2.0,,unknown,Category:CC-BY-2.0|Category:Files with coordinates missing SDC location of creation|Category:Flickr images reviewed by File Upload Bot (Magnus Manske)|Category:Osolata beach|Category:Photographs by Kok Leng Yeo|Category:Solitary trees|Category:Taken with Panasonic Lumix DMC-LZ5|Category:Trees in East Timor
938,00938.jpg,File:Parktree.jpg,https://commons.wikimedia.org/wiki/File:Parktree.jpg,https://thumb.wikimedia.org/wikipedia/commons/thumb/6/6d/Parktree.jpg/1280px-Parktree.jpg?utm_source=commons.wikimedia.org&utm_campaign=imageinfo&utm_content=thumbnail,1600,1200,Strider52,CC BY-SA 3.0,,unknown,"Category:CC-BY-SA-2.5,2.0,1.0|Category:CC-BY-SA-3.0-migrated|Category:GFDL|Category:License migration redundant|Category:Media lacking a description|Category:Photographs taken on 2004-10-08|Category:Self-published work|Category:Solitary trees|Category:Taken with Canon PowerShot A80"
939,00939.jpg,File:Parque Nacional Morrocoy - Punta Brava 4.jpg,https://commons.wikimedia.org/wiki/File:Parque_Nacional_Morrocoy_-_Punta_Brava_4.jpg,https://thumb.wikimedia.org/wikipedia/commons/thumb/2/20/Parque_Nacional_Morrocoy_-_Punta_Brava_4.jpg/1280px-Parque_Nacional_Morrocoy_-_Punta_Brava_4.jpg?utm_source=commons.wikimedia.org&utm_campaign=imageinfo&utm_content=thumbnail,1600,1200,Jhonatanro,CC BY-SA 4.0,,unknown,Category:CC-BY-SA-4.0|Category:Images from Wiki Loves Earth 2016|Category:Images from Wiki Loves Earth 2016 in Venezuela|Category:Images from Wiki Loves Earth missing SDC depicts|Category:Images from Wiki Loves Earth missing SDC location of creation|Category:June 2012 in Venezuela|Category:Photographs taken on 2012-06-14|Category:Punta Brava (Morrocoy)|Category:Self-published work|Category:Solitary trees in Venezuela|Category:Uploaded via Campaign:wle-ve in 2016
940,00940.jpg,"File:Parque eólico de Torre Madrina, Batea, 03.jpg","https://commons.wikimedia.org/wiki/File:Parque_e%C3%B3lico_de_Torre_Madrina,_Batea,_03.jpg",https://thumb.wikimedia.org/wikipedia/commons/thumb/e/e5/Parque_e%C3%B3lico_de_Torre_Madrina%2C_Batea%2C_03.jpg/1280px-Parque_e%C3%B3lico_de_Torre_Madrina%2C_Batea%2C_03.jpg?utm_source=commons.wikimedia.org&utm_campaign=imageinfo&utm_content=thumbnail,4277,2851,Malopez 21,CC BY-SA 4.0,,unknown,Category:CC-BY-SA-4.0|Category:Geography of Batea|Category:Self-published work|Category:Solitary trees in Spain|Category:Trees in the province of Tarragona|Category:Wind farms in Catalonia
941,00941.jpg,File:People in Tanzania 0297 cropped Nevit.jpg,https://commons.wikimedia.org/wiki/File:People_in_Tanzania_0297_cropped_Nevit.jpg,https://thumb.wikimedia.org/wikipedia/commons/thumb/1/14/People_in_Tanzania_0297_cropped_Nevit.jpg/1280px-People_in_Tanzania_0297_cropped_Nevit.jpg?utm_source=commons.wikimedia.org&utm_campaign=imageinfo&utm_content=thumbnail,1508,1131,Nevit Dilmen (talk),CC BY-SA 3.0,,unknown,Category:CC-BY-SA-3.0|Category:Donkeys of Tanzania|Category:Files with coordinates missing SDC location of creation|Category:Nevit Dilmen|Category:Solitary trees in Tanzania|Category:Taken with Fujifilm FinePix HS10|Category:Tanzania photographs taken on 2010-08-04|Category:Water in Tanzania
942,00942.jpg,File:People in Tanzania 0301 cropped Nevit.jpg,https://commons.wikimedia.org/wiki/File:People_in_Tanzania_0301_cropped_Nevit.jpg,https://thumb.wikimedia.org/wikipedia/commons/thumb/7/7c/People_in_Tanzania_0301_cropped_Nevit.jpg/1280px-People_in_Tanzania_0301_cropped_Nevit.jpg?utm_source=commons.wikimedia.org&utm_campaign=imageinfo&utm_content=thumbnail,1472,1963,Nevit Dilmen (talk),CC BY-SA 3.0,,unknown,Category:CC-BY-SA-3.0|Category:Files with coordinates missing SDC location of creation|Category:Landscapes of Tanzania|Category:Nevit Dilmen|Category:People of Tanzania in 2010|Category:Solitary trees in Tanzania|Category:Taken with Fujifilm FinePix HS10|Category:Tanzania photographs taken on 2010-08-04|Category:Unidentified men of Tanzania
943,00943.jpg,File:People in Tanzania 3811 Nevit.jpg,https://commons.wikimedia.org/wiki/File:People_in_Tanzania_3811_Nevit.jpg,https://thumb.wikimedia.org/wikipedia/commons/thumb/9/98/People_in_Tanzania_3811_Nevit.jpg/1280px-People_in_Tanzania_3811_Nevit.jpg?utm_source=commons.wikimedia.org&utm_campaign=imageinfo&utm_content=thumbnail,3648,2736,Nevit Dilmen (talk),CC BY-SA 3.0,,unknown,Category:CC-BY-SA-3.0|Category:Landscapes of Tanzania|Category:Nevit Dilmen|Category:Solitary trees in Tanzania|Category:Taken with Fujifilm FinePix HS10|Category:Tanzania photographs taken on 2010-08-09
944,00944.jpg,File:Peraxilla tetrapetala 1206013.jpg,https://commons.wikimedia.org/wiki/File:Peraxilla_tetrapetala_1206013.jpg,https://thumb.wikimedia.org/wikipedia/commons/thumb/6/63/Peraxilla_tetrapetala_1206013.jpg/1280px-Peraxilla_tetrapetala_1206013.jpg?utm_source=commons.wikimedia.org&utm_campaign=imageinfo&utm_content=thumbnail,2048,1536,Colin Meurk,CC BY-SA 4.0,,unknown,Category:CC-BY-SA-4.0|Category:Files from external sources with reviewed licenses|Category:Files with coordinates missing SDC location of creation|Category:Loranthaceae in New Zealand|Category:Media from iNaturalist|Category:New Zealand photographs taken on 2009-11-28|Category:Peraxilla tetrapetala|Category:Photographs by Colin Meurk|Category:Solitary trees in New Zealand|Category:Trees in November 2009|Category:Uploaded with iNaturalist2Commons
945,00945.jpg,File:Persikov lipa.jpg,https://commons.wikimedia.org/wiki/File:Persikov_lipa.jpg,https://thumb.wikimedia.org/wikipedia/commons/thumb/5/56/Persikov_lipa.jpg/1280px-Persikov_lipa.jpg?utm_source=commons.wikimedia.org&utm_campaign=imageinfo&utm_content=thumbnail,2736,3648,JiriMatejicek,CC BY-SA 3.0,Tilia,broadleaf,Category:CC-BY-SA-3.0|Category:Files with coordinates missing SDC location of creation|Category:Mediagrant|Category:Mediagrant:Foto českých obcí|Category:Nature of Havlíčkova Borová|Category:Peršíkov|Category:Solitary trees in the Czech Republic|Category:Tilia cordata in Vysočina Region|Category:Uploaded with VicuñaUploader
946,00946.jpg,File:Pianura Padana - Scandiano (RE) Italia - 10 Agosto 2014 - panoramio.jpg,https://commons.wikimedia.org/wiki/File:Pianura_Padana_-_Scandiano_(RE)_Italia_-_10_Agosto_2014_-_panoramio.jpg,https://thumb.wikimedia.org/wikipedia/commons/thumb/2/24/Pianura_Padana_-_Scandiano_%28RE%29_Italia_-_10_Agosto_2014_-_panoramio.jpg/1280px-Pianura_Padana_-_Scandiano_%28RE%29_Italia_-_10_Agosto_2014_-_panoramio.jpg?utm_source=commons.wikimedia.org&utm_campaign=imageinfo&utm_content=thumbnail,5763,3842,Giorgio Galeotti,CC BY 3.0,,unknown,Category:CC-BY-3.0|Category:Files with coordinates missing SDC location of creation|Category:Media needing category review as of 10 April 2017|Category:Panoramio files uploaded by Panoramio upload bot|Category:Panoramio images reviewed by trusted users|Category:Photographs taken on 2014-08-10|Category:Photos from Panoramio|Category:Scandiano|Category:Solitary trees in Italy
947,00947.jpg,File:Picea abies Beskid Żywiecki.JPG,https://commons.wikimedia.org/wiki/File:Picea_abies_Beskid_%C5%BBywiecki.JPG,https://thumb.wikimedia.org/wikipedia/commons/thumb/2/21/Picea_abies_Beskid_%C5%BBywiecki.JPG/1280px-Picea_abies_Beskid_%C5%BBywiecki.JPG?utm_source=commons.wikimedia.org&utm_campaign=imageinfo&utm_content=thumbnail,3168,4752,Crusier,CC BY-SA 3.0,Picea,conifer,Category:CC-BY-SA-3.0|Category:GFDL|Category:License migration redundant|Category:May 2011 in Silesian Voivodeship|Category:Photographs by Crusier|Category:Photographs with aspect ratio of 2:3|Category:Picea abies|Category:Picea abies in Poland|Category:Poland photographs taken on 2011-05-19|Category:Self-published work|Category:Solitary trees in Poland|Category:Taken with Canon EOS 500D
948,00948.jpg,File:Pico do Garrafão (3).jpg,https://commons.wikimedia.org/wiki/File:Pico_do_Garraf%C3%A3o_(3).jpg,https://thumb.wikimedia.org/wikipedia/commons/thumb/a/a5/Pico_do_Garraf%C3%A3o_%283%29.jpg/1280px-Pico_do_Garraf%C3%A3o_%283%29.jpg?utm_source=commons.wikimedia.org&utm_campaign=imageinfo&utm_content=thumbnail,4928,3264,Gabrielribeirov,CC BY-SA 4.0,Araucaria,conifer,Category:Araucaria angustifolia|Category:Araucariaceae in Minas Gerais|Category:Brazil photographs taken on 2017-03-25|Category:CC-BY-SA-4.0|Category:Images from Wiki Loves Earth 2017|Category:Images from Wiki Loves Earth 2017 in Brazil|Category:Images from Wiki Loves Earth missing SDC depicts|Category:Images from Wiki Loves Earth missing SDC location of creation|Category:Landscapes of Brazil|Category:March 2017 in Minas Gerais|Category:Parque Estadual da Serra do Papagaio|Category:Self-published work|Category:Solitary trees in Brazil|Category:Uploaded via Campaign:wle-br
949,00949.jpg,File:Pidhaitsi jewishcem3.jpg,https://commons.wikimedia.org/wiki/File:Pidhaitsi_jewishcem3.jpg,https://thumb.wikimedia.org/wikipedia/commons/thumb/8/8b/Pidhaitsi_jewishcem3.jpg/1280px-Pidhaitsi_jewishcem3.jpg?utm_source=commons.wikimedia.org&utm_campaign=imageinfo&utm_content=thumbnail,2816,2112,Marianna Zemliak,CC BY-SA 4.0,,unknown,"Category:2010 in Pidhaitsi Raion|Category:April 2010 in Ternopil Oblast|Category:CC-BY-SA-4.0|Category:Cultural heritage monuments in Ukraine missing SDC location of creation|Category:Cultural heritage monuments in Ukraine with known IDs|Category:Files with coordinates missing SDC location of creation|Category:Images from Wiki Loves Monuments 2018|Category:Images from Wiki Loves Monuments 2018 in Ukraine|Category:Images from Wiki Loves Monuments missing SDC location of creation|Category:Jewish cemetery in Pidhaitsi, Ternopil Oblast|Category:Self-published work|Category:Solitary trees in Ukraine|Category:Taken with Canon PowerShot SX10 IS|Category:Ukraine photographs taken on 2010-04-05|Category:Uploaded via Campaign:wlm-ua|Category:Wiki loves monuments in Ukraine 2018 - Jewish Heritage|Category:Wiki loves monuments in Ukraine 2018 - Quality"
950,00950.jpg,File:Pidkamin-11069854.jpg,https://commons.wikimedia.org/wiki/File:Pidkamin-11069854.jpg,https://thumb.wikimedia.org/wikipedia/commons/thumb/f/f5/Pidkamin-11069854.jpg/1280px-Pidkamin-11069854.jpg?utm_source=commons.wikimedia.org&utm_campaign=imageinfo&utm_content=thumbnail,2592,1944,Микола Василечко,CC BY-SA 4.0,,unknown,Category:2 trees in Ukraine|Category:23 June 2011 in Pidkamin|Category:CC-BY-SA-4.0|Category:Files with coordinates missing SDC location of creation|Category:Images from Wiki Loves Earth 2015|Category:Images from Wiki Loves Earth 2015 in Ukraine|Category:Images from Wiki Loves Earth missing SDC depicts|Category:Images from Wiki Loves Earth missing SDC location of creation|Category:Natural heritage sites in Ukraine with known IDs|Category:Pidkamin Stone|Category:Self-published work|Category:Solitary trees in Ukraine|Category:Taken with Nikon Coolpix P5000|Category:Ukraine photographs taken on 2011-06-23|Category:Uploaded via Campaign:wle-ua
951,00951.jpg,File:Pidkamin-11069857.jpg,https://commons.wikimedia.org/wiki/File:Pidkamin-11069857.jpg,https://thumb.wikimedia.org/wikipedia/commons/thumb/a/af/Pidkamin-11069857.jpg/1280px-Pidkamin-11069857.jpg?utm_source=commons.wikimedia.org&utm_campaign=imageinfo&utm_content=thumbnail,2592,1944,Микола Василечко,CC BY-SA 4.0,,unknown,Category:23 June 2011 in Pidkamin|Category:CC-BY-SA-4.0|Category:Files with coordinates missing SDC location of creation|Category:Images from Wiki Loves Earth 2015|Category:Images from Wiki Loves Earth 2015 in Ukraine|Category:Images from Wiki Loves Earth missing SDC depicts|Category:Images from Wiki Loves Earth missing SDC location of creation|Category:Natural heritage sites in Ukraine with known IDs|Category:Pidkamin Stone|Category:Self-published work|Category:Solitary trees in Ukraine|Category:Taken with Nikon Coolpix P5000|Category:Ukraine photographs taken on 2011-06-23|Category:Uploaded via Campaign:wle-ua
952,00952.jpg,File:PikiWiki Israel 19285 Tamarix tree on Tel Nagila.JPG,https://commons.wikimedia.org/wiki/File:PikiWiki_Israel_19285_Tamarix_tree_on_Tel_Nagila.JPG,https://thumb.wikimedia.org/wikipedia/commons/thumb/e/e7/PikiWiki_Israel_19285_Tamarix_tree_on_Tel_Nagila.JPG/1280px-PikiWiki_Israel_19285_Tamarix_tree_on_Tel_Nagila.JPG?utm_source=commons.wikimedia.org&utm_campaign=imageinfo&utm_content=thumbnail,2048,1536,"ד""ר אבישי טייכר",CC BY 2.5,,unknown,Category:CC-BY-2.5|Category:Images from the Pikiwiki project|Category:Solitary trees in Israel|Category:Taken with Olympus X-450 / D-535Z / C-370Z|Category:Tel Nagila|Category:Unidentified Tamarix
953,00953.jpg,File:Pino al sole.jpg,https://commons.wikimedia.org/wiki/File:Pino_al_sole.jpg,https://thumb.wikimedia.org/wikipedia/commons/thumb/f/f1/Pino_al_sole.jpg/1280px-Pino_al_sole.jpg?utm_source=commons.wikimedia.org&utm_campaign=imageinfo&utm_content=thumbnail,2848,4272,Magnolia77,CC BY-SA 4.0,Pinus,conifer,Category:CC-BY-SA-4.0|Category:Cultural heritage monuments in Italy missing SDC depicts|Category:Cultural heritage monuments in Italy missing SDC location of creation|Category:Cultural heritage monuments in Italy with known IDs|Category:Files with coordinates missing SDC location of creation|Category:Images from Wiki Loves Monuments 2018|Category:Images from Wiki Loves Monuments 2018 in Italy|Category:Images from Wiki Loves Monuments 2018 in Italy - Basilicata|Category:Images from Wiki Loves Monuments missing SDC depicts|Category:Images from Wiki Loves Monuments missing SDC location of creation|Category:Images with watermarks|Category:Italy photographs taken on 2018-09-25|Category:Nature of Policoro|Category:Pinus halepensis in Italy|Category:Self-published work|Category:Solitary trees in Italy|Category:Trees in Basilicata|Category:Trees in Italy in September|Category:Uploaded via Campaign:wlm-it
954,00954.jpg,File:Pino centenario del cortijo moreno.jpg,https://commons.wikimedia.org/wiki/File:Pino_centenario_del_cortijo_moreno.jpg,https://thumb.wikimedia.org/wikipedia/commons/thumb/f/f0/Pino_centenario_del_cortijo_moreno.jpg/1280px-Pino_centenario_del_cortijo_moreno.jpg?utm_source=commons.wikimedia.org&utm_campaign=imageinfo&utm_content=thumbnail,3776,3984,Rubén.huercaldealmeria,CC BY-SA 4.0,,unknown,Category:CC-BY-SA-4.0|Category:July 2022 in the province of Almería|Category:Nature of Huércal de Almería|Category:Self-published work|Category:Solitary trees in Spain|Category:Spain photographs taken on 2022-07-27|Category:Trees in 2022|Category:Trees in the province of Almería
955,00955.jpg,File:Pintura puntana.JPG,https://commons.wikimedia.org/wiki/File:Pintura_puntana.JPG,https://thumb.wikimedia.org/wikipedia/commons/thumb/2/28/Pintura_puntana.JPG/1280px-Pintura_puntana.JPG?utm_source=commons.wikimedia.org&utm_campaign=imageinfo&utm_content=thumbnail,2592,3872,Valentin Bruno,CC BY-SA 4.0,,unknown,Category:CC-BY-SA-4.0|Category:Self-published work|Category:Solitary trees|Category:Taken with Nikon D3000|Category:Unidentified trees|Category:Uploaded via Campaign:Wiki Tour Argentina 2014|Category:Wiki Tour Argentina 2014
956,00956.jpg,File:Pinus-sylvestris-01-fws.jpg,https://commons.wikimedia.org/wiki/File:Pinus-sylvestris-01-fws.jpg,https://thumb.wikimedia.org/wikipedia/commons/thumb/4/44/Pinus-sylvestris-01-fws.jpg/1280px-Pinus-sylvestris-01-fws.jpg?utm_source=commons.wikimedia.org&utm_campaign=imageinfo&utm_content=thumbnail,2136,2984,Francisco Welter-Schultes,CC0,Pinus,conifer,"Category:CC-Zero|Category:Files with coordinates missing SDC location of creation (51° N, 9° E)|Category:Flora of Landkreis Göttingen|Category:Pinales in Germany in July 2017|Category:Pinus sylvestris in Lower Saxony|Category:Pinus sylvestris in the Northern Hemisphere in July 2017|Category:Self-published work|Category:Solitary Pinus sylvestris|Category:Solitary trees in Lower Saxony"
957,00957.jpg,File:Piramide enterrada.jpg,https://commons.wikimedia.org/wiki/File:Piramide_enterrada.jpg,https://thumb.wikimedia.org/wikipedia/commons/thumb/6/6e/Piramide_enterrada.jpg/1280px-Piramide_enterrada.jpg?utm_source=commons.wikimedia.org&utm_campaign=imageinfo&utm_content=thumbnail,5184,3456,Talton12,CC BY-SA 4.0,,unknown,Category:CC-BY-SA-4.0|Category:Cultural heritage monuments in Mexico missing SDC depicts|Category:Cultural heritage monuments in Mexico missing SDC location of creation|Category:Cultural heritage monuments in Mexico with known IDs|Category:El Grillo|Category:Images from Wiki Loves Monuments 2018|Category:Images from Wiki Loves Monuments 2018 in Mexico|Category:Images from Wiki Loves Monuments missing SDC depicts|Category:Images from Wiki Loves Monuments missing SDC location of creation|Category:Mexico photographs taken on 2018-09-25|Category:Self-published work|Category:Solitary trees|Category:Unidentified trees in Mexico|Category:Uploaded via Campaign:wlm-mx
958,00958.jpg,"File:Pittsfield Preserve, Thomas Road, Pittsfield Township, Michigan - panoramio.jpg","https://commons.wikimedia.org/wiki/File:Pittsfield_Preserve,_Thomas_Road,_Pittsfield_Township,_Michigan_-_panoramio.jpg",https://thumb.wikimedia.org/wikipedia/commons/thumb/e/e8/Pittsfield_Preserve%2C_Thomas_Road%2C_Pittsfield_Township%2C_Michigan_-_panoramio.jpg/1280px-Pittsfield_Preserve%2C_Thomas_Road%2C_Pittsfield_Township%2C_Michigan_-_panoramio.jpg?utm_source=commons.wikimedia.org&utm_campaign=imageinfo&utm_content=thumbnail,4752,3168,Dwight Burdette,CC BY 3.0,,unknown,"Category:CC-BY-3.0|Category:Files with coordinates missing SDC location of creation|Category:Media needing category review as of 24 January 2017|Category:Panoramio files uploaded by Panoramio upload bot|Category:Panoramio images reviewed by trusted users|Category:Parks in Michigan|Category:Photos from Panoramio|Category:Photos from Panoramio ID 1847501|Category:Pittsfield Township, Michigan|Category:Solitary trees in the United States|Category:United States photographs taken on 2012-11-15"
959,00959.jpg,File:Planica - tree.JPG,https://commons.wikimedia.org/wiki/File:Planica_-_tree.JPG,https://thumb.wikimedia.org/wikipedia/commons/thumb/b/bc/Planica_-_tree.JPG/1280px-Planica_-_tree.JPG?utm_source=commons.wikimedia.org&utm_campaign=imageinfo&utm_content=thumbnail,3024,4032,Tiia Monto,CC BY-SA 3.0,,unknown,Category:CC-BY-SA-3.0|Category:Files with coordinates missing SDC location of creation|Category:Flora of the Julian Alps|Category:May 2014 in Slovenia|Category:Planica|Category:Self-published work|Category:Solitary trees in Slovenia|Category:Taken with Olympus E-PL1
960,00960.jpg,"File:Platano secolare nel presssi del castello San Martino della Vaneza (San Martino, Cervarese Santa Croce).jpg","https://commons.wikimedia.org/wiki/File:Platano_secolare_nel_presssi_del_castello_San_Martino_della_Vaneza_(San_Martino,_Cervarese_Santa_Croce).jpg",https://thumb.wikimedia.org/wikipedia/commons/thumb/5/50/Platano_secolare_nel_presssi_del_castello_San_Martino_della_Vaneza_%28San_Martino%2C_Cervarese_Santa_Croce%29.jpg/1280px-Platano_secolare_nel_presssi_del_castello_San_Martino_della_Vaneza_%28San_Martino%2C_Cervarese_Santa_Croce%29.jpg?utm_source=commons.wikimedia.org&utm_campaign=imageinfo&utm_content=thumbnail,3456,4608,Threecharlie,CC BY-SA 4.0,Platanus,broadleaf,"Category:CC-BY-SA-4.0|Category:Castello di San Martino della Vaneza (San Martino, Cervarese Santa Croce)|Category:Italy photographs taken on 2021-10-16|Category:Platanus orientalis in Italy|Category:Self-published work|Category:Solitary trees in Italy|Category:Taken with Olympus E-M10 Mark III|Category:Trees in Italy in October|Category:Trees in Veneto"
961,00961.jpg,File:Por do sol de Sorocaba.jpg,https://commons.wikimedia.org/wiki/File:Por_do_sol_de_Sorocaba.jpg,https://upload.wikimedia.org/wikipedia/commons/9/98/Por_do_sol_de_Sorocaba.jpg?utm_source=commons.wikimedia.org&utm_campaign=imageinfo&utm_content=thumbnail_unscaled,640,640,Mah henrrique,CC BY-SA 3.0,,unknown,Category:Brazil photographs taken on 2015-02-22|Category:CC-BY-SA-3.0|Category:Images from Wiki Loves Earth 2015|Category:Images from Wiki Loves Earth 2015 in Brazil|Category:Images from Wiki Loves Earth missing SDC depicts|Category:Images from Wiki Loves Earth missing SDC location of creation|Category:Self-published work|Category:Solitary trees|Category:Uploaded via Campaign:wle-br
962,00962.jpg,File:Porfiryevka 3.JPG,https://commons.wikimedia.org/wiki/File:Porfiryevka_3.JPG,https://thumb.wikimedia.org/wikipedia/commons/thumb/7/78/Porfiryevka_3.JPG/1280px-Porfiryevka_3.JPG?utm_source=commons.wikimedia.org&utm_campaign=imageinfo&utm_content=thumbnail,2816,2112,Kosun,CC0,,unknown,Category:CC-Zero|Category:Clouds and blue sky in Crimea|Category:Crimea photographs taken on 2014-10-20|Category:Porfiryevka|Category:Self-published work|Category:Solitary trees in Ukraine|Category:Taken with Olympus FE-120 / X-700|Category:Views from automobiles in Crimea
963,00963.jpg,"File:Praha, roh Apolinářské a Viniční pod sněhem.JPG","https://commons.wikimedia.org/wiki/File:Praha,_roh_Apolin%C3%A1%C5%99sk%C3%A9_a_Vini%C4%8Dn%C3%AD_pod_sn%C4%9Bhem.JPG",https://thumb.wikimedia.org/wikipedia/commons/thumb/8/80/Praha%2C_roh_Apolin%C3%A1%C5%99sk%C3%A9_a_Vini%C4%8Dn%C3%AD_pod_sn%C4%9Bhem.JPG/1280px-Praha%2C_roh_Apolin%C3%A1%C5%99sk%C3%A9_a_Vini%C4%8Dn%C3%AD_pod_sn%C4%9Bhem.JPG?utm_source=commons.wikimedia.org&utm_campaign=imageinfo&utm_content=thumbnail,4416,3312,Juan de Vojníkov,CC BY-SA 3.0,,unknown,Category:Apolinářská|Category:CC-BY-SA-3.0|Category:Czech Republic photographs taken on 2010-01-09|Category:Files by Juandev|Category:Files by Juandev lacking geographic coordinates|Category:Solitary trees in the Czech Republic|Category:Taken with Canon PowerShot G10|Category:Trees in January 2010|Category:Trees in New Town (Prague)|Category:Unidentified trees in the Czech Republic|Category:Viničná (Prague)|Category:Winter 2009-2010 in Prague
964,00964.jpg,File:Presa de Galo.jpg,https://commons.wikimedia.org/wiki/File:Presa_de_Galo.jpg,https://upload.wikimedia.org/wikipedia/commons/d/df/Presa_de_Galo.jpg?utm_source=commons.wikimedia.org&utm_campaign=imageinfo&utm_content=thumbnail_unscaled,640,640,Isidro Mariscal,CC BY-SA 4.0,,unknown,Category:CC-BY-SA-4.0|Category:Lake shores|Category:Lakes of Jalisco|Category:Reservoirs in Mexico|Category:Self-published work|Category:Solitary trees
965,00965.jpg,File:Prosopis cineraria - Khejri.jpg,https://commons.wikimedia.org/wiki/File:Prosopis_cineraria_-_Khejri.jpg,https://thumb.wikimedia.org/wikipedia/commons/thumb/7/78/Prosopis_cineraria_-_Khejri.jpg/1280px-Prosopis_cineraria_-_Khejri.jpg?utm_source=commons.wikimedia.org&utm_campaign=imageinfo&utm_content=thumbnail,2304,3072,LRBurdak,CC BY-SA 4.0,,unknown,"Category:CC-BY-SA-4.0,3.0,2.5,2.0,1.0|Category:Fabaceae in India in April 2008|Category:GFDL|Category:License migration redundant|Category:Mimosoideae in the Northern Hemisphere in April 2008|Category:Prosopis cineraria in Rajasthan|Category:Self-published work|Category:Solitary trees|Category:Taken with Sony DSC-W35|Category:Thar Desert (Rajasthan)"
966,00966.jpg,File:Proud of my afro.jpg,https://commons.wikimedia.org/wiki/File:Proud_of_my_afro.jpg,https://thumb.wikimedia.org/wikipedia/commons/thumb/0/0a/Proud_of_my_afro.jpg/1280px-Proud_of_my_afro.jpg?utm_source=commons.wikimedia.org&utm_campaign=imageinfo&utm_content=thumbnail,5423,3615,Andreabdrums,CC BY-SA 4.0,,unknown,Category:CC-BY-SA-4.0|Category:Images from Wiki Loves Earth 2019|Category:Images from Wiki Loves Earth 2019 in Italy|Category:Images from Wiki Loves Earth 2019 in Italy - Piedmont|Category:Images from Wiki Loves Earth missing SDC depicts|Category:Images from Wiki Loves Earth missing SDC location of creation|Category:Italy photographs taken on 2015-10-23|Category:Riserva naturale delle Baragge|Category:Self-published work|Category:Solitary trees in Italy|Category:Trees in Italy in October|Category:Trees in Piedmont|Category:Unidentified trees in Italy|Category:Uploaded via Campaign:wle-it
967,00967.jpg,File:Public Park in an unknown location - but for how long???? (16223850072).jpg,https://commons.wikimedia.org/wiki/File:Public_Park_in_an_unknown_location_-_but_for_how_long%3F%3F%3F%3F_(16223850072).jpg,https://thumb.wikimedia.org/wikipedia/commons/thumb/c/cc/Public_Park_in_an_unknown_location_-_but_for_how_long%3F%3F%3F%3F_%2816223850072%29.jpg/1280px-Public_Park_in_an_unknown_location_-_but_for_how_long%3F%3F%3F%3F_%2816223850072%29.jpg?utm_source=commons.wikimedia.org&utm_campaign=imageinfo&utm_content=thumbnail,2000,1513,National Library of Ireland on The Commons,No restrictions,Fraxinus,broadleaf,Category:Black and white photographs of fountains|Category:Black and white photographs of trees|Category:Drinking|Category:Files from Flickr's 'The Commons'|Category:Files with coordinates missing SDC location of creation|Category:Flickr images reviewed by FlickreviewR|Category:Fountains in Ireland|Category:Fraxinus excelsior 'Pendula'|Category:Images from the National Library of Ireland|Category:Ireland in the 1900s|Category:Parks in Dublin|Category:Parks in the Republic of Ireland|Category:Sandymount|Category:Solitary trees|Category:Spats
968,00968.jpg,File:Puu.JPG,https://commons.wikimedia.org/wiki/File:Puu.JPG,https://thumb.wikimedia.org/wikipedia/commons/thumb/3/3c/Puu.JPG/1280px-Puu.JPG?utm_source=commons.wikimedia.org&utm_campaign=imageinfo&utm_content=thumbnail,2592,1728,Katre2,CC BY-SA 3.0,,unknown,Category:CC-BY-SA-3.0|Category:Self-published work|Category:Solitary trees|Category:Taken with Canon EOS 600D
969,00969.jpg,File:Puu1.JPG,https://commons.wikimedia.org/wiki/File:Puu1.JPG,https://thumb.wikimedia.org/wikipedia/commons/thumb/5/58/Puu1.JPG/1280px-Puu1.JPG?utm_source=commons.wikimedia.org&utm_campaign=imageinfo&utm_content=thumbnail,1728,2592,Katre2,CC BY-SA 3.0,,unknown,Category:CC-BY-SA-3.0|Category:Self-published work|Category:Solitary trees|Category:Taken with Canon EOS 600D
970,00970.jpg,File:Puu3.JPG,https://commons.wikimedia.org/wiki/File:Puu3.JPG,https://thumb.wikimedia.org/wikipedia/commons/thumb/8/8d/Puu3.JPG/1280px-Puu3.JPG?utm_source=commons.wikimedia.org&utm_campaign=imageinfo&utm_content=thumbnail,1728,2592,Katre2,CC BY-SA 3.0,,unknown,Category:CC-BY-SA-3.0|Category:Mist (visible atmospheric water)|Category:Self-published work|Category:Solitary trees|Category:Stratus clouds|Category:Taken with Canon EOS 600D|Category:Unidentified trees
971,00971.jpg,File:Puźna Jesień.JPG,https://commons.wikimedia.org/wiki/File:Pu%C5%BAna_Jesie%C5%84.JPG,https://thumb.wikimedia.org/wikipedia/commons/thumb/4/40/Pu%C5%BAna_Jesie%C5%84.JPG/1280px-Pu%C5%BAna_Jesie%C5%84.JPG?utm_source=commons.wikimedia.org&utm_campaign=imageinfo&utm_content=thumbnail,2592,1936,Zibiberti,CC BY-SA 3.0 pl,Acer,broadleaf,Category:Acer in October|Category:CC-BY-SA-3.0-PL|Category:Dolina Dolnej Baryczy|Category:Files with coordinates missing SDC location of creation|Category:Images from Wiki Loves Earth 2015|Category:Images from Wiki Loves Earth 2015 in Poland|Category:Images from Wiki Loves Earth missing SDC depicts|Category:Images from Wiki Loves Earth missing SDC location of creation|Category:Nature of Lower Silesian Voivodeship|Category:Poland photographs taken on 2013-10-08|Category:Self-published work|Category:Solitary trees in Poland|Category:Uploaded via Campaign:wle-pl-natura
972,00972.jpg,File:Pza Fte Dorada.jpg,https://commons.wikimedia.org/wiki/File:Pza_Fte_Dorada.jpg,https://thumb.wikimedia.org/wikipedia/commons/thumb/a/a2/Pza_Fte_Dorada.jpg/1280px-Pza_Fte_Dorada.jpg?utm_source=commons.wikimedia.org&utm_campaign=imageinfo&utm_content=thumbnail,4608,3456,MiguelAlanCS,CC BY-SA 4.0,,unknown,"Category:2020 in Valladolid|Category:Alegoría de los gremios|Category:Ambiguous location in EXIF|Category:CC-BY-SA-4.0|Category:Files by User:MiguelAlanCS|Category:Images with extracted images|Category:January 2020 in the province of Valladolid|Category:Pavements in Castile and León|Category:Plaza de Fuente Dorada, Valladolid|Category:Solitary trees in Spain|Category:Spain photographs taken on 2020-01-29|Category:Trees in the province of Valladolid|Category:Uploaded with VicuñaUploader"
973,00973.jpg,File:Quiver Tree (37459072610).jpg,https://commons.wikimedia.org/wiki/File:Quiver_Tree_(37459072610).jpg,https://thumb.wikimedia.org/wikipedia/commons/thumb/c/cb/Quiver_Tree_%2837459072610%29.jpg/1280px-Quiver_Tree_%2837459072610%29.jpg?utm_source=commons.wikimedia.org&utm_campaign=imageinfo&utm_content=thumbnail,5472,3648,Sonse,CC BY 2.0,,unknown,Category:Aloidendron dichotomum|Category:CC-BY-2.0|Category:Flickr images reviewed by FlickreviewR 2|Category:Flora of Namibia|Category:Solitary trees in Namibia|Category:Trees in November 2017
974,00974.jpg,File:Quiver Trees Bloedkoppe Namibia (148493289).jpeg,https://commons.wikimedia.org/wiki/File:Quiver_Trees_Bloedkoppe_Namibia_(148493289).jpeg,https://thumb.wikimedia.org/wikipedia/commons/thumb/b/b3/Quiver_Trees_Bloedkoppe_Namibia_%28148493289%29.jpeg/1280px-Quiver_Trees_Bloedkoppe_Namibia_%28148493289%29.jpeg?utm_source=commons.wikimedia.org&utm_campaign=imageinfo&utm_content=thumbnail,2048,1365,Xenia Ivanoff Erb,CC BY-SA 3.0,,unknown,Category:Aloidendron dichotomum|Category:Bloedkoppe|Category:CC-BY-SA-3.0|Category:Landscapes of Namibia|Category:Photos imported with import-500px|Category:Solitary trees in Namibia
975,00975.jpg,File:Rebollu de Bermiegu.JPG,https://commons.wikimedia.org/wiki/File:Rebollu_de_Bermiegu.JPG,https://thumb.wikimedia.org/wikipedia/commons/thumb/4/47/Rebollu_de_Bermiegu.JPG/1280px-Rebollu_de_Bermiegu.JPG?utm_source=commons.wikimedia.org&utm_campaign=imageinfo&utm_content=thumbnail,1632,1224,Daniel Arboleya,Public domain,,unknown,Category:Bermiego|Category:PD-self|Category:Self-published work|Category:Solitary trees in Spain
976,00976.jpg,File:Rehnice naves.jpg,https://commons.wikimedia.org/wiki/File:Rehnice_naves.jpg,https://thumb.wikimedia.org/wikipedia/commons/thumb/1/18/Rehnice_naves.jpg/1280px-Rehnice_naves.jpg?utm_source=commons.wikimedia.org&utm_campaign=imageinfo&utm_content=thumbnail,3264,2448,JiriMatejicek,CC BY-SA 3.0,,unknown,Category:CC-BY-SA-3.0|Category:Files with coordinates missing SDC location of creation|Category:Fire ponds in Czechia|Category:Mediagrant|Category:Mediagrant:Foto českých obcí|Category:Outdoor swimming pools in Mladá Boleslav District|Category:Ponds in Mladá Boleslav District|Category:Reservoirs in Mladá Boleslav District|Category:Solitary trees in the Czech Republic|Category:Trees in Mladá Boleslav District|Category:Uploaded with VicuñaUploader|Category:Village greens in the Czech Republic|Category:Řehnice (Krnsko)
977,00977.jpg,File:Reserve samburu faune 2.jpg,https://commons.wikimedia.org/wiki/File:Reserve_samburu_faune_2.jpg,https://thumb.wikimedia.org/wikipedia/commons/thumb/d/d0/Reserve_samburu_faune_2.jpg/1280px-Reserve_samburu_faune_2.jpg?utm_source=commons.wikimedia.org&utm_campaign=imageinfo&utm_content=thumbnail,3888,2592,"""Daniel Fafard (Dreamdan)""",CC BY-SA 3.0,Vachellia,broadleaf,"Category:CC-BY-SA-3.0,2.5,2.0,1.0|Category:Dirt roads in Kenya|Category:GFDL|Category:Kenya photographs taken on 2009-10-13|Category:Landscapes of Samburu National Reserve|Category:License migration redundant|Category:Loxodonta africana in Samburu National Reserve|Category:Mammals facing left|Category:Self-published work|Category:Solitary trees|Category:Taken with Canon EOS 400D|Category:Vachellia abyssinica"
978,00978.jpg,"File:Revbyntsi, Cherkas'ka oblast, Ukraine, 19943 - panoramio (37).jpg","https://commons.wikimedia.org/wiki/File:Revbyntsi,_Cherkas%27ka_oblast,_Ukraine,_19943_-_panoramio_(37).jpg",https://thumb.wikimedia.org/wikipedia/commons/thumb/d/d9/Revbyntsi%2C_Cherkas%27ka_oblast%2C_Ukraine%2C_19943_-_panoramio_%2837%29.jpg/1280px-Revbyntsi%2C_Cherkas%27ka_oblast%2C_Ukraine%2C_19943_-_panoramio_%2837%29.jpg?utm_source=commons.wikimedia.org&utm_campaign=imageinfo&utm_content=thumbnail,3072,2048,durik1980,CC BY 3.0,,unknown,Category:CC-BY-3.0|Category:Curbstones in Ukraine|Category:Files with coordinates missing SDC location of creation|Category:May 2008 in Cherkasy Oblast|Category:Panoramio files uploaded by Panoramio upload bot|Category:Panoramio images reviewed by trusted users|Category:Photos from Panoramio|Category:Photos from Panoramio ID 4472746|Category:Puddles in Cherkasy Oblast|Category:Revbyntsi|Category:Solitary trees in Ukraine|Category:Steles in Ukraine|Category:Taken with Samsung S760|Category:Ukraine photographs taken on 2008-05-28|Category:Wooden crosses in Cherkasy Oblast
979,00979.jpg,File:Rhone-Ebene zwischen Fully und Saxon.JPG,https://commons.wikimedia.org/wiki/File:Rhone-Ebene_zwischen_Fully_und_Saxon.JPG,https://thumb.wikimedia.org/wikipedia/commons/thumb/2/23/Rhone-Ebene_zwischen_Fully_und_Saxon.JPG/1280px-Rhone-Ebene_zwischen_Fully_und_Saxon.JPG?utm_source=commons.wikimedia.org&utm_campaign=imageinfo&utm_content=thumbnail,4496,3000,Joris Egger,CC BY-SA 4.0,,unknown,Category:CC-BY-SA-4.0|Category:Canals in Switzerland|Category:Charrat|Category:Concrete bridges in Switzerland|Category:Files with coordinates missing SDC location of creation|Category:Forests in the canton of Valais|Category:Hedges in Switzerland|Category:Images by Joris Egger|Category:Orchards in Switzerland|Category:Self-published work|Category:Solitary trees in Switzerland|Category:Urban sprawl|Category:Vineyards in the canton of Valais|Category:Wind turbines in Switzerland
980,00980.jpg,"File:Ringve botaniske hage foto-Åge Hojem, NTNU Vitenskapsmuseet dsc9324 (15100600117).jpg","https://commons.wikimedia.org/wiki/File:Ringve_botaniske_hage_foto-%C3%85ge_Hojem,_NTNU_Vitenskapsmuseet_dsc9324_(15100600117).jpg",https://thumb.wikimedia.org/wikipedia/commons/thumb/4/46/Ringve_botaniske_hage_foto-%C3%85ge_Hojem%2C_NTNU_Vitenskapsmuseet_dsc9324_%2815100600117%29.jpg/1280px-Ringve_botaniske_hage_foto-%C3%85ge_Hojem%2C_NTNU_Vitenskapsmuseet_dsc9324_%2815100600117%29.jpg?utm_source=commons.wikimedia.org&utm_campaign=imageinfo&utm_content=thumbnail,3996,4506,NTNU Vitenskapsmuseet,CC BY 2.0,Quercus,broadleaf,Category:CC-BY-2.0|Category:Files from NTNU Vitenskapsmuseet Flickr stream|Category:Files with coordinates missing SDC location of creation|Category:Flickr images missing SDC published in|Category:Flickr images reviewed by FlickreviewR|Category:July 2013 in Trondheim|Category:Norway photographs taken on 2013-07-04|Category:Quercus robur cultivars|Category:Quercus robur in Norway|Category:Ringve Museum|Category:Solitary trees in Norway|Category:Taken with Nikon D3x
981,00981.jpg,File:Rykantu azuolas.jpg,https://commons.wikimedia.org/wiki/File:Rykantu_azuolas.jpg,https://upload.wikimedia.org/wikipedia/commons/a/af/Rykantu_azuolas.jpg?utm_source=commons.wikimedia.org&utm_campaign=imageinfo&utm_content=thumbnail_unscaled,669,1000,Kontis Šatūnas,Public domain,,unknown,Category:Files with coordinates missing SDC location of creation|Category:Greitkelis A1|Category:On OSM|Category:PD-self|Category:Self-published work|Category:Solitary trees in Lithuania|Category:Taken with Nikon D60|Category:Transport companies in Lithuania
982,00982.jpg,File:SMamededeCastroCarballo.jpg,https://commons.wikimedia.org/wiki/File:SMamededeCastroCarballo.jpg,https://thumb.wikimedia.org/wikipedia/commons/thumb/8/83/SMamededeCastroCarballo.jpg/1280px-SMamededeCastroCarballo.jpg?utm_source=commons.wikimedia.org&utm_campaign=imageinfo&utm_content=thumbnail,2322,3382,Satna,CC BY-SA 4.0,Olea,broadleaf,"Category:August 2016 in the province of Lugo|Category:CC-BY-SA-4.0|Category:Castro, Paradela|Category:Olea europaea in Spain|Category:Self-published work|Category:Solitary trees in Spain|Category:Spain photographs taken on 2016-08-13|Category:Trees in the province of Lugo"
983,00983.jpg,File:Sabana del Sur del Estado Monagas.jpg,https://commons.wikimedia.org/wiki/File:Sabana_del_Sur_del_Estado_Monagas.jpg,https://thumb.wikimedia.org/wikipedia/commons/thumb/f/f2/Sabana_del_Sur_del_Estado_Monagas.jpg/1280px-Sabana_del_Sur_del_Estado_Monagas.jpg?utm_source=commons.wikimedia.org&utm_campaign=imageinfo&utm_content=thumbnail,3648,2736,Cesar Pérez,CC BY-SA 4.0,,unknown,Category:Ardea alba in Venezuela|Category:Birds of Monagas|Category:CC-BY-SA-4.0|Category:Landscapes of Monagas|Category:Llanos|Category:Orinoco Wetlands Ecoregion|Category:Photographs by Cesar Pérez|Category:Photographs taken on 2016-09-10|Category:Self-published work|Category:September 2016 in Venezuela|Category:Solitary trees in Venezuela|Category:Trees in Monagas
984,00984.jpg,File:Sabiow.jpg,https://commons.wikimedia.org/wiki/File:Sabiow.jpg,https://upload.wikimedia.org/wikipedia/commons/d/d9/Sabiow.jpg?utm_source=commons.wikimedia.org&utm_campaign=imageinfo&utm_content=thumbnail_unscaled,640,640,Abdimalik yare,CC BY-SA 4.0,,unknown,Category:Animal tracks on sand|Category:CC-BY-SA-4.0|Category:Self-published work|Category:Solitary trees|Category:Sunsets in unidentified locations|Category:Trees at sunset|Category:Unidentified desert locations|Category:Unidentified trees
985,00985.jpg,File:Sad Sunset (2558339203).jpg,https://commons.wikimedia.org/wiki/File:Sad_Sunset_(2558339203).jpg,https://thumb.wikimedia.org/wikipedia/commons/thumb/0/06/Sad_Sunset_%282558339203%29.jpg/1280px-Sad_Sunset_%282558339203%29.jpg?utm_source=commons.wikimedia.org&utm_campaign=imageinfo&utm_content=thumbnail,1287,861,"Anderson Mancini from Sao Paulo, Brazil",CC BY 2.0,,unknown,Category:CC-BY-2.0|Category:Flickr images reviewed by FlickreviewR 2|Category:Shadows|Category:Solitary trees
986,00986.jpg,"File:Safari vehicle parked under acacia tree on savanna, Maasai Mara, Kenya.jpg","https://commons.wikimedia.org/wiki/File:Safari_vehicle_parked_under_acacia_tree_on_savanna,_Maasai_Mara,_Kenya.jpg",https://thumb.wikimedia.org/wikipedia/commons/thumb/c/c2/Safari_vehicle_parked_under_acacia_tree_on_savanna%2C_Maasai_Mara%2C_Kenya.jpg/1280px-Safari_vehicle_parked_under_acacia_tree_on_savanna%2C_Maasai_Mara%2C_Kenya.jpg?utm_source=commons.wikimedia.org&utm_campaign=imageinfo&utm_content=thumbnail,4048,2560,Daniel Case,CC BY-SA 4.0,Vachellia,broadleaf,Category:CC-BY-SA-4.0|Category:GFDL|Category:Kenya photographs taken on 2025-08-21|Category:Landscapes of Kenya|Category:License migration redundant|Category:Parked automobiles|Category:Safari vehicles in Kenya|Category:Self-published work|Category:Solitary trees|Category:Three-quarter views of Toyota automobiles|Category:Trees in Masai Mara|Category:Vachellia abyssinica
987,00987.jpg,File:Sajjangarh Wilde Life Sanctuary View from Badi Lake.jpg,https://commons.wikimedia.org/wiki/File:Sajjangarh_Wilde_Life_Sanctuary_View_from_Badi_Lake.jpg,https://thumb.wikimedia.org/wikipedia/commons/thumb/7/7e/Sajjangarh_Wilde_Life_Sanctuary_View_from_Badi_Lake.jpg/1280px-Sajjangarh_Wilde_Life_Sanctuary_View_from_Badi_Lake.jpg?utm_source=commons.wikimedia.org&utm_campaign=imageinfo&utm_content=thumbnail,5184,3456,Mansanyas,CC BY-SA 4.0,,unknown,Category:Aravalli Range in Rajasthan|Category:Badi Lake|Category:CC-BY-SA-4.0|Category:Flora of Udaipur|Category:Images from Wiki Loves Earth 2016|Category:Images from Wiki Loves Earth 2016 in India|Category:Images from Wiki Loves Earth missing SDC depicts|Category:Images from Wiki Loves Earth missing SDC location of creation|Category:India photographs taken on 2015-03-09|Category:March 2015 in Rajasthan|Category:Sajjangarh Biological Park|Category:Self-published work|Category:Solitary trees in India|Category:Trees in Rajasthan|Category:Uploaded via Campaign:wle-in
988,00988.jpg,File:Salax alba Latvia.jpg,https://commons.wikimedia.org/wiki/File:Salax_alba_Latvia.jpg,https://thumb.wikimedia.org/wikipedia/commons/thumb/2/2e/Salax_alba_Latvia.jpg/1280px-Salax_alba_Latvia.jpg?utm_source=commons.wikimedia.org&utm_campaign=imageinfo&utm_content=thumbnail,2816,2112,Chmee2,CC BY-SA 3.0,Salix,broadleaf,"Category:CC-BY-SA-2.5,2.0,1.0|Category:CC-BY-SA-3.0-migrated|Category:Files by User:Chmee2|Category:Files by User:Chmee2 from Baltic states|Category:GFDL|Category:License migration redundant|Category:Salix alba|Category:Self-published work|Category:Solitary trees in Latvia|Category:Taken with Casio Exilim EX-Z110"
989,00989.jpg,"File:Saman de la Plaza Bolívar, La Pica.jpg","https://commons.wikimedia.org/wiki/File:Saman_de_la_Plaza_Bol%C3%ADvar,_La_Pica.jpg",https://thumb.wikimedia.org/wikipedia/commons/thumb/7/7a/Saman_de_la_Plaza_Bol%C3%ADvar%2C_La_Pica.jpg/1280px-Saman_de_la_Plaza_Bol%C3%ADvar%2C_La_Pica.jpg?utm_source=commons.wikimedia.org&utm_campaign=imageinfo&utm_content=thumbnail,2592,1944,Jacqueline Campo,CC BY-SA 3.0,Samanea,broadleaf,Category:2013 in Maturín|Category:CC-BY-SA-3.0|Category:Photographs taken on 2013-09-11|Category:Plaza Bolívar (La Pica)|Category:Samanea saman|Category:Self-published work|Category:September 2013 Venezuela photographs|Category:Solitary trees in Venezuela|Category:Streets in Monagas|Category:Trees in Monagas|Category:Trees in September 2013
990,00990.jpg,"File:Samburu National Reserve landscape with solitary acacia and distant mountain, Kenya.jpg","https://commons.wikimedia.org/wiki/File:Samburu_National_Reserve_landscape_with_solitary_acacia_and_distant_mountain,_Kenya.jpg",https://thumb.wikimedia.org/wikipedia/commons/thumb/0/0a/Samburu_National_Reserve_landscape_with_solitary_acacia_and_distant_mountain%2C_Kenya.jpg/1280px-Samburu_National_Reserve_landscape_with_solitary_acacia_and_distant_mountain%2C_Kenya.jpg?utm_source=commons.wikimedia.org&utm_campaign=imageinfo&utm_content=thumbnail,7088,4624,Daniel Case,CC BY-SA 4.0,Vachellia,broadleaf,Category:CC-BY-SA-4.0|Category:Clouds and blue sky in Kenya|Category:Files with coordinates missing SDC location of creation|Category:GFDL|Category:Kenya photographs taken on 2025-08-16|Category:Landscapes of Samburu National Reserve|Category:License migration redundant|Category:Media with estimated locations|Category:Mountains of Kenya|Category:Self-published work|Category:Solitary trees|Category:Vachellia abyssinica
991,00991.jpg,File:Samotne drzewo. Lonely tree. - panoramio.jpg,https://commons.wikimedia.org/wiki/File:Samotne_drzewo._Lonely_tree._-_panoramio.jpg,https://thumb.wikimedia.org/wikipedia/commons/thumb/6/6f/Samotne_drzewo._Lonely_tree._-_panoramio.jpg/1280px-Samotne_drzewo._Lonely_tree._-_panoramio.jpg?utm_source=commons.wikimedia.org&utm_campaign=imageinfo&utm_content=thumbnail,1600,1200,Rafał Klisowski,CC BY-SA 3.0,,unknown,Category:CC-BY-SA-3.0|Category:Fields in Poland|Category:Files with coordinates missing SDC location of creation|Category:Godaszewice|Category:Panoramio files uploaded by Panoramio upload bot|Category:Panoramio images reviewed by trusted users|Category:Photos from Panoramio|Category:Poland photographs taken on 2008-06-15|Category:Solitary trees in Poland
992,00992.jpg,File:San Giacomo di Brentonico - Prato.jpg,https://commons.wikimedia.org/wiki/File:San_Giacomo_di_Brentonico_-_Prato.jpg,https://thumb.wikimedia.org/wikipedia/commons/thumb/4/43/San_Giacomo_di_Brentonico_-_Prato.jpg/1280px-San_Giacomo_di_Brentonico_-_Prato.jpg?utm_source=commons.wikimedia.org&utm_campaign=imageinfo&utm_content=thumbnail,4000,3000,Syrio,CC BY-SA 4.0,,unknown,"Category:CC-BY-SA-4.0|Category:Meadows in Italy|Category:Photos of fields, parks and gardens by User:Syrio|Category:San Giacomo (Brentonico)|Category:Self-published work|Category:Solitary trees in Italy"
993,00993.jpg,File:San Martín de Montalbán (2006) 02.jpg,https://commons.wikimedia.org/wiki/File:San_Mart%C3%ADn_de_Montalb%C3%A1n_(2006)_02.jpg,https://upload.wikimedia.org/wikipedia/commons/3/3e/San_Mart%C3%ADn_de_Montalb%C3%A1n_%282006%29_02.jpg?utm_source=commons.wikimedia.org&utm_campaign=imageinfo&utm_content=thumbnail_unscaled,1070,708,LBM1948,CC BY-SA 4.0,,unknown,Category:CC-BY-SA-4.0|Category:Fields in the province of Toledo|Category:Grain fields in Spain|Category:May 2006 in the province of Toledo|Category:Montes de Toledo|Category:Photographs by LBM1948|Category:San Martín de Montalbán|Category:Self-published work|Category:Solitary trees in Spain
994,00994.jpg,File:Santo-island-living-4.jpg,https://commons.wikimedia.org/wiki/File:Santo-island-living-4.jpg,https://thumb.wikimedia.org/wikipedia/commons/thumb/1/12/Santo-island-living-4.jpg/1280px-Santo-island-living-4.jpg?utm_source=commons.wikimedia.org&utm_campaign=imageinfo&utm_content=thumbnail,4226,2807,Graham Crumb,CC BY-SA 3.0,,unknown,Category:CC-BY-SA-3.0|Category:Coasts of Vanuatu|Category:Deciduous trees|Category:Espiritu Santo Island (Vanuatu)|Category:Files from Imagicity.com|Category:Graham Crumb|Category:Solitary trees|Category:Taken with Nikon D90|Category:Unidentified trees
995,00995.jpg,File:Sascha Grosser - Moor haltern westruper heide maerz17 b5 m1024 hdr collyx3e.jpg,https://commons.wikimedia.org/wiki/File:Sascha_Grosser_-_Moor_haltern_westruper_heide_maerz17_b5_m1024_hdr_collyx3e.jpg,https://upload.wikimedia.org/wikipedia/commons/0/00/Sascha_Grosser_-_Moor_haltern_westruper_heide_maerz17_b5_m1024_hdr_collyx3e.jpg?utm_source=commons.wikimedia.org&utm_campaign=imageinfo&utm_content=thumbnail_unscaled,1024,682,Sascha Grosser,CC BY-SA 4.0,,unknown,Category:2017 in Haltern am See|Category:CC-BY-SA-4.0|Category:Naturschutzgebiet Westruper Heide (Haltern am See)|Category:Self-published work|Category:Solitary trees
996,00996.jpg,File:Sascha Grosser - Westruper kiefernbaum ttgtft1 m1024 hdr pinky.jpg,https://commons.wikimedia.org/wiki/File:Sascha_Grosser_-_Westruper_kiefernbaum_ttgtft1_m1024_hdr_pinky.jpg,https://upload.wikimedia.org/wikipedia/commons/5/54/Sascha_Grosser_-_Westruper_kiefernbaum_ttgtft1_m1024_hdr_pinky.jpg?utm_source=commons.wikimedia.org&utm_campaign=imageinfo&utm_content=thumbnail_unscaled,1024,682,Sascha Grosser,CC BY-SA 4.0,,unknown,Category:2017 in Haltern am See|Category:CC-BY-SA-4.0|Category:Naturschutzgebiet Westruper Heide (Haltern am See)|Category:Self-published work|Category:Solitary trees
997,00997.jpg,"File:Satu Pohon, Satu kehidupan.jpg","https://commons.wikimedia.org/wiki/File:Satu_Pohon,_Satu_kehidupan.jpg",https://thumb.wikimedia.org/wikipedia/commons/thumb/8/8f/Satu_Pohon%2C_Satu_kehidupan.jpg/1280px-Satu_Pohon%2C_Satu_kehidupan.jpg?utm_source=commons.wikimedia.org&utm_campaign=imageinfo&utm_content=thumbnail,6000,4000,Emjeha,CC BY-SA 4.0,,unknown,Category:Bekol Savanna|Category:CC-BY-SA-4.0|Category:Flora of Baluran National Park|Category:Images from Wiki Loves Earth 2017|Category:Images from Wiki Loves Earth 2017 in Indonesia|Category:Indonesia photographs taken on 2016-09-18|Category:Macaca fascicularis in Indonesia|Category:Mammals of Baluran National Park|Category:Primates in trees|Category:Reviewed pictures Round I Wiki Loves Earth 2017 in Indonesia|Category:Reviewed pictures Round II Wiki Loves Earth 2017 in Indonesia|Category:Self-published work|Category:Solitary trees|Category:Unidentified trees in Indonesia|Category:Uploaded via Campaign:wle-id
998,00998.jpg,File:Sauraha-058.JPG,https://commons.wikimedia.org/wiki/File:Sauraha-058.JPG,https://thumb.wikimedia.org/wikipedia/commons/thumb/a/a8/Sauraha-058.JPG/1280px-Sauraha-058.JPG?utm_source=commons.wikimedia.org&utm_campaign=imageinfo&utm_content=thumbnail,1488,1984,Sigismund von Dobschütz,CC BY-SA 3.0,,unknown,"Category:Bare trees in Nepal|Category:CC-BY-SA-2.5,2.0,1.0|Category:CC-BY-SA-3.0-migrated|Category:GFDL|Category:License migration redundant|Category:Self-published work|Category:Solitary trees"
999,00999.jpg,File:Savica Waterfall.jpg,https://commons.wikimedia.org/wiki/File:Savica_Waterfall.jpg,https://upload.wikimedia.org/wikipedia/commons/3/34/Savica_Waterfall.jpg?utm_source=commons.wikimedia.org&utm_campaign=imageinfo&utm_content=thumbnail_unscaled,1232,1840,"Nigel's Europe from Birmingham, UK",CC BY-SA 2.0,,unknown,Category:CC-BY-SA-2.0|Category:Flickr images reviewed by File Upload Bot (Magnus Manske)|Category:Plunge pool of Savica Falls|Category:Savica Falls|Category:Solitary trees|Category:Trees in Bohinj
1000,01000.jpg,File:Sb0034 neat.jpg,https://commons.wikimedia.org/wiki/File:Sb0034_neat.jpg,https://thumb.wikimedia.org/wikipedia/commons/thumb/0/0d/Sb0034_neat.jpg/1280px-Sb0034_neat.jpg?utm_source=commons.wikimedia.org&utm_campaign=imageinfo&utm_content=thumbnail,1600,1066,Nevit Dilmen,CC BY-SA 3.0,,unknown,Category:Bare trees in Turkey|Category:Black and white photographs of Turkey|Category:Black and white photographs of trees|Category:CC-BY-SA-3.0-migrated|Category:GFDL|Category:License migration completed|Category:Nevit Dilmen|Category:Photographic silhouettes of trees|Category:Self-published work|Category:Solitary trees in Turkey|Category:Unidentified trees
